# https://github.com/mikedh/trimesh
v 0.02233908 -0.00649965 -0.01311472
v 0.02515041 -0.00649986 -0.01115510
v 0.01470506 -0.00654571 -0.01099984
v 0.02990824 -0.00649989 -0.01629872
v 0.02730956 -0.00650028 -0.01948226
v 0.03006834 -0.00649989 -0.02727243
v -0.02635439 -0.00649992 -0.05194865
v -0.03226933 -0.00649987 -0.03240602
v -0.03186323 -0.00649992 -0.05172660
v -0.03446366 -0.00649992 -0.03102129
v -0.03213921 -0.00649992 -0.02494308
v -0.03786716 -0.00649992 -0.03086725
v -0.03776874 -0.00649992 -0.02523044
v 0.02491835 -0.00649998 -0.02050881
v 0.02300861 -0.00649992 -0.04700713
v 0.02517914 -0.00649992 -0.04831564
v 0.03147905 -0.00649992 -0.02905118
v -0.02149826 -0.00650016 -0.01934647
v -0.02408103 -0.00649999 -0.02050881
v -0.02620842 -0.00650002 -0.02015146
v -0.02787880 -0.00649990 -0.01871676
v -0.03013494 -0.00649992 -0.02322046
v 0.02279094 -0.00650002 -0.02015146
v 0.02079470 -0.00649984 -0.01829494
v 0.02062094 -0.00650003 -0.01506484
v 0.01129045 -0.00649519 -0.01099983
v -0.02584278 -0.00649992 -0.04886423
v 0.02854100 -0.00649988 -0.01676142
v 0.02835240 -0.00649989 -0.01345034
v -0.02043341 -0.00650036 -0.01552389
v 0.01129045 -0.00649519 -0.01099983
v -0.01134276 -0.00659075 -0.01099986
v -0.02043341 -0.00650036 -0.01552389
v -0.01134276 -0.00659075 -0.01099986
v -0.01472850 -0.00649049 -0.01094006
v -0.02854100 -0.00649989 -0.01623816
v -0.02982821 -0.00649985 -0.01600030
v -0.02043341 -0.00650036 -0.01552389
v 0.01129045 -0.00649519 -0.01099983
v 0.02062094 -0.00650003 -0.01506484
v 0.01470506 -0.00654571 -0.01099984
v -0.01472850 -0.00649049 -0.01094006
v -0.02478393 -0.00649990 -0.01117578
v -0.02291139 -0.00649950 -0.01272056
v -0.02773160 -0.00650001 -0.01277578
v 0.01470506 -0.00654571 -0.01099984
v 0.02233908 -0.00649965 -0.01311472
v 0.02564253 -0.00649992 -0.05178504
v 0.03131040 -0.00649992 -0.05187771
v -0.02413529 -0.00649992 -0.04715486
v -0.02596977 -0.00649998 -0.01269596
v -0.02768060 -0.00649987 -0.01400110
v 0.02741379 -0.00649993 -0.01356627
v 0.02515041 -0.00649986 -0.01115510
v 0.02456803 -0.00650036 -0.01240918
v -0.02521635 -0.00299889 -0.01251607
v -0.02783964 -0.00299877 -0.01390802
v -0.02883209 -0.00300005 -0.01398839
v -0.02635865 -0.00299968 -0.02009233
v -0.02347079 -0.00299960 -0.02044284
v -0.03021821 -0.00299996 -0.02349837
v 0.02449968 -0.00299996 -0.02899962
v 0.03015253 -0.00299990 -0.02762860
v 0.03161048 -0.00299995 -0.02903329
v 0.02439939 -0.00299999 -0.01105166
v 0.02507863 -0.00299923 -0.01244894
v 0.02295962 -0.00299963 -0.01278133
v 0.02552859 -0.00299957 -0.02044284
v -0.03780214 -0.00299996 -0.03080223
v -0.03786907 -0.00299996 -0.02513010
v -0.03219289 -0.00299996 -0.02493481
v -0.02549967 -0.00299996 -0.02899962
v -0.01999974 -0.00299996 -0.02899962
v -0.02511742 -0.00299999 -0.01117831
v -0.02203809 -0.00299983 -0.01318676
v 0.02098069 -0.00299975 -0.01438437
v 0.02060198 -0.00300036 -0.01782508
v 0.02264072 -0.00299965 -0.02009232
v 0.01490776 -0.00290907 -0.01099991
v -0.01999974 -0.00299996 -0.02899962
v 0.01098327 -0.00300680 -0.01099985
v -0.01999974 -0.00299996 -0.02899962
v 0.01490776 -0.00290907 -0.01099991
v 0.02439939 -0.00299999 -0.01105166
v -0.01865385 -0.00299996 -0.04144760
v 0.02437937 -0.00299996 -0.04038518
v 0.02302948 -0.00299996 -0.04146100
v 0.02796497 -0.00300012 -0.01863992
v 0.02978432 -0.00299999 -0.01574233
v -0.02996491 -0.00299998 -0.01692381
v -0.02839738 -0.00300027 -0.01782508
v -0.02534382 -0.00299990 -0.04561417
v -0.02599966 -0.00299996 -0.04199945
v -0.03199958 -0.00299996 -0.04199945
v -0.03207489 -0.00299996 -0.03296997
v -0.03381252 -0.00300000 -0.03113095
v -0.02594892 -0.00299996 -0.04919867
v -0.02398167 -0.00299992 -0.04695737
v -0.02087985 -0.00299937 -0.01848080
v -0.02050227 -0.00299973 -0.01583914
v 0.01098327 -0.00300680 -0.01099985
v -0.02511742 -0.00299999 -0.01117831
v -0.01502710 -0.00302748 -0.01099984
v -0.01109191 -0.00290907 -0.01099991
v -0.02511742 -0.00299999 -0.01117831
v -0.01109191 -0.00290907 -0.01099991
v 0.01098327 -0.00300680 -0.01099985
v -0.01993132 -0.00299996 -0.04019743
v 0.02744610 -0.00299993 -0.01255420
v 0.02849534 -0.00299974 -0.01569802
v 0.02721620 -0.00299988 -0.01349276
v -0.02839738 -0.00300027 -0.01782508
v -0.02783964 -0.00299877 -0.01390802
v -0.02861436 -0.00249967 -0.01620949
v -0.02743411 -0.00250160 -0.01371489
v -0.02861436 -0.00249967 -0.01620949
v -0.02783964 -0.00299877 -0.01390802
v -0.02504965 -0.00250025 -0.01241440
v -0.02521635 -0.00299889 -0.01251607
v -0.02203809 -0.00299983 -0.01318676
v -0.02166156 -0.00249990 -0.01354177
v -0.02504965 -0.00250025 -0.01241440
v -0.02203809 -0.00299983 -0.01318676
v -0.02700797 -0.00250004 -0.01978545
v -0.02839738 -0.00300027 -0.01782508
v -0.02861436 -0.00249967 -0.01620949
v -0.02783964 -0.00299877 -0.01390802
v -0.02504965 -0.00250025 -0.01241440
v -0.02743411 -0.00250160 -0.01371489
v -0.02504965 -0.00250025 -0.01241440
v -0.02783964 -0.00299877 -0.01390802
v -0.02521635 -0.00299889 -0.01251607
v -0.02429933 -0.00249965 -0.02054213
v -0.02347079 -0.00299960 -0.02044284
v -0.02635865 -0.00299968 -0.02009233
v -0.02635865 -0.00299968 -0.02009233
v -0.02839738 -0.00300027 -0.01782508
v -0.02700797 -0.00250004 -0.01978545
v -0.02046444 -0.00249949 -0.01611045
v -0.02050227 -0.00299973 -0.01583914
v -0.02087985 -0.00299937 -0.01848080
v -0.02046444 -0.00249949 -0.01611045
v -0.02087985 -0.00299937 -0.01848080
v -0.02149130 -0.00250044 -0.01929929
v -0.02429933 -0.00249965 -0.02054213
v -0.02635865 -0.00299968 -0.02009233
v -0.02700797 -0.00250004 -0.01978545
v -0.02166156 -0.00249990 -0.01354177
v -0.02203809 -0.00299983 -0.01318676
v -0.02050227 -0.00299973 -0.01583914
v -0.02347079 -0.00299960 -0.02044284
v -0.02149130 -0.00250044 -0.01929929
v -0.02087985 -0.00299937 -0.01848080
v -0.02046444 -0.00249949 -0.01611045
v -0.02166156 -0.00249990 -0.01354177
v -0.02050227 -0.00299973 -0.01583914
v -0.02149130 -0.00250044 -0.01929929
v -0.02347079 -0.00299960 -0.02044284
v -0.02429933 -0.00249965 -0.02054213
v -0.02066849 -0.00699962 -0.01493095
v -0.02097803 -0.00699974 -0.01859011
v -0.02043341 -0.00650036 -0.01552389
v -0.02620842 -0.00650002 -0.02015146
v -0.02401274 -0.00699973 -0.02062529
v -0.02752101 -0.00699984 -0.01924101
v -0.02043341 -0.00650036 -0.01552389
v -0.02097803 -0.00699974 -0.01859011
v -0.02149826 -0.00650016 -0.01934647
v -0.02620842 -0.00650002 -0.02015146
v -0.02408103 -0.00649999 -0.02050881
v -0.02401274 -0.00699973 -0.02062529
v -0.02787880 -0.00649990 -0.01871676
v -0.02620842 -0.00650002 -0.02015146
v -0.02752101 -0.00699984 -0.01924101
v -0.02401274 -0.00699973 -0.02062529
v -0.02149826 -0.00650016 -0.01934647
v -0.02097803 -0.00699974 -0.01859011
v -0.02149826 -0.00650016 -0.01934647
v -0.02401274 -0.00699973 -0.02062529
v -0.02408103 -0.00649999 -0.02050881
v -0.02828539 -0.00699941 -0.01507378
v -0.02854100 -0.00649989 -0.01623816
v -0.02847587 -0.00699993 -0.01721070
v -0.02596977 -0.00649998 -0.01269596
v -0.02671127 -0.00700083 -0.01305081
v -0.02333531 -0.00699973 -0.01256586
v -0.02291139 -0.00649950 -0.01272056
v -0.02333531 -0.00699973 -0.01256586
v -0.02066849 -0.00699962 -0.01493095
v -0.02787880 -0.00649990 -0.01871676
v -0.02847587 -0.00699993 -0.01721070
v -0.02854100 -0.00649989 -0.01623816
v -0.02854100 -0.00649989 -0.01623816
v -0.02828539 -0.00699941 -0.01507378
v -0.02768060 -0.00649987 -0.01400110
v -0.02768060 -0.00649987 -0.01400110
v -0.02828539 -0.00699941 -0.01507378
v -0.02671127 -0.00700083 -0.01305081
v -0.02768060 -0.00649987 -0.01400110
v -0.02671127 -0.00700083 -0.01305081
v -0.02596977 -0.00649998 -0.01269596
v -0.02596977 -0.00649998 -0.01269596
v -0.02333531 -0.00699973 -0.01256586
v -0.02291139 -0.00649950 -0.01272056
v -0.02043341 -0.00650036 -0.01552389
v -0.02291139 -0.00649950 -0.01272056
v -0.02066849 -0.00699962 -0.01493095
v -0.02787880 -0.00649990 -0.01871676
v -0.02752101 -0.00699984 -0.01924101
v -0.02847587 -0.00699993 -0.01721070
v -0.02743411 -0.00250160 -0.01371489
v -0.02504965 -0.00250025 -0.01241440
v -0.02610699 -0.00249997 -0.01513084
v -0.02241921 -0.00249995 -0.01671916
v -0.02166156 -0.00249990 -0.01354177
v -0.02046444 -0.00249949 -0.01611045
v -0.02371369 -0.00249998 -0.01451494
v -0.02632993 -0.00250003 -0.01776439
v -0.02861436 -0.00249967 -0.01620949
v -0.02149130 -0.00250044 -0.01929929
v -0.02700797 -0.00250004 -0.01978545
v -0.02384446 -0.00249998 -0.01846395
v -0.02429933 -0.00249965 -0.02054213
v -0.02610699 -0.00249997 -0.01513084
v -0.02644401 -0.00699991 -0.01737534
v -0.02632993 -0.00250003 -0.01776439
v -0.02585407 -0.00699991 -0.01492098
v -0.02610699 -0.00249997 -0.01513084
v -0.02371369 -0.00249998 -0.01451494
v -0.02371369 -0.00249998 -0.01451494
v -0.02339627 -0.00699971 -0.01463073
v -0.02585407 -0.00699991 -0.01492098
v -0.02610699 -0.00249997 -0.01513084
v -0.02585407 -0.00699991 -0.01492098
v -0.02644401 -0.00699991 -0.01737534
v -0.02248383 -0.00699990 -0.01706186
v -0.02241921 -0.00249995 -0.01671916
v -0.02384446 -0.00249998 -0.01846395
v -0.02248383 -0.00699990 -0.01706186
v -0.02384446 -0.00249998 -0.01846395
v -0.02408840 -0.00700001 -0.01857678
v -0.02632993 -0.00250003 -0.01776439
v -0.02408840 -0.00700001 -0.01857678
v -0.02384446 -0.00249998 -0.01846395
v -0.02241921 -0.00249995 -0.01671916
v -0.02248383 -0.00699990 -0.01706186
v -0.02339627 -0.00699971 -0.01463073
v -0.02408840 -0.00700001 -0.01857678
v -0.02632993 -0.00250003 -0.01776439
v -0.02644401 -0.00699991 -0.01737534
v -0.02371369 -0.00249998 -0.01451494
v -0.02241921 -0.00249995 -0.01671916
v -0.02339627 -0.00699971 -0.01463073
v -0.02248383 -0.00699990 -0.01706186
v -0.02066849 -0.00699962 -0.01493095
v -0.02333531 -0.00699973 -0.01256586
v -0.02339627 -0.00699971 -0.01463073
v -0.02847587 -0.00699993 -0.01721070
v -0.02644401 -0.00699991 -0.01737534
v -0.02671127 -0.00700083 -0.01305081
v -0.02828539 -0.00699941 -0.01507378
v -0.02585407 -0.00699991 -0.01492098
v -0.02401274 -0.00699973 -0.02062529
v -0.02097803 -0.00699974 -0.01859011
v -0.02752101 -0.00699984 -0.01924101
v -0.02408840 -0.00700001 -0.01857678
v 0.02060198 -0.00300036 -0.01782508
v 0.02098069 -0.00299975 -0.01438437
v 0.02076528 -0.00250054 -0.01482916
v 0.02507863 -0.00299923 -0.01244894
v 0.02721620 -0.00299988 -0.01349276
v 0.02708863 -0.00249994 -0.01337489
v 0.02062487 -0.00250015 -0.01804881
v 0.02060198 -0.00300036 -0.01782508
v 0.02076528 -0.00250054 -0.01482916
v 0.02076528 -0.00250054 -0.01482916
v 0.02098069 -0.00299975 -0.01438437
v 0.02351151 -0.00249931 -0.01240359
v 0.02295962 -0.00299963 -0.01278133
v 0.02507863 -0.00299923 -0.01244894
v 0.02351151 -0.00249931 -0.01240359
v 0.02708863 -0.00249994 -0.01337489
v 0.02351151 -0.00249931 -0.01240359
v 0.02507863 -0.00299923 -0.01244894
v 0.02295962 -0.00299963 -0.01278133
v 0.02351151 -0.00249931 -0.01240359
v 0.02098069 -0.00299975 -0.01438437
v 0.02849534 -0.00299974 -0.01569802
v 0.02862384 -0.00249943 -0.01607340
v 0.02721620 -0.00299988 -0.01349276
v 0.02721620 -0.00299988 -0.01349276
v 0.02862384 -0.00249943 -0.01607340
v 0.02708863 -0.00249994 -0.01337489
v 0.02849534 -0.00299974 -0.01569802
v 0.02796497 -0.00300012 -0.01863992
v 0.02862384 -0.00249943 -0.01607340
v 0.02332347 -0.00250043 -0.02042848
v 0.02552859 -0.00299957 -0.02044284
v 0.02264072 -0.00299965 -0.02009232
v 0.02264072 -0.00299965 -0.02009232
v 0.02060198 -0.00300036 -0.01782508
v 0.02062487 -0.00250015 -0.01804881
v 0.02862384 -0.00249943 -0.01607340
v 0.02796497 -0.00300012 -0.01863992
v 0.02696520 -0.00249832 -0.01982117
v 0.02062487 -0.00250015 -0.01804881
v 0.02332347 -0.00250043 -0.02042848
v 0.02264072 -0.00299965 -0.02009232
v 0.02552859 -0.00299957 -0.02044284
v 0.02696520 -0.00249832 -0.01982117
v 0.02796497 -0.00300012 -0.01863992
v 0.02552859 -0.00299957 -0.02044284
v 0.02332347 -0.00250043 -0.02042848
v 0.02696520 -0.00249832 -0.01982117
v 0.02828539 -0.00699941 -0.01792579
v 0.02854100 -0.00649988 -0.01676142
v 0.02833087 -0.00699962 -0.01493095
v 0.02491835 -0.00649998 -0.02050881
v 0.02670457 -0.00700082 -0.01997010
v 0.02386322 -0.00699988 -0.02048249
v 0.02279094 -0.00650002 -0.02015146
v 0.02386322 -0.00699988 -0.02048249
v 0.02147835 -0.00699984 -0.01924101
v 0.02741379 -0.00649993 -0.01356627
v 0.02833087 -0.00699962 -0.01493095
v 0.02854100 -0.00649988 -0.01676142
v 0.02854100 -0.00649988 -0.01676142
v 0.02828539 -0.00699941 -0.01792579
v 0.02730956 -0.00650028 -0.01948226
v 0.02730956 -0.00650028 -0.01948226
v 0.02828539 -0.00699941 -0.01792579
v 0.02670457 -0.00700082 -0.01997010
v 0.02279094 -0.00650002 -0.02015146
v 0.02491835 -0.00649998 -0.02050881
v 0.02386322 -0.00699988 -0.02048249
v 0.02079470 -0.00649984 -0.01829494
v 0.02279094 -0.00650002 -0.02015146
v 0.02147835 -0.00699984 -0.01924101
v 0.02730956 -0.00650028 -0.01948226
v 0.02670457 -0.00700082 -0.01997010
v 0.02491835 -0.00649998 -0.02050881
v 0.02052349 -0.00699993 -0.01721070
v 0.02098069 -0.00699969 -0.01438437
v 0.02062094 -0.00650003 -0.01506484
v 0.02456803 -0.00650036 -0.01240918
v 0.02302043 -0.00699994 -0.01275147
v 0.02566406 -0.00699973 -0.01256586
v 0.02456803 -0.00650036 -0.01240918
v 0.02566406 -0.00699973 -0.01256586
v 0.02741379 -0.00649993 -0.01356627
v 0.02741379 -0.00649993 -0.01356627
v 0.02566406 -0.00699973 -0.01256586
v 0.02833087 -0.00699962 -0.01493095
v 0.02079470 -0.00649984 -0.01829494
v 0.02052349 -0.00699993 -0.01721070
v 0.02062094 -0.00650003 -0.01506484
v 0.02062094 -0.00650003 -0.01506484
v 0.02098069 -0.00699969 -0.01438437
v 0.02233908 -0.00649965 -0.01311472
v 0.02302043 -0.00699994 -0.01275147
v 0.02233908 -0.00649965 -0.01311472
v 0.02098069 -0.00699969 -0.01438437
v 0.02079470 -0.00649984 -0.01829494
v 0.02147835 -0.00699984 -0.01924101
v 0.02052349 -0.00699993 -0.01721070
v 0.02233908 -0.00649965 -0.01311472
v 0.02302043 -0.00699994 -0.01275147
v 0.02456803 -0.00650036 -0.01240918
v 0.02642225 -0.00249999 -0.01568237
v 0.02696520 -0.00249832 -0.01982117
v 0.02613752 -0.00249997 -0.01775090
v 0.02708863 -0.00249994 -0.01337489
v 0.02862384 -0.00249943 -0.01607340
v 0.02351151 -0.00249931 -0.01240359
v 0.02247806 -0.00249996 -0.01607483
v 0.02062487 -0.00250015 -0.01804881
v 0.02076528 -0.00250054 -0.01482916
v 0.02332347 -0.00250043 -0.02042848
v 0.02285067 -0.00249997 -0.01769383
v 0.02344227 -0.00249997 -0.01477498
v 0.02486584 -0.00249995 -0.01446562
v 0.02433108 -0.00249993 -0.01857807
v 0.02310110 -0.00699991 -0.01493025
v 0.02247806 -0.00249996 -0.01607483
v 0.02344227 -0.00249997 -0.01477498
v 0.02310110 -0.00699991 -0.01493025
v 0.02344227 -0.00249997 -0.01477498
v 0.02486584 -0.00249995 -0.01446562
v 0.02486584 -0.00249995 -0.01446562
v 0.02642225 -0.00249999 -0.01568237
v 0.02616979 -0.00699991 -0.01528283
v 0.02486584 -0.00249995 -0.01446562
v 0.02477328 -0.00699987 -0.01450069
v 0.02310110 -0.00699991 -0.01493025
v 0.02247806 -0.00249996 -0.01607483
v 0.02310110 -0.00699991 -0.01493025
v 0.02248035 -0.00699996 -0.01679871
v 0.02477328 -0.00699987 -0.01450069
v 0.02486584 -0.00249995 -0.01446562
v 0.02616979 -0.00699991 -0.01528283
v 0.02285067 -0.00249997 -0.01769383
v 0.02247806 -0.00249996 -0.01607483
v 0.02248035 -0.00699996 -0.01679871
v 0.02613752 -0.00249997 -0.01775090
v 0.02649879 -0.00699989 -0.01677338
v 0.02642225 -0.00249999 -0.01568237
v 0.02586523 -0.00699991 -0.01800814
v 0.02613752 -0.00249997 -0.01775090
v 0.02433108 -0.00249993 -0.01857807
v 0.02433108 -0.00249993 -0.01857807
v 0.02285067 -0.00249997 -0.01769383
v 0.02371397 -0.00699986 -0.01849736
v 0.02642225 -0.00249999 -0.01568237
v 0.02649879 -0.00699989 -0.01677338
v 0.02616979 -0.00699991 -0.01528283
v 0.02433108 -0.00249993 -0.01857807
v 0.02371397 -0.00699986 -0.01849736
v 0.02586523 -0.00699991 -0.01800814
v 0.02613752 -0.00249997 -0.01775090
v 0.02586523 -0.00699991 -0.01800814
v 0.02649879 -0.00699989 -0.01677338
v 0.02371397 -0.00699986 -0.01849736
v 0.02285067 -0.00249997 -0.01769383
v 0.02248035 -0.00699996 -0.01679871
v 0.02649879 -0.00699989 -0.01677338
v 0.02833087 -0.00699962 -0.01493095
v 0.02566406 -0.00699973 -0.01256586
v 0.02616979 -0.00699991 -0.01528283
v 0.02052349 -0.00699993 -0.01721070
v 0.02248035 -0.00699996 -0.01679871
v 0.02302043 -0.00699994 -0.01275147
v 0.02098069 -0.00699969 -0.01438437
v 0.02310110 -0.00699991 -0.01493025
v 0.02670457 -0.00700082 -0.01997010
v 0.02828539 -0.00699941 -0.01792579
v 0.02147835 -0.00699984 -0.01924101
v 0.02386322 -0.00699988 -0.02048249
v 0.02371397 -0.00699986 -0.01849736
v 0.02477328 -0.00699987 -0.01450069
v 0.02586523 -0.00699991 -0.01800814
v 0.01649979 0.02549967 -0.00399995
v -0.01649979 0.02549967 -0.00699991
v -0.01649979 0.02549967 -0.00399995
v 0.01905994 0.02549967 -0.00995666
v 0.01639288 0.02549971 -0.00945391
v 0.01649979 0.02549967 -0.00699991
v 0.02438354 0.02549963 -0.01104627
v 0.01847128 0.02549966 -0.01104459
v 0.02007977 0.02549967 -0.01096575
v 0.02991141 0.02549967 -0.02688987
v 0.02786684 0.02549961 -0.01872408
v 0.02982821 0.02549962 -0.01600030
v -0.02999961 0.02549967 -0.02699965
v -0.02768373 0.02550060 -0.01919152
v -0.02491847 0.02549969 -0.02050879
v 0.02391123 0.02549965 -0.01236930
v 0.01825175 0.02549967 -0.01262351
v 0.01443077 0.02549974 -0.01095137
v 0.00000000 0.02549967 -0.02549967
v -0.01462717 0.02549958 -0.01052956
v -0.01722014 0.02549967 -0.00949245
v -0.01898154 0.02549967 -0.00968172
v 0.02854448 0.02549967 -0.02800742
v 0.02837537 0.02549952 -0.04556006
v 0.02660311 0.02549964 -0.04697331
v -0.01649979 0.02549967 -0.02549967
v -0.02401656 0.02549964 -0.04690084
v -0.02546410 0.02549967 -0.04510174
v -0.02555052 0.02549967 -0.02799539
v -0.02647478 0.02549967 -0.02703747
v -0.01744995 0.02549967 -0.01335480
v -0.01577491 0.02549959 -0.01341621
v -0.02149118 0.02550010 -0.01370042
v -0.01464557 0.02549967 -0.01236536
v -0.01856136 0.02549971 -0.01151295
v -0.01999549 0.02549967 -0.01094901
v -0.02508814 0.02549965 -0.01236930
v -0.02693003 0.02549963 -0.01211505
v -0.02381713 0.02549966 -0.01102833
v -0.02279108 0.02549977 -0.02015152
v -0.02113252 0.02549959 -0.01872408
v -0.02047011 0.02549984 -0.01648183
v -0.02991819 0.02549966 -0.01673977
v 0.02773160 0.02549978 -0.01277578
v 0.02319857 0.02549903 -0.02040211
v 0.02620828 0.02549977 -0.02015152
v 0.02048080 0.02549976 -0.01769089
v 0.01660431 0.02549970 -0.01354118
v 0.02108976 0.02549962 -0.01433591
v 0.01495249 0.02549967 -0.01282463
v -0.02900810 0.02549947 -0.01432007
v -0.02843897 0.02549975 -0.01511462
v 0.02754145 0.02550018 -0.01372883
v 0.02852687 0.02549971 -0.01653559
v 0.01788287 0.02549967 -0.01003169
v -0.02521653 0.02199904 -0.02048346
v -0.02687993 0.02171029 -0.01975048
v -0.02999961 0.02199971 -0.02699965
v 0.02521651 0.02199864 -0.01251610
v 0.02783977 0.02199852 -0.01390818
v 0.02883209 0.02199980 -0.01398839
v 0.00099999 0.02199971 -0.00399995
v 0.00099999 0.02199971 -0.00699991
v 0.01649979 0.02199971 -0.00699991
v -0.00099999 0.02199971 -0.00399995
v -0.01649979 0.02199971 -0.00699991
v -0.00099999 0.02199971 -0.00699991
v -0.01649979 0.02199971 -0.00399995
v 0.01649979 0.02199971 -0.00399995
v 0.01898668 0.02199971 -0.00948871
v 0.01949975 0.02199971 -0.02899962
v 0.02849963 0.02199971 -0.02899962
v 0.02869317 0.02199971 -0.02763122
v 0.00000000 0.02199971 -0.02383069
v 0.02507843 0.02199918 -0.02055065
v 0.02227217 0.02200108 -0.01994019
v -0.02179623 0.02199971 -0.02899962
v -0.02029096 0.02199971 -0.03355735
v -0.02521653 0.02199904 -0.02048346
v 0.02522653 0.02199977 -0.01119290
v 0.02189194 0.02199935 -0.01326179
v -0.02438354 0.02199975 -0.01104627
v -0.02306835 0.02200154 -0.01264354
v -0.01897800 0.02199971 -0.00948522
v -0.01965303 0.02199971 -0.01084737
v 0.00000000 0.02199971 -0.02383069
v -0.02306835 0.02200154 -0.01264354
v -0.02069779 0.02178561 -0.01514075
v 0.00000000 0.02199971 -0.02383069
v -0.02069779 0.02178561 -0.01514075
v -0.02051368 0.02199950 -0.01728237
v -0.02051368 0.02199950 -0.01728237
v -0.02228555 0.02199966 -0.01992927
v 0.00159174 0.02199971 -0.04293343
v -0.01996469 0.02199971 -0.04007355
v -0.01237754 0.02199971 -0.04149946
v -0.00975787 0.02199970 -0.04268432
v -0.00377211 0.02199971 -0.04375776
v -0.01881254 0.02199971 -0.04140537
v -0.02999961 0.02199971 -0.02699965
v -0.02687993 0.02171029 -0.01975048
v -0.02853402 0.02199962 -0.01739736
v -0.02999961 0.02199971 -0.02699965
v -0.02853402 0.02199962 -0.01739736
v -0.02989551 0.02199975 -0.01598355
v -0.02634201 0.02199971 -0.02708441
v -0.02538893 0.02199971 -0.02894395
v 0.02998746 0.02199971 -0.02696307
v 0.02996864 0.02199973 -0.01693870
v 0.02848569 0.02199956 -0.01728237
v 0.02716924 0.02199960 -0.01953142
v 0.02035403 0.02199920 -0.01661563
v 0.01955705 0.02199971 -0.01076196
v 0.00501484 0.02199971 -0.04149993
v 0.01843869 0.02199971 -0.04135403
v 0.01947368 0.02199971 -0.03999872
v -0.02744610 0.02199968 -0.01255420
v -0.02620828 0.02199964 -0.01284805
v -0.02791118 0.02199970 -0.01432131
v -0.02069779 0.02178561 -0.01514075
v -0.02306835 0.02200154 -0.01264354
v -0.02156514 0.02150135 -0.01371502
v -0.02394954 0.02150000 -0.01241442
v -0.02306835 0.02200154 -0.01264354
v -0.02620828 0.02199964 -0.01284805
v -0.02671204 0.02149972 -0.01312140
v -0.02620828 0.02199964 -0.01284805
v -0.02791118 0.02199970 -0.01432131
v -0.02054883 0.02149980 -0.01753414
v -0.02051368 0.02199950 -0.01728237
v -0.02069779 0.02178561 -0.01514075
v -0.02671204 0.02149972 -0.01312140
v -0.02394954 0.02150000 -0.01241442
v -0.02620828 0.02199964 -0.01284805
v -0.02839976 0.02149993 -0.01521385
v -0.02671204 0.02149972 -0.01312140
v -0.02791118 0.02199970 -0.01432131
v -0.02306835 0.02200154 -0.01264354
v -0.02394954 0.02150000 -0.01241442
v -0.02156514 0.02150135 -0.01371502
v -0.02791118 0.02199970 -0.01432131
v -0.02853402 0.02199962 -0.01739736
v -0.02839976 0.02149993 -0.01521385
v -0.02853402 0.02199962 -0.01739736
v -0.02687993 0.02171029 -0.01975048
v -0.02822007 0.02150033 -0.01820998
v -0.02470016 0.02149940 -0.02054213
v -0.02521653 0.02199904 -0.02048346
v -0.02228555 0.02199966 -0.01992927
v -0.02839976 0.02149993 -0.01521385
v -0.02853402 0.02199962 -0.01739736
v -0.02822007 0.02150033 -0.01820998
v -0.02470016 0.02149940 -0.02054213
v -0.02228555 0.02199966 -0.01992927
v -0.02209976 0.02149984 -0.01985204
v -0.02051368 0.02199950 -0.01728237
v -0.02054883 0.02149980 -0.01753414
v -0.02228555 0.02199966 -0.01992927
v -0.02209976 0.02149984 -0.01985204
v -0.02687993 0.02171029 -0.01975048
v -0.02521653 0.02199904 -0.02048346
v -0.02470016 0.02149940 -0.02054213
v -0.02279108 0.02549977 -0.02015152
v -0.02498683 0.02599948 -0.02062527
v -0.02178811 0.02599966 -0.01948980
v -0.02843897 0.02549975 -0.01511462
v -0.02862526 0.02600017 -0.01609510
v -0.02768373 0.02550060 -0.01919152
v -0.02768373 0.02550060 -0.01919152
v -0.02862526 0.02600017 -0.01609510
v -0.02777580 0.02599903 -0.01888837
v -0.02279108 0.02549977 -0.02015152
v -0.02491847 0.02549969 -0.02050879
v -0.02498683 0.02599948 -0.02062527
v -0.02113252 0.02549959 -0.01872408
v -0.02279108 0.02549977 -0.02015152
v -0.02178811 0.02599966 -0.01948980
v -0.02498683 0.02599948 -0.02062527
v -0.02768373 0.02550060 -0.01919152
v -0.02777580 0.02599903 -0.01888837
v -0.02054002 0.02599965 -0.01734325
v -0.02113252 0.02549959 -0.01872408
v -0.02178811 0.02599966 -0.01948980
v -0.02768373 0.02550060 -0.01919152
v -0.02498683 0.02599948 -0.02062527
v -0.02491847 0.02549969 -0.02050879
v -0.02054002 0.02599965 -0.01734325
v -0.02098058 0.02599945 -0.01438454
v -0.02047011 0.02549984 -0.01648183
v -0.02508814 0.02549965 -0.01236930
v -0.02378508 0.02599925 -0.01241539
v -0.02701802 0.02599971 -0.01332722
v -0.02113252 0.02549959 -0.01872408
v -0.02054002 0.02599965 -0.01734325
v -0.02047011 0.02549984 -0.01648183
v -0.02047011 0.02549984 -0.01648183
v -0.02098058 0.02599945 -0.01438454
v -0.02149118 0.02550010 -0.01370042
v -0.02843897 0.02549975 -0.01511462
v -0.02508814 0.02549965 -0.01236930
v -0.02701802 0.02599971 -0.01332722
v -0.02378508 0.02599925 -0.01241539
v -0.02149118 0.02550010 -0.01370042
v -0.02098058 0.02599945 -0.01438454
v -0.02701802 0.02599971 -0.01332722
v -0.02862526 0.02600017 -0.01609510
v -0.02843897 0.02549975 -0.01511462
v -0.02149118 0.02550010 -0.01370042
v -0.02378508 0.02599925 -0.01241539
v -0.02508814 0.02549965 -0.01236930
v -0.02156514 0.02150135 -0.01371502
v -0.02394954 0.02150000 -0.01241442
v -0.02282536 0.02149972 -0.01533828
v -0.02641075 0.02149974 -0.01557584
v -0.02687993 0.02171029 -0.01975048
v -0.02633375 0.02149972 -0.01733920
v -0.02641075 0.02149974 -0.01557584
v -0.02671204 0.02149972 -0.01312140
v -0.02839976 0.02149993 -0.01521385
v -0.02250311 0.02149972 -0.01680258
v -0.02054883 0.02149980 -0.01753414
v -0.02054883 0.02149980 -0.01753414
v -0.02069779 0.02178561 -0.01514075
v -0.02156514 0.02150135 -0.01371502
v -0.02822007 0.02150033 -0.01820998
v -0.02641075 0.02149974 -0.01557584
v -0.02822007 0.02150033 -0.01820998
v -0.02687993 0.02171029 -0.01975048
v -0.02209976 0.02149984 -0.01985204
v -0.02324473 0.02149972 -0.01813132
v -0.02431349 0.02149968 -0.01442234
v -0.02521523 0.02149975 -0.01844616
v -0.02470016 0.02149940 -0.02054213
v -0.02633375 0.02149972 -0.01733920
v -0.02470016 0.02149940 -0.02054213
v -0.02633375 0.02149972 -0.01733920
v -0.02687993 0.02171029 -0.01975048
v -0.02282536 0.02149972 -0.01533828
v -0.02241581 0.02599976 -0.01681446
v -0.02250311 0.02149972 -0.01680258
v -0.02483941 0.02599966 -0.01447575
v -0.02431349 0.02149968 -0.01442234
v -0.02641075 0.02149974 -0.01557584
v -0.02431349 0.02149968 -0.01442234
v -0.02483941 0.02599966 -0.01447575
v -0.02308055 0.02599966 -0.01502558
v -0.02431349 0.02149968 -0.01442234
v -0.02308055 0.02599966 -0.01502558
v -0.02282536 0.02149972 -0.01533828
v -0.02282536 0.02149972 -0.01533828
v -0.02308055 0.02599966 -0.01502558
v -0.02241581 0.02599976 -0.01681446
v -0.02483941 0.02599966 -0.01447575
v -0.02641075 0.02149974 -0.01557584
v -0.02625021 0.02599966 -0.01545823
v -0.02324473 0.02149972 -0.01813132
v -0.02250311 0.02149972 -0.01680258
v -0.02241581 0.02599976 -0.01681446
v -0.02633375 0.02149972 -0.01733920
v -0.02646694 0.02599961 -0.01719293
v -0.02641075 0.02149974 -0.01557584
v -0.02646694 0.02599961 -0.01719293
v -0.02633375 0.02149972 -0.01733920
v -0.02521523 0.02149975 -0.01844616
v -0.02324473 0.02149972 -0.01813132
v -0.02381114 0.02599955 -0.01845339
v -0.02521523 0.02149975 -0.01844616
v -0.02641075 0.02149974 -0.01557584
v -0.02646694 0.02599961 -0.01719293
v -0.02625021 0.02599966 -0.01545823
v -0.02521523 0.02149975 -0.01844616
v -0.02381114 0.02599955 -0.01845339
v -0.02537974 0.02599966 -0.01832148
v -0.02521523 0.02149975 -0.01844616
v -0.02537974 0.02599966 -0.01832148
v -0.02646694 0.02599961 -0.01719293
v -0.02381114 0.02599955 -0.01845339
v -0.02324473 0.02149972 -0.01813132
v -0.02241581 0.02599976 -0.01681446
v -0.02646694 0.02599961 -0.01719293
v -0.02862526 0.02600017 -0.01609510
v -0.02701802 0.02599971 -0.01332722
v -0.02378508 0.02599925 -0.01241539
v -0.02625021 0.02599966 -0.01545823
v -0.02054002 0.02599965 -0.01734325
v -0.02241581 0.02599976 -0.01681446
v -0.02098058 0.02599945 -0.01438454
v -0.02498683 0.02599948 -0.02062527
v -0.02777580 0.02599903 -0.01888837
v -0.02178811 0.02599966 -0.01948980
v -0.02483941 0.02599966 -0.01447575
v -0.02308055 0.02599966 -0.01502558
v -0.02537974 0.02599966 -0.01832148
v -0.02381114 0.02599955 -0.01845339
v 0.02848569 0.02199956 -0.01728237
v 0.02783977 0.02199852 -0.01390818
v 0.02799892 0.02150198 -0.01428921
v 0.02504982 0.02150000 -0.01241442
v 0.02521651 0.02199864 -0.01251610
v 0.02189194 0.02199935 -0.01326179
v 0.02845053 0.02149980 -0.01753414
v 0.02848569 0.02199956 -0.01728237
v 0.02799892 0.02150198 -0.01428921
v 0.02179057 0.02149971 -0.01344620
v 0.02504982 0.02150000 -0.01241442
v 0.02189194 0.02199935 -0.01326179
v 0.02783977 0.02199852 -0.01390818
v 0.02504982 0.02150000 -0.01241442
v 0.02799892 0.02150198 -0.01428921
v 0.02504982 0.02150000 -0.01241442
v 0.02783977 0.02199852 -0.01390818
v 0.02521651 0.02199864 -0.01251610
v 0.02035403 0.02199920 -0.01661563
v 0.02227217 0.02200108 -0.01994019
v 0.02149117 0.02150020 -0.01929915
v 0.02046446 0.02149924 -0.01611028
v 0.02035403 0.02199920 -0.01661563
v 0.02149117 0.02150020 -0.01929915
v 0.02227217 0.02200108 -0.01994019
v 0.02507843 0.02199918 -0.02055065
v 0.02429920 0.02149940 -0.02054213
v 0.02429920 0.02149940 -0.02054213
v 0.02507843 0.02199918 -0.02055065
v 0.02689960 0.02149984 -0.01985204
v 0.02507843 0.02199918 -0.02055065
v 0.02716924 0.02199960 -0.01953142
v 0.02689960 0.02149984 -0.01985204
v 0.02848569 0.02199956 -0.01728237
v 0.02845053 0.02149980 -0.01753414
v 0.02716924 0.02199960 -0.01953142
v 0.02716924 0.02199960 -0.01953142
v 0.02845053 0.02149980 -0.01753414
v 0.02689960 0.02149984 -0.01985204
v 0.02179057 0.02149971 -0.01344620
v 0.02189194 0.02199935 -0.01326179
v 0.02046446 0.02149924 -0.01611028
v 0.02046446 0.02149924 -0.01611028
v 0.02189194 0.02199935 -0.01326179
v 0.02035403 0.02199920 -0.01661563
v 0.02149117 0.02150020 -0.01929915
v 0.02227217 0.02200108 -0.01994019
v 0.02429920 0.02149940 -0.02054213
v 0.02064770 0.02599917 -0.01766611
v 0.02048080 0.02549976 -0.01769089
v 0.02056053 0.02599959 -0.01550876
v 0.02064770 0.02599917 -0.01766611
v 0.02228170 0.02600096 -0.01996080
v 0.02048080 0.02549976 -0.01769089
v 0.02319857 0.02549903 -0.02040211
v 0.02228170 0.02600096 -0.01996080
v 0.02513592 0.02599963 -0.02048253
v 0.02620828 0.02549977 -0.02015152
v 0.02513592 0.02599963 -0.02048253
v 0.02791342 0.02599973 -0.01888271
v 0.02108976 0.02549962 -0.01433591
v 0.02056053 0.02599959 -0.01550876
v 0.02048080 0.02549976 -0.01769089
v 0.02048080 0.02549976 -0.01769089
v 0.02228170 0.02600096 -0.01996080
v 0.02319857 0.02549903 -0.02040211
v 0.02620828 0.02549977 -0.02015152
v 0.02319857 0.02549903 -0.02040211
v 0.02513592 0.02599963 -0.02048253
v 0.02786684 0.02549961 -0.01872408
v 0.02620828 0.02549977 -0.02015152
v 0.02791342 0.02599973 -0.01888271
v 0.02391123 0.02549965 -0.01236930
v 0.02521428 0.02599925 -0.01241539
v 0.02198134 0.02599971 -0.01332722
v 0.02786684 0.02549961 -0.01872408
v 0.02791342 0.02599973 -0.01888271
v 0.02852687 0.02549971 -0.01653559
v 0.02852687 0.02549971 -0.01653559
v 0.02791342 0.02599973 -0.01888271
v 0.02853294 0.02599963 -0.01613367
v 0.02852687 0.02549971 -0.01653559
v 0.02853294 0.02599963 -0.01613367
v 0.02754145 0.02550018 -0.01372883
v 0.02754145 0.02550018 -0.01372883
v 0.02853294 0.02599963 -0.01613367
v 0.02780172 0.02599934 -0.01417112
v 0.02108976 0.02549962 -0.01433591
v 0.02391123 0.02549965 -0.01236930
v 0.02198134 0.02599971 -0.01332722
v 0.02521428 0.02599925 -0.01241539
v 0.02754145 0.02550018 -0.01372883
v 0.02780172 0.02599934 -0.01417112
v 0.02198134 0.02599971 -0.01332722
v 0.02056053 0.02599959 -0.01550876
v 0.02108976 0.02549962 -0.01433591
v 0.02754145 0.02550018 -0.01372883
v 0.02521428 0.02599925 -0.01241539
v 0.02391123 0.02549965 -0.01236930
v 0.02799892 0.02150198 -0.01428921
v 0.02504982 0.02150000 -0.01241442
v 0.02626423 0.02149972 -0.01548677
v 0.02256591 0.02149974 -0.01578222
v 0.02149117 0.02150020 -0.01929915
v 0.02282536 0.02149972 -0.01766129
v 0.02179057 0.02149971 -0.01344620
v 0.02046446 0.02149924 -0.01611028
v 0.02431115 0.02149968 -0.01438498
v 0.02644606 0.02149975 -0.01721534
v 0.02845053 0.02149980 -0.01753414
v 0.02689960 0.02149984 -0.01985204
v 0.02429920 0.02149940 -0.02054213
v 0.02451132 0.02149967 -0.01862872
v 0.02626423 0.02149972 -0.01548677
v 0.02662551 0.02599975 -0.01646011
v 0.02644606 0.02149975 -0.01721534
v 0.02491105 0.02599976 -0.01442281
v 0.02626423 0.02149972 -0.01548677
v 0.02431115 0.02149968 -0.01438498
v 0.02303239 0.02599966 -0.01508840
v 0.02431115 0.02149968 -0.01438498
v 0.02256591 0.02149974 -0.01578222
v 0.02491105 0.02599976 -0.01442281
v 0.02662551 0.02599975 -0.01646011
v 0.02626423 0.02149972 -0.01548677
v 0.02491105 0.02599976 -0.01442281
v 0.02431115 0.02149968 -0.01438498
v 0.02303239 0.02599966 -0.01508840
v 0.02282536 0.02149972 -0.01766129
v 0.02248486 0.02599965 -0.01695146
v 0.02256591 0.02149974 -0.01578222
v 0.02523706 0.02599954 -0.01841816
v 0.02451132 0.02149967 -0.01862872
v 0.02644606 0.02149975 -0.01721534
v 0.02256591 0.02149974 -0.01578222
v 0.02248486 0.02599965 -0.01695146
v 0.02303239 0.02599966 -0.01508840
v 0.02523706 0.02599954 -0.01841816
v 0.02373743 0.02599962 -0.01839686
v 0.02451132 0.02149967 -0.01862872
v 0.02451132 0.02149967 -0.01862872
v 0.02373743 0.02599962 -0.01839686
v 0.02282536 0.02149972 -0.01766129
v 0.02282536 0.02149972 -0.01766129
v 0.02373743 0.02599962 -0.01839686
v 0.02248486 0.02599965 -0.01695146
v 0.02523706 0.02599954 -0.01841816
v 0.02644606 0.02149975 -0.01721534
v 0.02662551 0.02599975 -0.01646011
v 0.02248486 0.02599965 -0.01695146
v 0.02056053 0.02599959 -0.01550876
v 0.02198134 0.02599971 -0.01332722
v 0.02521428 0.02599925 -0.01241539
v 0.02303239 0.02599966 -0.01508840
v 0.02853294 0.02599963 -0.01613367
v 0.02662551 0.02599975 -0.01646011
v 0.02780172 0.02599934 -0.01417112
v 0.02228170 0.02600096 -0.01996080
v 0.02064770 0.02599917 -0.01766611
v 0.02791342 0.02599973 -0.01888271
v 0.02513592 0.02599963 -0.02048253
v 0.02373743 0.02599962 -0.01839686
v 0.02523706 0.02599954 -0.01841816
v 0.02491105 0.02599976 -0.01442281
v 0.00099999 0.02199971 -0.00399995
v 0.01649979 0.02199971 -0.00399995
v 0.00099999 -0.00000000 -0.00399995
v 0.01649979 -0.00000000 -0.00399995
v -0.01643864 0.02776908 -0.00400002
v -0.01341582 0.02997859 -0.00400012
v 0.01364805 0.02996292 -0.00400014
v -0.01519749 0.02933547 -0.00400015
v 0.01649979 0.02549967 -0.00399995
v 0.01613172 0.02856377 -0.00400002
v -0.01649979 0.02549967 -0.00399995
v -0.00099999 0.00000000 -0.00399995
v -0.01649979 0.00000000 -0.00399995
v -0.00099999 0.02199971 -0.00399995
v -0.01649979 0.02199971 -0.00399995
v 0.01649979 0.02199971 -0.00399995
v 0.01407512 -0.00059617 -0.00082218
v 0.01649979 -0.00000000 -0.00399995
v 0.01407512 -0.00059617 -0.00082218
v 0.01649979 0.02199971 -0.00399995
v 0.01401286 0.02788227 -0.00083255
v 0.01649979 0.02549967 -0.00399995
v 0.01401286 0.02788227 -0.00083255
v 0.01649979 0.02549967 -0.00399995
v 0.01613172 0.02856377 -0.00400002
v 0.01649979 -0.00000000 -0.00399995
v 0.01407512 -0.00059617 -0.00082218
v 0.01656777 -0.00524231 -0.00433654
v -0.01656014 -0.00529236 -0.00434218
v -0.01391549 -0.00084134 -0.00067099
v -0.01649979 0.00000000 -0.00399995
v -0.01391549 -0.00084134 -0.00067099
v -0.01643864 0.02776908 -0.00400002
v -0.01649979 0.02549967 -0.00399995
v -0.01391549 -0.00084134 -0.00067099
v -0.01649979 0.02549967 -0.00399995
v -0.01649979 0.02199971 -0.00399995
v -0.01649979 0.00000000 -0.00399995
v -0.01384443 0.02759565 -0.00062524
v -0.01643864 0.02776908 -0.00400002
v 0.00099999 0.00069487 -0.00700285
v -0.00099999 0.00057950 -0.00700903
v -0.00099999 0.02199971 -0.00699991
v 0.00099999 0.02199971 -0.00699991
v 0.01129045 -0.00649519 -0.01099983
v 0.01470506 -0.00654571 -0.01099984
v 0.01239596 -0.00708016 -0.01099987
v -0.01472850 -0.00649049 -0.01094006
v -0.01134276 -0.00659075 -0.01099986
v -0.01360370 -0.00708016 -0.01099987
v -0.01357796 -0.00203047 -0.01099979
v -0.01109191 -0.00290907 -0.01099991
v -0.01502710 -0.00302748 -0.01099984
v -0.02511742 -0.00299999 -0.01117831
v -0.01472850 -0.00649049 -0.01094006
v -0.01550998 -0.00487246 -0.01100010
v -0.02511742 -0.00299999 -0.01117831
v -0.01550998 -0.00487246 -0.01100010
v -0.01502710 -0.00302748 -0.01099984
v 0.02515041 -0.00649986 -0.01115510
v 0.01556070 -0.00453204 -0.01100000
v 0.01470506 -0.00654571 -0.01099984
v 0.02439939 -0.00299999 -0.01105166
v 0.01490776 -0.00290907 -0.01099991
v 0.01556070 -0.00453204 -0.01100000
v 0.02515041 -0.00649986 -0.01115510
v 0.02439939 -0.00299999 -0.01105166
v 0.01556070 -0.00453204 -0.01100000
v 0.01129045 -0.00649519 -0.01099983
v 0.01048968 -0.00487246 -0.01100010
v -0.01043896 -0.00453204 -0.01099997
v -0.01134276 -0.00659075 -0.01099986
v 0.01098327 -0.00300680 -0.01099985
v -0.01109191 -0.00290907 -0.01099991
v 0.01649979 0.02199971 -0.00699991
v 0.01898668 0.02199971 -0.00948871
v 0.01649979 0.02549967 -0.00699991
v 0.01649979 0.02549967 -0.00699991
v 0.01898668 0.02199971 -0.00948871
v 0.01905994 0.02549967 -0.00995666
v -0.01897800 0.02199971 -0.00948522
v -0.01649979 0.02199971 -0.00699991
v -0.01898154 0.02549967 -0.00968172
v -0.01649979 0.02199971 -0.00699991
v -0.01649979 0.02549967 -0.00699991
v -0.01898154 0.02549967 -0.00968172
v -0.00099999 0.00000000 -0.00713809
v -0.00099999 0.00000000 -0.00399995
v -0.00099999 0.00057950 -0.00700903
v -0.00099999 0.02199971 -0.00399995
v -0.00099999 0.02199971 -0.00699991
v 0.00099998 -0.00000063 -0.00713799
v 0.00099999 0.00069487 -0.00700285
v 0.00099999 -0.00000000 -0.00399995
v 0.00099999 0.02199971 -0.00399995
v 0.00099999 0.02199971 -0.00699991
v -0.01649979 0.02199971 -0.00699991
v -0.01649979 0.02549967 -0.00399995
v -0.01649979 0.02549967 -0.00699991
v -0.01649979 0.02199971 -0.00399995
v -0.01047805 -0.00529355 -0.00999993
v -0.01043896 -0.00453204 -0.01099997
v -0.01113777 -0.00277543 -0.01000024
v -0.01113777 -0.00277543 -0.01000024
v -0.01043896 -0.00453204 -0.01099997
v -0.01109191 -0.00290907 -0.01099991
v -0.01113777 -0.00277543 -0.01000024
v -0.01109191 -0.00290907 -0.01099991
v -0.01357796 -0.00203047 -0.01099979
v -0.01113777 -0.00277543 -0.01000024
v -0.01357796 -0.00203047 -0.01099979
v -0.01342452 -0.00205730 -0.00999886
v -0.01342452 -0.00205730 -0.00999886
v -0.01357796 -0.00203047 -0.01099979
v -0.01506712 -0.00310964 -0.00999944
v -0.01506712 -0.00310964 -0.00999944
v -0.01357796 -0.00203047 -0.01099979
v -0.01502710 -0.00302748 -0.01099984
v -0.01506712 -0.00310964 -0.00999944
v -0.01502710 -0.00302748 -0.01099984
v -0.01553411 -0.00457528 -0.00999993
v -0.01553411 -0.00457528 -0.00999993
v -0.01502710 -0.00302748 -0.01099984
v -0.01550998 -0.00487246 -0.01100010
v -0.01508681 -0.00606340 -0.01000002
v -0.01553411 -0.00457528 -0.00999993
v -0.01550998 -0.00487246 -0.01100010
v -0.01508681 -0.00606340 -0.01000002
v -0.01360370 -0.00708016 -0.01099987
v -0.01376878 -0.00702135 -0.00999989
v -0.01134276 -0.00659075 -0.01099986
v -0.01047805 -0.00529355 -0.00999993
v -0.01199517 -0.00694584 -0.00995690
v -0.01472850 -0.00649049 -0.01094006
v -0.01360370 -0.00708016 -0.01099987
v -0.01508681 -0.00606340 -0.01000002
v -0.01376878 -0.00702135 -0.00999989
v -0.01360370 -0.00708016 -0.01099987
v -0.01199517 -0.00694584 -0.00995690
v -0.01508681 -0.00606340 -0.01000002
v -0.01550998 -0.00487246 -0.01100010
v -0.01472850 -0.00649049 -0.01094006
v -0.01199517 -0.00694584 -0.00995690
v -0.01360370 -0.00708016 -0.01099987
v -0.01134276 -0.00659075 -0.01099986
v -0.01047805 -0.00529355 -0.00999993
v -0.01134276 -0.00659075 -0.01099986
v -0.01043896 -0.00453204 -0.01099997
v 0.01552161 -0.00529355 -0.00999993
v 0.01556070 -0.00453204 -0.01100000
v 0.01486190 -0.00277543 -0.01000024
v 0.01486190 -0.00277543 -0.01000024
v 0.01556070 -0.00453204 -0.01100000
v 0.01490776 -0.00290907 -0.01099991
v 0.01093254 -0.00310964 -0.00999944
v 0.01098327 -0.00300680 -0.01099985
v 0.01046555 -0.00457528 -0.00999990
v 0.01046555 -0.00457528 -0.00999990
v 0.01098327 -0.00300680 -0.01099985
v 0.01048968 -0.00487246 -0.01100010
v 0.01091285 -0.00606340 -0.01000004
v 0.01046555 -0.00457528 -0.00999990
v 0.01048968 -0.00487246 -0.01100010
v 0.01091285 -0.00606340 -0.01000004
v 0.01239596 -0.00708016 -0.01099987
v 0.01223088 -0.00702135 -0.00999989
v 0.01470506 -0.00654571 -0.01099984
v 0.01552161 -0.00529355 -0.00999993
v 0.01405545 -0.00691618 -0.00999996
v 0.01129045 -0.00649519 -0.01099983
v 0.01239596 -0.00708016 -0.01099987
v 0.01091285 -0.00606340 -0.01000004
v 0.01223088 -0.00702135 -0.00999989
v 0.01239596 -0.00708016 -0.01099987
v 0.01405545 -0.00691618 -0.00999996
v 0.01091285 -0.00606340 -0.01000004
v 0.01048968 -0.00487246 -0.01100010
v 0.01129045 -0.00649519 -0.01099983
v 0.01405545 -0.00691618 -0.00999996
v 0.01239596 -0.00708016 -0.01099987
v 0.01470506 -0.00654571 -0.01099984
v 0.01552161 -0.00529355 -0.00999993
v 0.01470506 -0.00654571 -0.01099984
v 0.01556070 -0.00453204 -0.01100000
v 0.01649979 0.02199971 -0.00699991
v 0.01649979 0.02549967 -0.00699991
v 0.01649979 0.02549967 -0.00399995
v 0.01649979 0.02199971 -0.00399995
v -0.01399982 -0.04349943 -0.01635979
v -0.00899988 -0.01949975 -0.01635979
v -0.00899988 -0.03449955 -0.01635979
v 0.02046016 -0.04216144 -0.01635979
v 0.01449981 -0.03099960 -0.01635979
v 0.02049973 -0.03099960 -0.01635979
v 0.01449981 -0.03449955 -0.01635979
v -0.01149985 -0.01949975 -0.01635979
v -0.01399982 -0.01449981 -0.01635979
v -0.01149985 -0.01449981 -0.01635979
v 0.01916117 -0.04343235 -0.01635979
v -0.03949949 -0.01449981 -0.04449942
v -0.04429942 -0.01449981 -0.00709991
v -0.04349943 -0.01449981 -0.04449942
v -0.03849950 -0.01449981 -0.04549941
v -0.02585411 -0.01449988 -0.02813280
v -0.01149985 -0.01449981 -0.02794192
v -0.01149985 -0.01449981 -0.01635979
v -0.04449942 -0.01449981 -0.04549941
v -0.02799964 -0.01449981 -0.02820655
v -0.01399982 -0.01449981 -0.01635979
v -0.02743477 -0.01449981 -0.03013519
v -0.02749964 -0.01449981 -0.04949936
v -0.01649979 -0.01449981 -0.00649992
v -0.03880984 -0.01449981 -0.05008556
v -0.02849963 -0.01449981 -0.05049934
v -0.01649979 -0.01449981 -0.00649992
v -0.01399982 -0.01449981 -0.01635979
v -0.01649431 -0.01450091 -0.00590381
v -0.01649431 -0.01450091 -0.00590381
v -0.01397071 -0.01449497 -0.00596757
v -0.01399982 -0.04349943 -0.01635979
v -0.01399982 -0.04345586 -0.01376394
v -0.01399982 -0.04246943 -0.01166642
v -0.01401465 -0.03149132 -0.00897888
v -0.01400555 -0.02243334 -0.00795267
v -0.01399982 -0.04349943 -0.01635979
v -0.01400555 -0.02243334 -0.00795267
v -0.01397071 -0.01449497 -0.00596757
v -0.01397071 -0.01449497 -0.00596757
v -0.01399982 -0.01449981 -0.01635979
v -0.01399982 -0.04056599 -0.01036176
v -0.01649979 -0.00150448 -0.00817170
v -0.01649979 -0.00216220 -0.00999471
v -0.01649979 -0.01038582 -0.01013465
v -0.01649984 -0.00003416 -0.00706696
v -0.01656014 -0.00529236 -0.00434218
v -0.01649979 -0.01038582 -0.01013465
v -0.01649979 -0.01049986 -0.00649992
v -0.01656014 -0.00529236 -0.00434218
v -0.01649979 -0.01049986 -0.00649992
v -0.01649979 -0.01449981 -0.00649992
v -0.01656014 -0.00529236 -0.00434218
v -0.01649979 -0.01449981 -0.00649992
v -0.01649431 -0.01450091 -0.00590381
v -0.01649979 -0.01038582 -0.01013465
v -0.01656014 -0.00529236 -0.00434218
v -0.01649984 -0.00003416 -0.00706696
v -0.01649984 -0.00003416 -0.00706696
v -0.01656014 -0.00529236 -0.00434218
v -0.01649979 0.00000000 -0.00399995
v -0.00489165 -0.00900841 -0.00504279
v 0.00579353 -0.00857407 -0.00493655
v 0.01540171 -0.00650815 -0.00454830
v 0.01869078 -0.04052358 -0.01034213
v 0.01673274 -0.02653008 -0.00802680
v 0.01384354 -0.03260853 -0.00908074
v -0.01399982 -0.04056599 -0.01036176
v 0.00779973 -0.03899938 -0.01010529
v -0.00939669 -0.03899886 -0.01006690
v -0.01537224 -0.00651077 -0.00454747
v -0.00489165 -0.00900841 -0.00504279
v 0.01540171 -0.00650815 -0.00454830
v 0.01869078 -0.04052358 -0.01034213
v 0.01384354 -0.03260853 -0.00908074
v 0.00779973 -0.03899938 -0.01010529
v -0.01399982 -0.04056599 -0.01036176
v 0.01904927 -0.01499981 -0.00601739
v 0.01673274 -0.02653008 -0.00802680
v 0.01869078 -0.04052358 -0.01034213
v 0.01904927 -0.01499981 -0.00601739
v 0.01649877 -0.01500149 -0.00599165
v 0.01673274 -0.02653008 -0.00802680
v 0.01649877 -0.01500149 -0.00599165
v 0.01656777 -0.00524231 -0.00433654
v 0.01649877 -0.01500149 -0.00599165
v 0.00579353 -0.00857407 -0.00493655
v 0.01517754 -0.01644015 -0.00630247
v -0.01399982 -0.04056599 -0.01036176
v -0.00939669 -0.03899886 -0.01006690
v -0.01401465 -0.03149132 -0.00897888
v -0.01656014 -0.00529236 -0.00434218
v -0.01649431 -0.01450091 -0.00590381
v -0.01537224 -0.00651077 -0.00454747
v -0.01537224 -0.00651077 -0.00454747
v -0.01649431 -0.01450091 -0.00590381
v -0.00489165 -0.00900841 -0.00504279
v -0.00989803 -0.02133521 -0.00965278
v -0.00696546 -0.01935588 -0.01085546
v -0.00687915 -0.01778120 -0.00961030
v -0.00696546 -0.01935588 -0.01085546
v -0.00414415 -0.01747365 -0.01095458
v -0.00687915 -0.01778120 -0.00961030
v -0.00414415 -0.01747365 -0.01095458
v -0.00134832 -0.01656775 -0.01092542
v -0.00310378 -0.01593079 -0.00971445
v 0.00726551 -0.01992982 -0.01094780
v 0.00904732 -0.02322252 -0.01095500
v 0.01120520 -0.02281256 -0.00924805
v 0.00927329 -0.02689822 -0.01098737
v 0.00854303 -0.03034123 -0.01083760
v 0.01066628 -0.02994022 -0.00995408
v -0.00687915 -0.01778120 -0.00961030
v -0.00922076 -0.01783807 -0.00831078
v -0.00989803 -0.02133521 -0.00965278
v -0.01018915 -0.01477363 -0.00652415
v -0.01207372 -0.02047114 -0.00809480
v -0.00922076 -0.01783807 -0.00831078
v -0.01018915 -0.01477363 -0.00652415
v -0.01400555 -0.02243334 -0.00795267
v -0.01207372 -0.02047114 -0.00809480
v -0.00989803 -0.02133521 -0.00965278
v -0.00899659 -0.02308626 -0.01096775
v -0.00696546 -0.01935588 -0.01085546
v -0.01018915 -0.01477363 -0.00652415
v -0.01397071 -0.01449497 -0.00596757
v -0.01400555 -0.02243334 -0.00795267
v -0.00620642 -0.01503776 -0.00777416
v -0.00687915 -0.01778120 -0.00961030
v -0.00310378 -0.01593079 -0.00971445
v -0.01397071 -0.01449497 -0.00596757
v -0.00489165 -0.00900841 -0.00504279
v -0.01649431 -0.01450091 -0.00590381
v -0.00299755 -0.01366045 -0.00750291
v -0.00620642 -0.01503776 -0.00777416
v -0.00310378 -0.01593079 -0.00971445
v 0.00032073 -0.01302113 -0.00725028
v -0.00299755 -0.01366045 -0.00750291
v -0.00310378 -0.01593079 -0.00971445
v -0.00310378 -0.01593079 -0.00971445
v -0.00134832 -0.01656775 -0.01092542
v 0.00163712 -0.01485542 -0.00883774
v 0.00163712 -0.01485542 -0.00883774
v -0.00134832 -0.01656775 -0.01092542
v 0.00191631 -0.01667755 -0.01095207
v 0.00163712 -0.01485542 -0.00883774
v 0.00191631 -0.01667755 -0.01095207
v 0.00587336 -0.01637769 -0.00893144
v 0.00587336 -0.01637769 -0.00893144
v 0.00191631 -0.01667755 -0.01095207
v 0.00504032 -0.01774414 -0.01080023
v 0.01000668 -0.01692425 -0.00754033
v 0.00506918 -0.01346913 -0.00705793
v 0.00587336 -0.01637769 -0.00893144
v 0.00506918 -0.01346913 -0.00705793
v 0.01000668 -0.01692425 -0.00754033
v 0.00849552 -0.01297845 -0.00612716
v 0.00849552 -0.01297845 -0.00612716
v 0.01517754 -0.01644015 -0.00630247
v 0.00579353 -0.00857407 -0.00493655
v 0.00846469 -0.01897950 -0.00942192
v 0.00504032 -0.01774414 -0.01080023
v 0.00726551 -0.01992982 -0.01094780
v 0.01152626 -0.02746155 -0.00964313
v 0.00904732 -0.02322252 -0.01095500
v 0.00927329 -0.02689822 -0.01098737
v -0.00989803 -0.02133521 -0.00965278
v -0.00922076 -0.01783807 -0.00831078
v -0.01207372 -0.02047114 -0.00809480
v -0.01018915 -0.01477363 -0.00652415
v -0.00922076 -0.01783807 -0.00831078
v -0.00620642 -0.01503776 -0.00777416
v -0.00620642 -0.01503776 -0.00777416
v -0.00922076 -0.01783807 -0.00831078
v -0.00687915 -0.01778120 -0.00961030
v -0.00414415 -0.01747365 -0.01095458
v -0.00310378 -0.01593079 -0.00971445
v -0.00687915 -0.01778120 -0.00961030
v -0.01018915 -0.01477363 -0.00652415
v -0.00620642 -0.01503776 -0.00777416
v -0.00443293 -0.01150495 -0.00605212
v -0.01018915 -0.01477363 -0.00652415
v -0.00443293 -0.01150495 -0.00605212
v -0.00489165 -0.00900841 -0.00504279
v -0.01018915 -0.01477363 -0.00652415
v -0.00489165 -0.00900841 -0.00504279
v -0.01397071 -0.01449497 -0.00596757
v -0.00620642 -0.01503776 -0.00777416
v -0.00299755 -0.01366045 -0.00750291
v -0.00443293 -0.01150495 -0.00605212
v 0.00163712 -0.01485542 -0.00883774
v 0.00032073 -0.01302113 -0.00725028
v -0.00310378 -0.01593079 -0.00971445
v -0.00299755 -0.01366045 -0.00750291
v 0.00032073 -0.01302113 -0.00725028
v 0.00278574 -0.01020359 -0.00553908
v -0.00443293 -0.01150495 -0.00605212
v -0.00443293 -0.01150495 -0.00605212
v 0.00278574 -0.01020359 -0.00553908
v -0.00489165 -0.00900841 -0.00504279
v 0.00278574 -0.01020359 -0.00553908
v 0.00579353 -0.00857407 -0.00493655
v -0.00489165 -0.00900841 -0.00504279
v 0.00032073 -0.01302113 -0.00725028
v 0.00163712 -0.01485542 -0.00883774
v 0.00506918 -0.01346913 -0.00705793
v 0.00032073 -0.01302113 -0.00725028
v 0.00506918 -0.01346913 -0.00705793
v 0.00278574 -0.01020359 -0.00553908
v 0.00579353 -0.00857407 -0.00493655
v 0.00278574 -0.01020359 -0.00553908
v 0.00849552 -0.01297845 -0.00612716
v 0.00849552 -0.01297845 -0.00612716
v 0.00278574 -0.01020359 -0.00553908
v 0.00506918 -0.01346913 -0.00705793
v 0.00506918 -0.01346913 -0.00705793
v 0.00163712 -0.01485542 -0.00883774
v 0.00587336 -0.01637769 -0.00893144
v 0.00504032 -0.01774414 -0.01080023
v 0.00846469 -0.01897950 -0.00942192
v 0.00587336 -0.01637769 -0.00893144
v 0.00587336 -0.01637769 -0.00893144
v 0.00846469 -0.01897950 -0.00942192
v 0.01000668 -0.01692425 -0.00754033
v 0.01000668 -0.01692425 -0.00754033
v 0.01299615 -0.01828902 -0.00711051
v 0.00849552 -0.01297845 -0.00612716
v 0.00849552 -0.01297845 -0.00612716
v 0.01299615 -0.01828902 -0.00711051
v 0.01517754 -0.01644015 -0.00630247
v 0.00726551 -0.01992982 -0.01094780
v 0.01120520 -0.02281256 -0.00924805
v 0.00846469 -0.01897950 -0.00942192
v 0.00846469 -0.01897950 -0.00942192
v 0.01120520 -0.02281256 -0.00924805
v 0.01000668 -0.01692425 -0.00754033
v 0.01000668 -0.01692425 -0.00754033
v 0.01120520 -0.02281256 -0.00924805
v 0.01299615 -0.01828902 -0.00711051
v 0.01517754 -0.01644015 -0.00630247
v 0.01673274 -0.02653008 -0.00802680
v 0.01649877 -0.01500149 -0.00599165
v 0.01120520 -0.02281256 -0.00924805
v 0.01418325 -0.02510404 -0.00837954
v 0.01299615 -0.01828902 -0.00711051
v 0.01299615 -0.01828902 -0.00711051
v 0.01418325 -0.02510404 -0.00837954
v 0.01517754 -0.01644015 -0.00630247
v 0.01418325 -0.02510404 -0.00837954
v 0.01673274 -0.02653008 -0.00802680
v 0.01517754 -0.01644015 -0.00630247
v 0.00904732 -0.02322252 -0.01095500
v 0.01152626 -0.02746155 -0.00964313
v 0.01120520 -0.02281256 -0.00924805
v 0.01120520 -0.02281256 -0.00924805
v 0.01152626 -0.02746155 -0.00964313
v 0.01418325 -0.02510404 -0.00837954
v 0.00927329 -0.02689822 -0.01098737
v 0.01066628 -0.02994022 -0.00995408
v 0.01152626 -0.02746155 -0.00964313
v 0.01152626 -0.02746155 -0.00964313
v 0.01384354 -0.03260853 -0.00908074
v 0.01418325 -0.02510404 -0.00837954
v 0.01418325 -0.02510404 -0.00837954
v 0.01384354 -0.03260853 -0.00908074
v 0.01673274 -0.02653008 -0.00802680
v 0.01152626 -0.02746155 -0.00964313
v 0.01066628 -0.02994022 -0.00995408
v 0.01384354 -0.03260853 -0.00908074
v -0.04349943 -0.01049986 -0.00649992
v -0.04429942 -0.01449981 -0.00709991
v -0.01649979 -0.01049986 -0.00649992
v -0.01649979 -0.01049986 -0.00649992
v -0.04429942 -0.01449981 -0.00709991
v -0.01649979 -0.01449981 -0.00649992
v -0.01643864 0.02776908 -0.00400002
v -0.01384443 0.02759565 -0.00062524
v -0.01315391 0.02897030 -0.00087578
v -0.01643864 0.02776908 -0.00400002
v -0.01315391 0.02897030 -0.00087578
v -0.01519749 0.02933547 -0.00400015
v -0.01519749 0.02933547 -0.00400015
v -0.01315391 0.02897030 -0.00087578
v -0.01261397 0.02985015 -0.00205910
v -0.01519749 0.02933547 -0.00400015
v -0.01261397 0.02985015 -0.00205910
v -0.01341582 0.02997859 -0.00400012
v -0.01341582 0.02997859 -0.00400012
v -0.01261397 0.02985015 -0.00205910
v 0.01364805 0.02996292 -0.00400014
v 0.01364805 0.02996292 -0.00400014
v -0.01261397 0.02985015 -0.00205910
v 0.01230697 0.02986206 -0.00194556
v 0.01401286 0.02788227 -0.00083255
v 0.01613172 0.02856377 -0.00400002
v 0.01286875 0.02921134 -0.00103674
v 0.01286875 0.02921134 -0.00103674
v 0.01613172 0.02856377 -0.00400002
v 0.01230697 0.02986206 -0.00194556
v 0.01230697 0.02986206 -0.00194556
v 0.01613172 0.02856377 -0.00400002
v 0.01364805 0.02996292 -0.00400014
v -0.01256467 -0.00134598 -0.00011985
v -0.01384443 0.02759565 -0.00062524
v -0.01391549 -0.00084134 -0.00067099
v -0.01256467 -0.00134598 -0.00011985
v -0.01245434 0.02805909 -0.00012497
v -0.01384443 0.02759565 -0.00062524
v 0.01290157 -0.00089735 -0.00010987
v 0.01343481 0.02741251 -0.00034618
v 0.01239159 0.02779480 -0.00006394
v 0.01407512 -0.00059617 -0.00082218
v 0.01401286 0.02788227 -0.00083255
v 0.01343481 0.02741251 -0.00034618
v 0.01407512 -0.00059617 -0.00082218
v 0.01343481 0.02741251 -0.00034618
v 0.01290157 -0.00089735 -0.00010987
v 0.01649877 -0.01500149 -0.00599165
v 0.01649979 -0.00809990 -0.00999987
v 0.01656777 -0.00524231 -0.00433654
v 0.01649979 -0.00809990 -0.00999987
v 0.01649979 -0.00224077 -0.00994649
v 0.01649974 -0.00009691 -0.00700645
v 0.01649979 -0.01499981 -0.01116755
v 0.01649877 -0.01500149 -0.00599165
v 0.01649974 -0.00009691 -0.00700645
v 0.01649979 -0.00000000 -0.00399995
v 0.01656777 -0.00524231 -0.00433654
v 0.01649974 -0.00009691 -0.00700645
v 0.01656777 -0.00524231 -0.00433654
v 0.01649979 -0.00809990 -0.00999987
v 0.01649974 -0.00009691 -0.00700645
v 0.00099998 -0.00000063 -0.00713799
v 0.00099999 -0.00000000 -0.00399995
v 0.01649979 -0.00000000 -0.00399995
v 0.01649974 -0.00009691 -0.00700645
v 0.00099999 -0.00000000 -0.00399995
v -0.00099999 0.00000000 -0.00713809
v -0.01649984 -0.00003416 -0.00706696
v -0.00099999 0.00000000 -0.00399995
v -0.01649984 -0.00003416 -0.00706696
v -0.01649979 0.00000000 -0.00399995
v -0.00099999 0.00000000 -0.00399995
v 0.00854303 -0.03034123 -0.01083760
v 0.00927329 -0.02689822 -0.01098737
v 0.00587572 -0.03332784 -0.01098004
v -0.00899659 -0.02308626 -0.01096775
v -0.00414415 -0.01747365 -0.01095458
v -0.00696546 -0.01935588 -0.01085546
v 0.00726551 -0.01992982 -0.01094780
v 0.00504032 -0.01774414 -0.01080023
v 0.00191631 -0.01667755 -0.01095207
v 0.00854303 -0.03034123 -0.01083760
v 0.00587572 -0.03332784 -0.01098004
v 0.00429225 -0.03658056 -0.01042629
v 0.00779973 -0.03899938 -0.01010529
v 0.00429225 -0.03658056 -0.01042629
v -0.00357096 -0.03899236 -0.01027502
v -0.00595218 -0.03569734 -0.01037592
v -0.00739376 -0.03167288 -0.01100419
v -0.00972355 -0.03106102 -0.01023577
v -0.00739376 -0.03167288 -0.01100419
v -0.00922213 -0.02753402 -0.01097787
v -0.00972355 -0.03106102 -0.01023577
v -0.00972355 -0.03106102 -0.01023577
v -0.00922213 -0.02753402 -0.01097787
v -0.01156718 -0.02768272 -0.00962727
v -0.00939669 -0.03899886 -0.01006690
v -0.00357096 -0.03899236 -0.01027502
v -0.01069606 -0.03440702 -0.00967498
v 0.00889500 -0.03582663 -0.00991858
v 0.01066628 -0.02994022 -0.00995408
v 0.00854303 -0.03034123 -0.01083760
v 0.01066628 -0.02994022 -0.00995408
v 0.00889500 -0.03582663 -0.00991858
v 0.01384354 -0.03260853 -0.00908074
v 0.01384354 -0.03260853 -0.00908074
v 0.00889500 -0.03582663 -0.00991858
v 0.00779973 -0.03899938 -0.01010529
v -0.00972355 -0.03106102 -0.01023577
v -0.01156718 -0.02768272 -0.00962727
v -0.01401465 -0.03149132 -0.00897888
v -0.01148962 -0.02537224 -0.00953590
v -0.00922213 -0.02753402 -0.01097787
v -0.00899659 -0.02308626 -0.01096775
v 0.00429225 -0.03658056 -0.01042629
v 0.00889500 -0.03582663 -0.00991858
v 0.00854303 -0.03034123 -0.01083760
v 0.00779973 -0.03899938 -0.01010529
v 0.00889500 -0.03582663 -0.00991858
v 0.00429225 -0.03658056 -0.01042629
v 0.00429225 -0.03658056 -0.01042629
v 0.00587572 -0.03332784 -0.01098004
v 0.00062287 -0.03523745 -0.01097468
v 0.00062287 -0.03523745 -0.01097468
v -0.00357096 -0.03899236 -0.01027502
v 0.00429225 -0.03658056 -0.01042629
v -0.00595218 -0.03569734 -0.01037592
v 0.00062287 -0.03523745 -0.01097468
v -0.00316419 -0.03469195 -0.01098487
v 0.00062287 -0.03523745 -0.01097468
v -0.00595218 -0.03569734 -0.01037592
v -0.00357096 -0.03899236 -0.01027502
v -0.00595218 -0.03569734 -0.01037592
v -0.00316419 -0.03469195 -0.01098487
v -0.00739376 -0.03167288 -0.01100419
v -0.01069606 -0.03440702 -0.00967498
v -0.00357096 -0.03899236 -0.01027502
v -0.00595218 -0.03569734 -0.01037592
v -0.01069606 -0.03440702 -0.00967498
v -0.00595218 -0.03569734 -0.01037592
v -0.00972355 -0.03106102 -0.01023577
v -0.01069606 -0.03440702 -0.00967498
v -0.01401465 -0.03149132 -0.00897888
v -0.00939669 -0.03899886 -0.01006690
v -0.01401465 -0.03149132 -0.00897888
v -0.01069606 -0.03440702 -0.00967498
v -0.00972355 -0.03106102 -0.01023577
v -0.00922213 -0.02753402 -0.01097787
v -0.01148962 -0.02537224 -0.00953590
v -0.01156718 -0.02768272 -0.00962727
v -0.01156718 -0.02768272 -0.00962727
v -0.01148962 -0.02537224 -0.00953590
v -0.01400555 -0.02243334 -0.00795267
v -0.01156718 -0.02768272 -0.00962727
v -0.01400555 -0.02243334 -0.00795267
v -0.01401465 -0.03149132 -0.00897888
v -0.00899659 -0.02308626 -0.01096775
v -0.00989803 -0.02133521 -0.00965278
v -0.01148962 -0.02537224 -0.00953590
v -0.01148962 -0.02537224 -0.00953590
v -0.00989803 -0.02133521 -0.00965278
v -0.01207372 -0.02047114 -0.00809480
v -0.01148962 -0.02537224 -0.00953590
v -0.01207372 -0.02047114 -0.00809480
v -0.01400555 -0.02243334 -0.00795267
v 0.00216132 -0.02049576 -0.01099983
v 0.00726551 -0.01992982 -0.01094780
v 0.00191631 -0.01667755 -0.01095207
v 0.00216132 -0.02049576 -0.01099983
v 0.00191631 -0.01667755 -0.01095207
v -0.00134832 -0.01656775 -0.01092542
v 0.00904732 -0.02322252 -0.01095500
v 0.00062287 -0.03523745 -0.01097468
v 0.00587572 -0.03332784 -0.01098004
v -0.00088451 -0.03171846 -0.01099993
v 0.00205741 -0.03141766 -0.01099983
v 0.00216132 -0.02049576 -0.01099983
v -0.00134832 -0.01656775 -0.01092542
v -0.00414415 -0.01747365 -0.01095458
v -0.00739376 -0.03167288 -0.01100419
v -0.00088451 -0.03171846 -0.01099993
v -0.00410167 -0.03019216 -0.01099994
v -0.00739376 -0.03167288 -0.01100419
v 0.00062287 -0.03523745 -0.01097468
v -0.00316419 -0.03469195 -0.01098487
v 0.00927329 -0.02689822 -0.01098737
v 0.00541316 -0.02373692 -0.01099991
v 0.00571639 -0.02691737 -0.01099991
v 0.00541316 -0.02373692 -0.01099991
v 0.00927329 -0.02689822 -0.01098737
v 0.00474537 -0.02934361 -0.01099984
v 0.00587572 -0.03332784 -0.01098004
v 0.00205741 -0.03141766 -0.01099983
v -0.00899659 -0.02308626 -0.01096775
v -0.00176461 -0.02049528 -0.01099986
v -0.00414415 -0.01747365 -0.01095458
v -0.00414415 -0.01747365 -0.01095458
v -0.00176461 -0.02049528 -0.01099986
v 0.00216132 -0.02049576 -0.01099983
v -0.00176461 -0.02049528 -0.01099986
v -0.00899659 -0.02308626 -0.01096775
v -0.00410154 -0.02190686 -0.01099988
v -0.00579291 -0.02660673 -0.01099982
v -0.00534235 -0.02379337 -0.01099989
v -0.00899659 -0.02308626 -0.01096775
v -0.00534235 -0.02379337 -0.01099989
v -0.00410154 -0.02190686 -0.01099988
v -0.00922213 -0.02753402 -0.01097787
v -0.00579291 -0.02660673 -0.01099982
v -0.00739376 -0.03167288 -0.01100419
v -0.01649979 -0.01038582 -0.01013465
v -0.01199517 -0.00694584 -0.00995690
v -0.00899989 -0.01050912 -0.01040531
v -0.02736418 -0.01050108 -0.02805836
v -0.01649979 -0.01049986 -0.00649992
v -0.01649979 -0.01038582 -0.01013465
v -0.02736418 -0.01050108 -0.02805836
v -0.01649979 -0.01038582 -0.01013465
v -0.00899989 -0.01050912 -0.01040531
v -0.04349943 -0.01049986 -0.00649992
v -0.03799951 -0.01049986 -0.02399969
v -0.04449942 -0.01049986 -0.00749990
v -0.01649979 -0.01049986 -0.00649992
v -0.02736418 -0.01050108 -0.02805836
v -0.00899989 -0.01050912 -0.01040531
v -0.00899988 -0.01049986 -0.01405982
v -0.03899949 -0.01049986 -0.02499968
v -0.03199958 -0.01049986 -0.02399969
v -0.03099960 -0.01049986 -0.02499968
v -0.03886616 -0.01049986 -0.03139959
v -0.03162526 -0.01049986 -0.03190333
v -0.02846006 -0.01050077 -0.03013077
v -0.02849963 -0.01049986 -0.05049934
v -0.00899988 -0.01049986 -0.02694193
v -0.02536501 -0.01050083 -0.02699934
v -0.04449942 -0.01049986 -0.04949936
v -0.04349943 -0.01049986 -0.05049934
v -0.00899989 -0.01050912 -0.01040531
v -0.00899989 -0.01257231 -0.01140355
v -0.00899988 -0.01049986 -0.01405982
v -0.00899989 -0.01422575 -0.01405689
v 0.01449981 -0.01449476 -0.01407689
v 0.01449981 -0.01368351 -0.01275883
v 0.01449981 -0.01499981 -0.01116755
v 0.01449980 -0.01159180 -0.01068773
v -0.00899989 -0.01050912 -0.01040531
v 0.01449980 -0.01159180 -0.01068773
v -0.00899989 -0.01257231 -0.01140355
v -0.00899989 -0.01257231 -0.01140355
v 0.01449981 -0.01368351 -0.01275883
v -0.00899989 -0.01422575 -0.01405689
v 0.01449980 -0.01159180 -0.01068773
v 0.01449981 -0.01368351 -0.01275883
v -0.00899989 -0.01257231 -0.01140355
v -0.00899989 -0.01422575 -0.01405689
v 0.01449981 -0.01368351 -0.01275883
v 0.01449981 -0.01449476 -0.01407689
v -0.01649979 -0.01038582 -0.01013465
v -0.01553411 -0.00457528 -0.00999993
v -0.01508681 -0.00606340 -0.01000002
v 0.01649979 -0.00224077 -0.00994649
v 0.01649979 -0.00809990 -0.00999987
v 0.01552161 -0.00529355 -0.00999993
v -0.01649979 -0.00216220 -0.00999471
v -0.01342452 -0.00205730 -0.00999886
v -0.01506712 -0.00310964 -0.00999944
v -0.01553411 -0.00457528 -0.00999993
v -0.01649979 -0.00216220 -0.00999471
v -0.01553411 -0.00457528 -0.00999993
v -0.01649979 -0.01038582 -0.01013465
v 0.00000000 -0.00209997 -0.00999987
v 0.01046555 -0.00457528 -0.00999990
v -0.01047805 -0.00529355 -0.00999993
v -0.01113777 -0.00277543 -0.01000024
v 0.01486190 -0.00277543 -0.01000024
v 0.01098327 -0.00300680 -0.01099985
v 0.01093254 -0.00310964 -0.00999944
v 0.01093254 -0.00310964 -0.00999944
v 0.01486190 -0.00277543 -0.01000024
v -0.01649979 -0.01038582 -0.01013465
v -0.01508681 -0.00606340 -0.01000002
v -0.01376878 -0.00702135 -0.00999989
v -0.01649979 -0.01038582 -0.01013465
v -0.01376878 -0.00702135 -0.00999989
v -0.01199517 -0.00694584 -0.00995690
v -0.01199517 -0.00694584 -0.00995690
v -0.01047805 -0.00529355 -0.00999993
v 0.01046555 -0.00457528 -0.00999990
v 0.01649979 -0.00809990 -0.00999987
v 0.01223088 -0.00702135 -0.00999989
v 0.01405545 -0.00691618 -0.00999996
v 0.01552161 -0.00529355 -0.00999993
v -0.01199517 -0.00694584 -0.00995690
v 0.01091285 -0.00606340 -0.01000004
v -0.01199517 -0.00694584 -0.00995690
v 0.01223088 -0.00702135 -0.00999989
v 0.01649979 -0.00809990 -0.00999987
v -0.00899988 -0.01949975 -0.01635979
v -0.00899988 -0.01049986 -0.02694193
v -0.00899988 -0.03449955 -0.01405982
v -0.00899988 -0.03449955 -0.01635979
v -0.00899988 -0.01149985 -0.02794192
v -0.00899988 -0.01949975 -0.02794192
v 0.01449980 -0.01159180 -0.01068773
v -0.00899989 -0.01050912 -0.01040531
v -0.01199517 -0.00694584 -0.00995690
v -0.01199517 -0.00694584 -0.00995690
v 0.01649979 -0.00809990 -0.00999987
v 0.01449980 -0.01159180 -0.01068773
v 0.01649979 -0.00809990 -0.00999987
v 0.01649979 -0.01499981 -0.01116755
v 0.01449980 -0.01159180 -0.01068773
v 0.01449980 -0.01159180 -0.01068773
v 0.01649979 -0.01499981 -0.01116755
v 0.01449981 -0.01499981 -0.01116755
v -0.00580935 -0.02582712 -0.01405966
v -0.00899988 -0.03449955 -0.01405982
v -0.00899989 -0.01422575 -0.01405689
v -0.00098960 -0.03170232 -0.01405981
v 0.00574993 -0.03449955 -0.01405982
v 0.02049973 -0.03099960 -0.01405982
v 0.00580362 -0.02609631 -0.01405974
v 0.02049973 -0.02099973 -0.01405982
v 0.01449981 -0.03099960 -0.01405982
v -0.00339481 -0.03073615 -0.01405992
v 0.00163728 -0.03161118 -0.01405972
v 0.00460977 -0.02965080 -0.01405979
v 0.01449981 -0.01449476 -0.01407689
v 0.00531297 -0.02373035 -0.01405973
v 0.00345745 -0.02129760 -0.01405987
v 0.00098961 -0.02029702 -0.01405981
v -0.00198025 -0.02045151 -0.01405980
v -0.00521455 -0.02846012 -0.01405977
v -0.00495723 -0.02297634 -0.01405978
v 0.01449981 -0.02099973 -0.01405982
v 0.01449981 -0.03449955 -0.01405982
v 0.01649979 -0.01499981 -0.01116755
v 0.01649877 -0.01500149 -0.00599165
v 0.01904927 -0.01499981 -0.00601739
v 0.02045119 -0.01499981 -0.00718460
v 0.02049973 -0.01499981 -0.01635979
v 0.02049973 -0.01499981 -0.01635979
v 0.01449981 -0.01499981 -0.01635979
v 0.01449981 -0.01449476 -0.01407689
v 0.02049973 -0.01499981 -0.01635979
v 0.01449981 -0.01449476 -0.01407689
v 0.01449981 -0.01499981 -0.01116755
v 0.01449981 -0.01499981 -0.01116755
v 0.01449981 -0.01449476 -0.01407689
v 0.01449981 -0.01499981 -0.01635979
v 0.01449981 -0.02099973 -0.01405982
v 0.01449981 -0.02099973 -0.01635979
v 0.01449981 -0.03099960 -0.01405982
v 0.01449981 -0.03099960 -0.01635979
v 0.01449981 -0.03449955 -0.01405982
v 0.01449981 -0.03449955 -0.01635979
v -0.00899988 -0.01149985 -0.02794192
v -0.02536501 -0.01050083 -0.02699934
v -0.00899988 -0.01049986 -0.02694193
v -0.02580742 -0.01150867 -0.02813693
v -0.02536501 -0.01050083 -0.02699934
v -0.00899988 -0.01149985 -0.02794192
v -0.01149985 -0.01449981 -0.02794192
v -0.00899988 -0.01949975 -0.02794192
v -0.01149985 -0.01949975 -0.02794192
v -0.00899988 -0.01149985 -0.02794192
v -0.01149985 -0.01449981 -0.02794192
v -0.02585411 -0.01449988 -0.02813280
v -0.02580742 -0.01150867 -0.02813693
v -0.01149985 -0.01449981 -0.02794192
v -0.02580742 -0.01150867 -0.02813693
v -0.00899988 -0.01149985 -0.02794192
v 0.01649979 -0.00224077 -0.00994649
v 0.00000000 -0.00209997 -0.00999987
v -0.01342452 -0.00205730 -0.00999886
v 0.01649974 -0.00009691 -0.00700645
v -0.01649984 -0.00003416 -0.00706696
v 0.00099998 -0.00000063 -0.00713799
v -0.00099999 0.00000000 -0.00713809
v 0.00099998 -0.00000063 -0.00713799
v -0.01649984 -0.00003416 -0.00706696
v 0.00099999 0.00069487 -0.00700285
v 0.00099998 -0.00000063 -0.00713799
v -0.00099999 0.00057950 -0.00700903
v -0.00099999 0.00057950 -0.00700903
v 0.00099998 -0.00000063 -0.00713799
v -0.00099999 0.00000000 -0.00713809
v -0.01649979 -0.00150448 -0.00817170
v 0.01649979 -0.00224077 -0.00994649
v -0.01649979 -0.00216220 -0.00999471
v -0.01649979 -0.00216220 -0.00999471
v 0.01649979 -0.00224077 -0.00994649
v -0.01342452 -0.00205730 -0.00999886
v -0.01649979 -0.00150448 -0.00817170
v -0.01649984 -0.00003416 -0.00706696
v 0.01649974 -0.00009691 -0.00700645
v 0.01649979 -0.00224077 -0.00994649
v -0.01649979 -0.00150448 -0.00817170
v 0.01649974 -0.00009691 -0.00700645
v -0.04407086 -0.01849976 -0.05007078
v -0.04449942 -0.01849976 -0.04549941
v -0.04449942 -0.01049986 -0.04949936
v -0.04449942 -0.01049986 -0.04949936
v -0.04449942 -0.01849976 -0.04549941
v -0.04449942 -0.01449981 -0.04549941
v -0.04449942 -0.01049986 -0.00749990
v -0.04449942 -0.01049986 -0.00749990
v -0.04449942 -0.01449981 -0.04549941
v -0.04429942 -0.01449981 -0.00709991
v -0.03949949 -0.01849976 -0.05049934
v -0.04349943 -0.01049986 -0.05049934
v -0.03880984 -0.01449981 -0.05008556
v -0.04349943 -0.01049986 -0.05049934
v -0.03949949 -0.01849976 -0.05049934
v -0.04407086 -0.01849976 -0.05007078
v -0.02849963 -0.01049986 -0.05049934
v -0.02849963 -0.01449981 -0.05049934
v -0.04349943 -0.01049986 -0.05049934
v -0.04349943 -0.01049986 -0.05049934
v -0.02849963 -0.01449981 -0.05049934
v -0.03880984 -0.01449981 -0.05008556
v -0.04407086 -0.01849976 -0.05007078
v -0.04449942 -0.01049986 -0.04949936
v -0.04349943 -0.01049986 -0.05049934
v 0.01449981 -0.03099960 -0.01635979
v 0.01449981 -0.03099960 -0.01405982
v 0.02049973 -0.03099960 -0.01635979
v 0.02049973 -0.03099960 -0.01405982
v -0.00495723 -0.02297634 -0.01405978
v -0.00534235 -0.02379337 -0.01099989
v -0.00580935 -0.02582712 -0.01405966
v -0.00579291 -0.02660673 -0.01099982
v -0.00521455 -0.02846012 -0.01405977
v -0.00580935 -0.02582712 -0.01405966
v -0.00410167 -0.03019216 -0.01099994
v -0.00339481 -0.03073615 -0.01405992
v -0.00521455 -0.02846012 -0.01405977
v -0.00088451 -0.03171846 -0.01099993
v -0.00098960 -0.03170232 -0.01405981
v -0.00339481 -0.03073615 -0.01405992
v -0.00579291 -0.02660673 -0.01099982
v -0.00580935 -0.02582712 -0.01405966
v -0.00534235 -0.02379337 -0.01099989
v -0.00410167 -0.03019216 -0.01099994
v -0.00521455 -0.02846012 -0.01405977
v -0.00579291 -0.02660673 -0.01099982
v -0.00088451 -0.03171846 -0.01099993
v 0.00163728 -0.03161118 -0.01405972
v -0.00098960 -0.03170232 -0.01405981
v 0.00163728 -0.03161118 -0.01405972
v -0.00088451 -0.03171846 -0.01099993
v 0.00205741 -0.03141766 -0.01099983
v 0.00205741 -0.03141766 -0.01099983
v 0.00460977 -0.02965080 -0.01405979
v 0.00163728 -0.03161118 -0.01405972
v 0.00460977 -0.02965080 -0.01405979
v 0.00205741 -0.03141766 -0.01099983
v 0.00474537 -0.02934361 -0.01099984
v -0.00088451 -0.03171846 -0.01099993
v -0.00339481 -0.03073615 -0.01405992
v -0.00410167 -0.03019216 -0.01099994
v 0.00571639 -0.02691737 -0.01099991
v 0.00580362 -0.02609631 -0.01405974
v 0.00460977 -0.02965080 -0.01405979
v 0.00541316 -0.02373692 -0.01099991
v 0.00345745 -0.02129760 -0.01405987
v 0.00531297 -0.02373035 -0.01405973
v 0.00216132 -0.02049576 -0.01099983
v 0.00098961 -0.02029702 -0.01405981
v 0.00345745 -0.02129760 -0.01405987
v -0.00495723 -0.02297634 -0.01405978
v -0.00198025 -0.02045151 -0.01405980
v -0.00410154 -0.02190686 -0.01099988
v 0.00541316 -0.02373692 -0.01099991
v 0.00580362 -0.02609631 -0.01405974
v 0.00571639 -0.02691737 -0.01099991
v 0.00531297 -0.02373035 -0.01405973
v 0.00580362 -0.02609631 -0.01405974
v 0.00541316 -0.02373692 -0.01099991
v 0.00216132 -0.02049576 -0.01099983
v 0.00345745 -0.02129760 -0.01405987
v 0.00541316 -0.02373692 -0.01099991
v 0.00216132 -0.02049576 -0.01099983
v -0.00198025 -0.02045151 -0.01405980
v 0.00098961 -0.02029702 -0.01405981
v -0.00198025 -0.02045151 -0.01405980
v 0.00216132 -0.02049576 -0.01099983
v -0.00176461 -0.02049528 -0.01099986
v -0.00198025 -0.02045151 -0.01405980
v -0.00176461 -0.02049528 -0.01099986
v -0.00410154 -0.02190686 -0.01099988
v -0.00495723 -0.02297634 -0.01405978
v -0.00410154 -0.02190686 -0.01099988
v -0.00534235 -0.02379337 -0.01099989
v 0.00571639 -0.02691737 -0.01099991
v 0.00460977 -0.02965080 -0.01405979
v 0.00474537 -0.02934361 -0.01099984
v 0.02049973 -0.02099973 -0.01635979
v 0.02049973 -0.02099973 -0.01405982
v 0.01449981 -0.02099973 -0.01405982
v 0.01449981 -0.02099973 -0.01635979
v -0.03886616 -0.01049986 -0.03139959
v -0.03899949 -0.01049986 -0.02499968
v -0.03899949 -0.00709991 -0.03099960
v -0.03899949 -0.00709991 -0.03099960
v -0.03899949 -0.01049986 -0.02499968
v -0.03853796 -0.00709991 -0.02446122
v -0.02741865 -0.01150150 -0.02994517
v -0.02749964 -0.01149985 -0.04949936
v -0.02846006 -0.01050077 -0.03013077
v -0.02749964 -0.01149985 -0.04949936
v -0.02849963 -0.01049986 -0.05049934
v -0.02846006 -0.01050077 -0.03013077
v -0.03799951 -0.00709991 -0.03199958
v -0.03162526 -0.01049986 -0.03190333
v -0.03886616 -0.01049986 -0.03139959
v -0.03799951 -0.00709991 -0.03199958
v -0.03199958 -0.00709991 -0.03199958
v -0.03162526 -0.01049986 -0.03190333
v -0.03099960 -0.00709991 -0.03099960
v -0.03099960 -0.01049986 -0.02499968
v -0.03162526 -0.01049986 -0.03190333
v -0.03099960 -0.00709991 -0.03099960
v -0.03099960 -0.00709991 -0.02499968
v -0.03099960 -0.01049986 -0.02499968
v -0.03199958 -0.01049986 -0.02399969
v -0.03199958 -0.00709991 -0.02399969
v -0.03799951 -0.01049986 -0.02399969
v -0.03799951 -0.01049986 -0.02399969
v -0.03199958 -0.00709991 -0.02399969
v -0.03853796 -0.00709991 -0.02446122
v -0.03199958 -0.01049986 -0.02399969
v -0.03099960 -0.00709991 -0.02499968
v -0.03199958 -0.00709991 -0.02399969
v -0.03099960 -0.01049986 -0.02499968
v -0.04349943 -0.01049986 -0.00649992
v -0.04449942 -0.01049986 -0.00749990
v -0.04429942 -0.01449981 -0.00709991
v -0.00939669 -0.03899886 -0.01006690
v 0.00779973 -0.03899938 -0.01010529
v -0.00357096 -0.03899236 -0.01027502
v 0.01656777 -0.00524231 -0.00433654
v 0.01247624 -0.00176222 -0.00034919
v 0.01540171 -0.00650815 -0.00454830
v 0.01290157 -0.00089735 -0.00010987
v 0.01656777 -0.00524231 -0.00433654
v 0.01407512 -0.00059617 -0.00082218
v 0.01656777 -0.00524231 -0.00433654
v 0.01290157 -0.00089735 -0.00010987
v 0.01247624 -0.00176222 -0.00034919
v -0.01256467 -0.00134598 -0.00011985
v -0.01537224 -0.00651077 -0.00454747
v 0.01247624 -0.00176222 -0.00034919
v 0.01247624 -0.00176222 -0.00034919
v -0.01537224 -0.00651077 -0.00454747
v 0.01540171 -0.00650815 -0.00454830
v -0.03199958 -0.00709991 -0.03199958
v -0.03799951 -0.00709991 -0.03199958
v -0.03099960 -0.00709991 -0.03099960
v -0.03199958 -0.00709991 -0.02399969
v -0.03899949 -0.00709991 -0.03099960
v -0.03853796 -0.00709991 -0.02446122
v -0.03099960 -0.00709991 -0.02499968
v -0.04349943 -0.01849976 -0.04449942
v -0.04449942 -0.01849976 -0.04549941
v -0.03949949 -0.01849976 -0.05049934
v -0.04407086 -0.01849976 -0.05007078
v -0.03860664 -0.01849976 -0.04503514
v -0.03849950 -0.01849976 -0.04949936
v -0.01537224 -0.00651077 -0.00454747
v -0.01256467 -0.00134598 -0.00011985
v -0.01656014 -0.00529236 -0.00434218
v -0.01391549 -0.00084134 -0.00067099
v -0.01656014 -0.00529236 -0.00434218
v -0.01256467 -0.00134598 -0.00011985
v 0.01239159 0.02779480 -0.00006394
v -0.01245434 0.02805909 -0.00012497
v -0.01256467 -0.00134598 -0.00011985
v 0.01290157 -0.00089735 -0.00010987
v -0.02413529 -0.00649992 -0.04715486
v -0.02398167 -0.00299992 -0.04695737
v 0.00847466 0.00462337 -0.04699937
v -0.02413529 -0.00649992 -0.04715486
v 0.00847466 0.00462337 -0.04699937
v 0.02300861 -0.00649992 -0.04700713
v 0.02300861 -0.00649992 -0.04700713
v 0.01193152 0.01082666 -0.04699940
v 0.02340290 -0.00299996 -0.04707764
v -0.02405335 0.01449985 -0.04687743
v -0.02401656 0.02549964 -0.04690084
v 0.00785748 0.01447057 -0.04699937
v 0.02660311 0.02549964 -0.04697331
v 0.02704782 0.02199984 -0.04689371
v 0.01193152 0.01082666 -0.04699940
v 0.02704782 0.02199984 -0.04689371
v 0.03103609 0.02199970 -0.04691714
v 0.01193152 0.01082666 -0.04699940
v 0.02499968 -0.00299996 -0.04699939
v 0.01193152 0.01082666 -0.04699940
v 0.02499968 0.00099999 -0.04699939
v 0.02499968 0.00099999 -0.04699939
v 0.01193152 0.01082666 -0.04699940
v 0.03089246 0.00100002 -0.04689558
v -0.02407862 0.00449989 -0.04684134
v 0.00847466 0.00462337 -0.04699937
v -0.02398167 -0.00299992 -0.04695737
v 0.03103609 0.02199970 -0.04691714
v 0.03089246 0.00100002 -0.04689558
v 0.02660311 0.02549964 -0.04697331
v 0.01014720 0.01342170 -0.04699940
v 0.01147739 0.00701752 -0.04699929
v 0.01193152 0.01082666 -0.04699940
v 0.02499968 -0.00299996 -0.04699939
v 0.02340290 -0.00299996 -0.04707764
v -0.02584278 -0.00649992 -0.04886423
v -0.02635439 -0.00649992 -0.05194865
v -0.02594892 -0.00299996 -0.04919867
v -0.02602927 -0.00109999 -0.05161446
v -0.02594892 -0.00299996 -0.04919867
v -0.02635439 -0.00649992 -0.05194865
v -0.02602927 -0.00109999 -0.05161446
v -0.02599966 -0.00109999 -0.04199945
v -0.02599966 -0.00299996 -0.04199945
v -0.02602927 -0.00109999 -0.05161446
v -0.02599966 -0.00299996 -0.04199945
v -0.02594892 -0.00299996 -0.04919867
v 0.02517914 -0.00649992 -0.04831564
v 0.02537862 -0.00299996 -0.04877459
v 0.02564253 -0.00649992 -0.05178504
v 0.02549967 -0.00299996 -0.04199945
v 0.02563986 -0.00109999 -0.05180307
v 0.02537862 -0.00299996 -0.04877459
v 0.02537862 -0.00299996 -0.04877459
v 0.02563986 -0.00109999 -0.05180307
v 0.02564253 -0.00649992 -0.05178504
v 0.02563986 -0.00109999 -0.05180307
v 0.02549967 -0.00299996 -0.04199945
v 0.02549967 -0.00109999 -0.04199945
v 0.02499968 -0.00299996 -0.04699939
v 0.02511882 -0.00299996 -0.04175869
v 0.02549967 -0.00299996 -0.04199945
v 0.02537862 -0.00299996 -0.04877459
v 0.02340290 -0.00299996 -0.04707764
v 0.02710529 -0.00299998 -0.04007953
v 0.03149959 -0.00299996 -0.04199945
v 0.03149959 -0.00299996 -0.03999948
v 0.03249958 -0.00299996 -0.03999948
v 0.03161048 -0.00299995 -0.02903329
v 0.03149959 -0.00299996 -0.03999948
v -0.01993132 -0.00299996 -0.04019743
v -0.01993633 0.01049986 -0.03469589
v -0.01999974 -0.00299996 -0.02899962
v -0.01996025 0.01049982 -0.02905979
v -0.01999974 -0.00299996 -0.02899962
v -0.01993633 0.01049986 -0.03469589
v -0.01986122 0.01449981 -0.04033037
v -0.01996469 0.02199971 -0.04007355
v -0.01999974 0.01449981 -0.03799951
v -0.01986428 0.01549982 -0.03457980
v -0.01999974 0.01449981 -0.03799951
v -0.01996469 0.02199971 -0.04007355
v -0.01999974 0.00449994 -0.03799951
v -0.01999974 0.01449981 -0.03799951
v -0.01993633 0.01049986 -0.03469589
v -0.01999974 0.00449994 -0.03799951
v -0.01993633 0.01049986 -0.03469589
v -0.01993132 -0.00299996 -0.04019743
v -0.01999974 0.00449994 -0.03799951
v -0.01993132 -0.00299996 -0.04019743
v -0.01983447 0.00449994 -0.04044373
v -0.01993633 0.01049986 -0.03469589
v -0.01996469 0.02199971 -0.04007355
v -0.02029096 0.02199971 -0.03355735
v -0.01986428 0.01549982 -0.03457980
v -0.01996025 0.01049982 -0.02905979
v -0.01799322 0.01549981 -0.02883832
v -0.02187356 0.01549983 -0.02902008
v -0.02538893 0.02199971 -0.02894395
v -0.01996025 0.01049982 -0.02905979
v -0.02187356 0.01549983 -0.02902008
v -0.02179623 0.02199971 -0.02899962
v -0.02549967 -0.00299996 -0.02899962
v -0.01999974 -0.00299996 -0.02899962
v -0.02538893 0.02199971 -0.02894395
v -0.02538893 0.02199971 -0.02894395
v -0.01999974 -0.00299996 -0.02899962
v -0.01996025 0.01049982 -0.02905979
v 0.01822085 0.01049986 -0.04142764
v 0.00501484 0.02199971 -0.04149993
v 0.01437657 0.01049986 -0.04142611
v 0.00501484 0.02199971 -0.04149993
v 0.01822085 0.01049986 -0.04142764
v 0.01843869 0.02199971 -0.04135403
v 0.01158402 0.01160168 -0.04149946
v 0.01201731 0.00889700 -0.04149943
v 0.01437657 0.01049986 -0.04142611
v 0.01097726 0.00636012 -0.04149946
v 0.01437657 0.01049986 -0.04142611
v 0.01201731 0.00889700 -0.04149943
v 0.01403464 0.00749990 -0.04146629
v 0.01097726 0.00636012 -0.04149946
v 0.00835001 0.00454204 -0.04149948
v 0.01403464 0.00749990 -0.04146629
v 0.00835001 0.00454204 -0.04149948
v 0.02315022 0.00749990 -0.04145948
v 0.00501484 0.02199971 -0.04149993
v 0.00500953 0.01449981 -0.04151034
v 0.00792169 0.01446367 -0.04149947
v 0.01015653 0.01347185 -0.04149946
v 0.01158402 0.01160168 -0.04149946
v 0.00501484 0.02199971 -0.04149993
v 0.01158402 0.01160168 -0.04149946
v 0.01437657 0.01049986 -0.04142611
v 0.01097726 0.00636012 -0.04149946
v 0.01403464 0.00749990 -0.04146629
v 0.01437657 0.01049986 -0.04142611
v 0.02302948 -0.00299996 -0.04146100
v 0.02315022 0.00749990 -0.04145948
v 0.00835001 0.00454204 -0.04149948
v 0.02302948 -0.00299996 -0.04146100
v 0.00835001 0.00454204 -0.04149948
v -0.01865385 -0.00299996 -0.04144760
v -0.01865385 -0.00299996 -0.04144760
v -0.01858320 0.00449994 -0.04144495
v -0.01865385 -0.00299996 -0.04144760
v -0.01983447 0.00449994 -0.04044373
v -0.01993132 -0.00299996 -0.04019743
v -0.01983447 0.00449994 -0.04044373
v -0.01865385 -0.00299996 -0.04144760
v -0.01858320 0.00449994 -0.04144495
v 0.03149959 -0.00299996 -0.03999948
v 0.03249958 0.00099999 -0.03999948
v 0.03249958 -0.00299996 -0.03999948
v 0.02710529 -0.00299998 -0.04007953
v 0.02687984 0.00099997 -0.04014541
v 0.03149959 -0.00299996 -0.03999948
v 0.03149959 -0.00299996 -0.03999948
v 0.02687984 0.00099997 -0.04014541
v 0.03249958 0.00099999 -0.03999948
v 0.01949975 0.02199971 -0.02899962
v 0.01946365 0.01549982 -0.02909426
v 0.02449968 0.00749990 -0.02899962
v 0.03249958 0.02199971 -0.02899962
v 0.02849963 0.02199971 -0.02899962
v 0.03249958 0.00949988 -0.02899962
v 0.01786745 0.00749989 -0.02897555
v 0.02449968 0.00749990 -0.02899962
v 0.01946365 0.01549982 -0.02909426
v 0.02449968 0.00749990 -0.02899962
v 0.02449968 -0.00299996 -0.02899962
v 0.03161048 -0.00299995 -0.02903329
v 0.01949975 0.02199971 -0.02899962
v 0.02445932 0.00749990 -0.04018099
v 0.02449968 -0.00299996 -0.02899962
v 0.02449968 0.00749990 -0.02899962
v 0.02437937 -0.00299996 -0.04038518
v 0.02449968 -0.00299996 -0.02899962
v 0.02445932 0.00749990 -0.04018099
v 0.02315022 0.00749990 -0.04145948
v 0.02437937 -0.00299996 -0.04038518
v 0.02445932 0.00749990 -0.04018099
v 0.02437937 -0.00299996 -0.04038518
v 0.02315022 0.00749990 -0.04145948
v 0.02302948 -0.00299996 -0.04146100
v 0.02499968 0.00099999 -0.04699939
v 0.02507607 0.00099999 -0.04196103
v 0.02511882 -0.00299996 -0.04175869
v 0.02499968 0.00099999 -0.04699939
v 0.02511882 -0.00299996 -0.04175869
v 0.02499968 -0.00299996 -0.04699939
v 0.02511882 -0.00299996 -0.04175869
v 0.02687984 0.00099997 -0.04014541
v 0.02710529 -0.00299998 -0.04007953
v 0.02687984 0.00099997 -0.04014541
v 0.02511882 -0.00299996 -0.04175869
v 0.02507607 0.00099999 -0.04196103
v -0.02538893 0.02199971 -0.02894395
v -0.02555052 0.02549967 -0.02799539
v -0.02546410 0.02549967 -0.04510174
v -0.02549967 -0.00299996 -0.02899962
v -0.02538893 0.02199971 -0.02894395
v -0.02549967 0.01449981 -0.03799951
v -0.02549967 -0.00299996 -0.02899962
v -0.02549967 0.01449981 -0.03799951
v -0.02549967 0.00449994 -0.03799951
v -0.02549967 -0.00299996 -0.02899962
v -0.02549967 0.00449994 -0.03799951
v -0.02544527 0.00449994 -0.04515281
v -0.02534382 -0.00299990 -0.04561417
v -0.02549967 0.01449981 -0.03799951
v -0.02546410 0.02549967 -0.04510174
v -0.02542991 0.01449985 -0.04535187
v -0.02546410 0.02549967 -0.04510174
v -0.02549967 0.01449981 -0.03799951
v -0.02538893 0.02199971 -0.02894395
v -0.02407862 0.00449989 -0.04684134
v -0.02534382 -0.00299990 -0.04561417
v -0.02544527 0.00449994 -0.04515281
v -0.02534382 -0.00299990 -0.04561417
v -0.02407862 0.00449989 -0.04684134
v -0.02398167 -0.00299992 -0.04695737
v -0.02398167 -0.00299992 -0.04695737
v -0.02584278 -0.00649992 -0.04886423
v -0.02594892 -0.00299996 -0.04919867
v -0.02398167 -0.00299992 -0.04695737
v -0.02413529 -0.00649992 -0.04715486
v -0.02584278 -0.00649992 -0.04886423
v 0.03147905 -0.00649992 -0.02905118
v 0.03015253 -0.00299990 -0.02762860
v 0.03006834 -0.00649989 -0.02727243
v 0.03147905 -0.00649992 -0.02905118
v 0.03161048 -0.00299995 -0.02903329
v 0.03015253 -0.00299990 -0.02762860
v 0.02537862 -0.00299996 -0.04877459
v 0.02517914 -0.00649992 -0.04831564
v 0.02340290 -0.00299996 -0.04707764
v 0.02340290 -0.00299996 -0.04707764
v 0.02517914 -0.00649992 -0.04831564
v 0.02300861 -0.00649992 -0.04700713
v 0.03161048 -0.00299995 -0.02903329
v 0.03147905 -0.00649992 -0.02905118
v 0.03149959 -0.00299996 -0.03999948
v 0.03149959 -0.00299996 -0.04199945
v 0.03131040 -0.00649992 -0.05187771
v 0.03149959 -0.00109999 -0.04199945
v 0.03131040 -0.00649992 -0.05187771
v 0.03149959 -0.00299996 -0.04199945
v 0.03149959 -0.00299996 -0.03999948
v 0.03131040 -0.00649992 -0.05187771
v 0.03139959 -0.00109999 -0.05169933
v 0.03149959 -0.00109999 -0.04199945
v 0.03149959 -0.00299996 -0.03999948
v 0.03147905 -0.00649992 -0.02905118
v 0.03131040 -0.00649992 -0.05187771
v 0.02978432 -0.00299999 -0.01574233
v 0.02990824 -0.00649989 -0.01629872
v 0.03015253 -0.00299990 -0.02762860
v 0.03015253 -0.00299990 -0.02762860
v 0.02990824 -0.00649989 -0.01629872
v 0.03006834 -0.00649989 -0.02727243
v 0.02439939 -0.00299999 -0.01105166
v 0.02515041 -0.00649986 -0.01115510
v 0.02744610 -0.00299993 -0.01255420
v 0.02835240 -0.00649989 -0.01345034
v 0.02990824 -0.00649989 -0.01629872
v 0.02978432 -0.00299999 -0.01574233
v 0.02835240 -0.00649989 -0.01345034
v 0.02744610 -0.00299993 -0.01255420
v 0.02515041 -0.00649986 -0.01115510
v 0.02744610 -0.00299993 -0.01255420
v 0.02835240 -0.00649989 -0.01345034
v 0.02978432 -0.00299999 -0.01574233
v -0.02883209 -0.00300005 -0.01398839
v -0.02996491 -0.00299998 -0.01692381
v -0.02982821 -0.00649985 -0.01600030
v -0.02982821 -0.00649985 -0.01600030
v -0.02773160 -0.00650001 -0.01277578
v -0.02883209 -0.00300005 -0.01398839
v -0.02511742 -0.00299999 -0.01117831
v -0.02773160 -0.00650001 -0.01277578
v -0.02478393 -0.00649990 -0.01117578
v -0.02478393 -0.00649990 -0.01117578
v -0.01472850 -0.00649049 -0.01094006
v -0.02883209 -0.00300005 -0.01398839
v -0.02773160 -0.00650001 -0.01277578
v -0.02511742 -0.00299999 -0.01117831
v -0.02996491 -0.00299998 -0.01692381
v -0.03013494 -0.00649992 -0.02322046
v -0.02982821 -0.00649985 -0.01600030
v -0.03021821 -0.00299996 -0.02349837
v -0.03013494 -0.00649992 -0.02322046
v -0.02996491 -0.00299998 -0.01692381
v -0.03013494 -0.00649992 -0.02322046
v -0.03021821 -0.00299996 -0.02349837
v -0.03213921 -0.00649992 -0.02494308
v -0.03213921 -0.00649992 -0.02494308
v -0.03021821 -0.00299996 -0.02349837
v -0.03219289 -0.00299996 -0.02493481
v -0.03213921 -0.00649992 -0.02494308
v -0.03786907 -0.00299996 -0.02513010
v -0.03776874 -0.00649992 -0.02523044
v -0.03213921 -0.00649992 -0.02494308
v -0.03219289 -0.00299996 -0.02493481
v -0.03786907 -0.00299996 -0.02513010
v -0.03786907 -0.00299996 -0.02513010
v -0.03786716 -0.00649992 -0.03086725
v -0.03776874 -0.00649992 -0.02523044
v -0.03780214 -0.00299996 -0.03080223
v -0.03786716 -0.00649992 -0.03086725
v -0.03786907 -0.00299996 -0.02513010
v -0.03786716 -0.00649992 -0.03086725
v -0.03381252 -0.00300000 -0.03113095
v -0.03446366 -0.00649992 -0.03102129
v -0.03780214 -0.00299996 -0.03080223
v -0.03381252 -0.00300000 -0.03113095
v -0.03786716 -0.00649992 -0.03086725
v -0.03381252 -0.00300000 -0.03113095
v -0.03226933 -0.00649987 -0.03240602
v -0.03446366 -0.00649992 -0.03102129
v -0.03207489 -0.00299996 -0.03296997
v -0.03226933 -0.00649987 -0.03240602
v -0.03381252 -0.00300000 -0.03113095
v -0.03199958 -0.00299996 -0.04199945
v -0.03199958 -0.00109999 -0.04199945
v -0.03174245 -0.00109999 -0.05187076
v -0.03226933 -0.00649987 -0.03240602
v -0.03199958 -0.00299996 -0.04199945
v -0.03186323 -0.00649992 -0.05172660
v -0.03174245 -0.00109999 -0.05187076
v -0.03199958 -0.00299996 -0.04199945
v -0.03226933 -0.00649987 -0.03240602
v -0.03207489 -0.00299996 -0.03296997
v 0.02564253 -0.00649992 -0.05178504
v 0.02563986 -0.00109999 -0.05180307
v 0.03131040 -0.00649992 -0.05187771
v 0.03131040 -0.00649992 -0.05187771
v 0.02563986 -0.00109999 -0.05180307
v 0.03139959 -0.00109999 -0.05169933
v -0.03186323 -0.00649992 -0.05172660
v -0.03174245 -0.00109999 -0.05187076
v -0.02635439 -0.00649992 -0.05194865
v -0.02635439 -0.00649992 -0.05194865
v -0.03174245 -0.00109999 -0.05187076
v -0.02602927 -0.00109999 -0.05161446
v -0.02602927 -0.00109999 -0.05161446
v -0.03199958 -0.00109999 -0.04199945
v -0.02599966 -0.00109999 -0.04199945
v -0.03174245 -0.00109999 -0.05187076
v 0.02549967 -0.00299996 -0.04199945
v 0.03149959 -0.00299996 -0.04199945
v 0.02549967 -0.00109999 -0.04199945
v 0.03149959 -0.00109999 -0.04199945
v 0.03149959 -0.00109999 -0.04199945
v 0.02563986 -0.00109999 -0.05180307
v 0.02549967 -0.00109999 -0.04199945
v 0.03139959 -0.00109999 -0.05169933
v -0.03199958 -0.00299996 -0.04199945
v -0.02599966 -0.00299996 -0.04199945
v -0.03199958 -0.00109999 -0.04199945
v -0.02599966 -0.00109999 -0.04199945
v 0.01660431 0.02549970 -0.01354118
v 0.01511680 0.02999961 -0.01306643
v 0.01762136 0.02999950 -0.01331681
v 0.01825175 0.02549967 -0.01262351
v 0.01762136 0.02999950 -0.01331681
v 0.01852418 0.02999961 -0.01091790
v 0.01788287 0.02549967 -0.01003169
v 0.01852418 0.02999961 -0.01091790
v 0.01697158 0.02999962 -0.00951570
v 0.01495249 0.02549967 -0.01282463
v 0.01511680 0.02999961 -0.01306643
v 0.01660431 0.02549970 -0.01354118
v 0.01660431 0.02549970 -0.01354118
v 0.01762136 0.02999950 -0.01331681
v 0.01825175 0.02549967 -0.01262351
v 0.01825175 0.02549967 -0.01262351
v 0.01852418 0.02999961 -0.01091790
v 0.01847128 0.02549966 -0.01104459
v 0.01847128 0.02549966 -0.01104459
v 0.01852418 0.02999961 -0.01091790
v 0.01788287 0.02549967 -0.01003169
v 0.01639288 0.02549971 -0.00945391
v 0.01697158 0.02999962 -0.00951570
v 0.01519287 0.02999961 -0.00988778
v 0.01443077 0.02549974 -0.01095137
v 0.01519287 0.02999961 -0.00988778
v 0.01449260 0.02999964 -0.01132443
v 0.01443077 0.02549974 -0.01095137
v 0.01449260 0.02999964 -0.01132443
v 0.01511680 0.02999961 -0.01306643
v 0.01443077 0.02549974 -0.01095137
v 0.01511680 0.02999961 -0.01306643
v 0.01495249 0.02549967 -0.01282463
v 0.01788287 0.02549967 -0.01003169
v 0.01697158 0.02999962 -0.00951570
v 0.01639288 0.02549971 -0.00945391
v 0.01639288 0.02549971 -0.00945391
v 0.01519287 0.02999961 -0.00988778
v 0.01443077 0.02549974 -0.01095137
v 0.01697158 0.02999962 -0.00951570
v 0.01762136 0.02999950 -0.01331681
v 0.01449260 0.02999964 -0.01132443
v 0.01519287 0.02999961 -0.00988778
v 0.01852418 0.02999961 -0.01091790
v 0.01511680 0.02999961 -0.01306643
v -0.01744995 0.02549967 -0.01335480
v -0.01783495 0.02999961 -0.01310508
v -0.01608638 0.02999960 -0.01350516
v -0.01744995 0.02549967 -0.01335480
v -0.01608638 0.02999960 -0.01350516
v -0.01577491 0.02549959 -0.01341621
v -0.01577491 0.02549959 -0.01341621
v -0.01608638 0.02999960 -0.01350516
v -0.01476110 0.02999961 -0.01255664
v -0.01462717 0.02549958 -0.01052956
v -0.01448071 0.02999961 -0.01112077
v -0.01544299 0.02999961 -0.00976117
v -0.01464557 0.02549967 -0.01236536
v -0.01577491 0.02549959 -0.01341621
v -0.01476110 0.02999961 -0.01255664
v -0.01464557 0.02549967 -0.01236536
v -0.01476110 0.02999961 -0.01255664
v -0.01448071 0.02999961 -0.01112077
v -0.01464557 0.02549967 -0.01236536
v -0.01448071 0.02999961 -0.01112077
v -0.01462717 0.02549958 -0.01052956
v -0.01722014 0.02549967 -0.00949245
v -0.01699521 0.02999960 -0.00948874
v -0.01857971 0.02999972 -0.01106440
v -0.01462717 0.02549958 -0.01052956
v -0.01544299 0.02999961 -0.00976117
v -0.01722014 0.02549967 -0.00949245
v -0.01722014 0.02549967 -0.00949245
v -0.01544299 0.02999961 -0.00976117
v -0.01699521 0.02999960 -0.00948874
v -0.01722014 0.02549967 -0.00949245
v -0.01857971 0.02999972 -0.01106440
v -0.01856136 0.02549971 -0.01151295
v -0.01856136 0.02549971 -0.01151295
v -0.01857971 0.02999972 -0.01106440
v -0.01783495 0.02999961 -0.01310508
v -0.01856136 0.02549971 -0.01151295
v -0.01783495 0.02999961 -0.01310508
v -0.01744995 0.02549967 -0.01335480
v -0.01699521 0.02999960 -0.00948874
v -0.01608638 0.02999960 -0.01350516
v -0.01857971 0.02999972 -0.01106440
v -0.01448071 0.02999961 -0.01112077
v -0.01544299 0.02999961 -0.00976117
v -0.01783495 0.02999961 -0.01310508
v -0.01476110 0.02999961 -0.01255664
v -0.02401656 0.02549964 -0.04690084
v -0.02405335 0.01449985 -0.04687743
v -0.02542991 0.01449985 -0.04535187
v -0.02401656 0.02549964 -0.04690084
v -0.02542991 0.01449985 -0.04535187
v -0.02546410 0.02549967 -0.04510174
v -0.02405335 0.01449985 -0.04687743
v 0.00785748 0.01447057 -0.04699937
v -0.00718309 0.01449981 -0.04337827
v -0.02542991 0.01449985 -0.04535187
v -0.01249115 0.01449982 -0.04151856
v -0.01999974 0.01449981 -0.03799951
v -0.02549967 0.01449981 -0.03799951
v 0.00792169 0.01446367 -0.04149947
v -0.00057504 0.01449984 -0.04353932
v -0.01859735 0.01449981 -0.04147056
v -0.01986122 0.01449981 -0.04033037
v 0.00785748 0.01447057 -0.04699937
v -0.00057504 0.01449984 -0.04353932
v -0.00718309 0.01449981 -0.04337827
v 0.00792169 0.01446367 -0.04149947
v 0.00500953 0.01449981 -0.04151034
v -0.00057504 0.01449984 -0.04353932
v -0.02634201 0.02199971 -0.02708441
v -0.02999961 0.02199971 -0.02699965
v -0.02647478 0.02549967 -0.02703747
v -0.02647478 0.02549967 -0.02703747
v -0.02999961 0.02199971 -0.02699965
v -0.02999961 0.02549967 -0.02699965
v -0.02555052 0.02549967 -0.02799539
v -0.02634201 0.02199971 -0.02708441
v -0.02647478 0.02549967 -0.02703747
v -0.02634201 0.02199971 -0.02708441
v -0.02555052 0.02549967 -0.02799539
v -0.02538893 0.02199971 -0.02894395
v 0.02842601 0.02199972 -0.04523616
v 0.02849963 0.02199971 -0.02899962
v 0.03103609 0.02199970 -0.04691714
v 0.02704782 0.02199984 -0.04689371
v 0.03249958 0.02199971 -0.02899962
v 0.03243872 0.02199968 -0.04531519
v -0.02363663 0.02201407 -0.03950026
v -0.02263467 0.02200996 -0.03645034
v -0.02145387 0.02201317 -0.03836376
v -0.02444588 0.02200214 -0.03740956
v -0.02263467 0.02200996 -0.03645034
v -0.02363663 0.02201407 -0.03950026
v 0.01941634 0.01049986 -0.03476097
v 0.01939226 0.01549980 -0.03463495
v 0.01947368 0.02199971 -0.03999872
v 0.01947368 0.02199971 -0.03999872
v 0.01940275 0.01049986 -0.04024545
v 0.01941634 0.01049986 -0.03476097
v 0.01947368 0.02199971 -0.03999872
v 0.01939226 0.01549980 -0.03463495
v 0.01946365 0.01549982 -0.02909426
v 0.01946365 0.01549982 -0.02909426
v 0.01949975 0.02199971 -0.02899962
v 0.01843869 0.02199971 -0.04135403
v 0.01940275 0.01049986 -0.04024545
v 0.01947368 0.02199971 -0.03999872
v 0.01843869 0.02199971 -0.04135403
v 0.01822085 0.01049986 -0.04142764
v 0.01940275 0.01049986 -0.04024545
v -0.01859735 0.01449981 -0.04147056
v -0.01881254 0.02199971 -0.04140537
v -0.01986122 0.01449981 -0.04033037
v -0.01881254 0.02199971 -0.04140537
v -0.01996469 0.02199971 -0.04007355
v -0.01986122 0.01449981 -0.04033037
v -0.02187356 0.01549983 -0.02902008
v -0.02029096 0.02199971 -0.03355735
v -0.02179623 0.02199971 -0.02899962
v -0.01986428 0.01549982 -0.03457980
v -0.02029096 0.02199971 -0.03355735
v -0.02187356 0.01549983 -0.02902008
v -0.00975787 0.02199970 -0.04268432
v -0.01237754 0.02199971 -0.04149946
v -0.01249115 0.01449982 -0.04151856
v -0.00975787 0.02199970 -0.04268432
v -0.00718309 0.01449981 -0.04337827
v -0.00377211 0.02199971 -0.04375776
v -0.00718309 0.01449981 -0.04337827
v -0.00975787 0.02199970 -0.04268432
v -0.01249115 0.01449982 -0.04151856
v -0.00377211 0.02199971 -0.04375776
v -0.00718309 0.01449981 -0.04337827
v -0.00057504 0.01449984 -0.04353932
v 0.00159174 0.02199971 -0.04293343
v 0.00500953 0.01449981 -0.04151034
v 0.00501484 0.02199971 -0.04149993
v -0.00377211 0.02199971 -0.04375776
v -0.00057504 0.01449984 -0.04353932
v 0.00159174 0.02199971 -0.04293343
v -0.00057504 0.01449984 -0.04353932
v 0.00500953 0.01449981 -0.04151034
v 0.00159174 0.02199971 -0.04293343
v -0.01249115 0.01449982 -0.04151856
v -0.01237754 0.02199971 -0.04149946
v -0.01859735 0.01449981 -0.04147056
v -0.01859735 0.01449981 -0.04147056
v -0.01237754 0.02199971 -0.04149946
v -0.01881254 0.02199971 -0.04140537
v -0.02299972 0.02349792 -0.03799953
v -0.02363663 0.02201407 -0.03950026
v -0.02145387 0.02201317 -0.03836376
v -0.02299972 0.02349792 -0.03799953
v -0.02444588 0.02200214 -0.03740956
v -0.02363663 0.02201407 -0.03950026
v -0.02299972 0.02349792 -0.03799953
v -0.02263467 0.02200996 -0.03645034
v -0.02444588 0.02200214 -0.03740956
v -0.02299972 0.02349792 -0.03799953
v -0.02145387 0.02201317 -0.03836376
v -0.02263467 0.02200996 -0.03645034
v 0.02837537 0.02549952 -0.04556006
v 0.02704782 0.02199984 -0.04689371
v 0.02660311 0.02549964 -0.04697331
v 0.02704782 0.02199984 -0.04689371
v 0.02837537 0.02549952 -0.04556006
v 0.02842601 0.02199972 -0.04523616
v 0.02849963 0.02199971 -0.02899962
v 0.02837537 0.02549952 -0.04556006
v 0.02854448 0.02549967 -0.02800742
v 0.02842601 0.02199972 -0.04523616
v 0.02837537 0.02549952 -0.04556006
v 0.02849963 0.02199971 -0.02899962
v 0.02849963 0.02199971 -0.02899962
v 0.02854448 0.02549967 -0.02800742
v 0.02869317 0.02199971 -0.02763122
v 0.01939226 0.01549980 -0.03463495
v 0.01819084 0.01049986 -0.03357785
v 0.01799703 0.01549980 -0.03352071
v 0.01939226 0.01549980 -0.03463495
v 0.01941634 0.01049986 -0.03476097
v 0.01819084 0.01049986 -0.03357785
v -0.01449981 0.01549980 -0.01649979
v -0.01049986 0.01549980 -0.01249984
v -0.01451293 0.01549980 -0.02461786
v 0.00949988 0.01549980 -0.01249984
v 0.01946365 0.01549982 -0.02909426
v 0.01939226 0.01549980 -0.03463495
v 0.01799703 0.01549980 -0.03352071
v 0.01359715 0.01549979 -0.02546931
v 0.01559006 0.01549981 -0.02815226
v -0.01866058 0.01549980 -0.03356111
v -0.01799322 0.01549981 -0.02883832
v -0.01536757 0.01549976 -0.02690765
v -0.02187356 0.01549983 -0.02902008
v -0.01986428 0.01549982 -0.03457980
v 0.01349982 0.01549980 -0.01649979
v 0.01799703 0.01549980 -0.03352071
v 0.01819084 0.01049986 -0.03357785
v 0.01549980 0.01049986 -0.03349956
v 0.01799703 0.01549980 -0.03352071
v 0.01549980 0.01049986 -0.03349956
v -0.01848710 0.01049986 -0.03351461
v 0.01941634 0.01049986 -0.03476097
v 0.01546408 0.01049986 -0.03996672
v 0.01819084 0.01049986 -0.03357785
v 0.01822085 0.01049986 -0.04142764
v 0.01437657 0.01049986 -0.04142611
v 0.01940275 0.01049986 -0.04024545
v 0.01549980 0.01049986 -0.03349956
v -0.01848710 0.01049986 -0.03351461
v -0.01866058 0.01549980 -0.03356111
v 0.01799703 0.01549980 -0.03352071
v -0.01610412 0.01049971 -0.02779671
v -0.01848710 0.01049986 -0.03351461
v 0.01549980 0.01049986 -0.03349956
v 0.01357203 0.01049989 -0.02516136
v 0.01349982 0.01049986 -0.01649979
v 0.00949988 0.01049986 -0.01249984
v -0.01455222 0.01049987 -0.02497226
v -0.01049986 0.01049986 -0.01249984
v -0.01449981 0.01049986 -0.01649979
v 0.01532520 0.01049965 -0.02796269
v -0.01996025 0.01049982 -0.02905979
v -0.01993633 0.01049986 -0.03469589
v 0.01549980 0.01049986 -0.03349956
v 0.01546408 0.01049986 -0.03996672
v 0.01543498 0.00749990 -0.04031513
v 0.01532520 0.01049965 -0.02796269
v 0.01549980 0.01049986 -0.03349956
v 0.01565573 0.00749996 -0.02820471
v 0.01565573 0.00749996 -0.02820471
v 0.01549980 0.01049986 -0.03349956
v 0.01543498 0.00749990 -0.04031513
v 0.03241459 0.00100001 -0.04547885
v 0.03243872 0.02199968 -0.04531519
v 0.03249958 0.00099999 -0.03999948
v 0.03249958 0.00099999 -0.03999948
v 0.03243872 0.02199968 -0.04531519
v 0.03249958 0.00949988 -0.02899962
v 0.03249958 0.02199971 -0.02899962
v 0.03161048 -0.00299995 -0.02903329
v 0.03249958 -0.00299996 -0.03999948
v 0.03249958 0.00949988 -0.02899962
v 0.03249958 -0.00299996 -0.03999948
v -0.03899949 -0.01049986 -0.02499968
v -0.03799951 -0.01049986 -0.02399969
v -0.03853796 -0.00709991 -0.02446122
v -0.03886616 -0.01049986 -0.03139959
v -0.03899949 -0.00709991 -0.03099960
v -0.03799951 -0.00709991 -0.03199958
v -0.02846006 -0.01050077 -0.03013077
v -0.02736418 -0.01050108 -0.02805836
v -0.02741865 -0.01150150 -0.02994517
v -0.02741865 -0.01150150 -0.02994517
v -0.02736418 -0.01050108 -0.02805836
v -0.02580742 -0.01150867 -0.02813693
v -0.02736418 -0.01050108 -0.02805836
v -0.02536501 -0.01050083 -0.02699934
v -0.02580742 -0.01150867 -0.02813693
v -0.02749964 -0.01149985 -0.04949936
v -0.02849963 -0.01449981 -0.05049934
v -0.02849963 -0.01049986 -0.05049934
v -0.02749964 -0.01449981 -0.04949936
v -0.02749964 -0.01149985 -0.04949936
v -0.02741865 -0.01150150 -0.02994517
v -0.02749964 -0.01449981 -0.04949936
v -0.02749964 -0.01449981 -0.04949936
v -0.02741865 -0.01150150 -0.02994517
v -0.02743477 -0.01449981 -0.03013519
v -0.02580742 -0.01150867 -0.02813693
v -0.02585411 -0.01449988 -0.02813280
v -0.02741865 -0.01150150 -0.02994517
v -0.02741865 -0.01150150 -0.02994517
v -0.02585411 -0.01449988 -0.02813280
v -0.02743477 -0.01449981 -0.03013519
v -0.03099960 -0.00709991 -0.03099960
v -0.03162526 -0.01049986 -0.03190333
v -0.03199958 -0.00709991 -0.03199958
v -0.03880984 -0.01449981 -0.05008556
v -0.03849950 -0.01849976 -0.04949936
v -0.03949949 -0.01849976 -0.05049934
v -0.01149985 -0.01449981 -0.01635979
v -0.01149985 -0.01449981 -0.02794192
v -0.01149985 -0.01949975 -0.02794192
v -0.01149985 -0.01949975 -0.01635979
v -0.00899988 -0.01949975 -0.02794192
v -0.00899988 -0.01949975 -0.01635979
v -0.01149985 -0.01949975 -0.01635979
v -0.01149985 -0.01949975 -0.02794192
v -0.04349943 -0.01449981 -0.04449942
v -0.04449942 -0.01849976 -0.04549941
v -0.04349943 -0.01849976 -0.04449942
v -0.04449942 -0.01449981 -0.04549941
v -0.03880984 -0.01449981 -0.05008556
v -0.03849950 -0.01449981 -0.04549941
v -0.03860664 -0.01849976 -0.04503514
v -0.03880984 -0.01449981 -0.05008556
v -0.03860664 -0.01849976 -0.04503514
v -0.03849950 -0.01849976 -0.04949936
v -0.03849950 -0.01449981 -0.04549941
v -0.03949949 -0.01449981 -0.04449942
v -0.03860664 -0.01849976 -0.04503514
v -0.03949949 -0.01449981 -0.04449942
v -0.04349943 -0.01449981 -0.04449942
v -0.04349943 -0.01849976 -0.04449942
v -0.03949949 -0.01449981 -0.04449942
v -0.04349943 -0.01849976 -0.04449942
v -0.03860664 -0.01849976 -0.04503514
v 0.01869078 -0.04052358 -0.01034213
v -0.01399982 -0.04056599 -0.01036176
v -0.01399982 -0.04246943 -0.01166642
v 0.01869078 -0.04052358 -0.01034213
v -0.01399982 -0.04246943 -0.01166642
v 0.01913200 -0.04235065 -0.01163876
v 0.01919746 -0.04334145 -0.01358386
v 0.01913200 -0.04235065 -0.01163876
v -0.01399982 -0.04246943 -0.01166642
v -0.01399982 -0.04246943 -0.01166642
v -0.01399982 -0.04345586 -0.01376394
v 0.01919746 -0.04334145 -0.01358386
v 0.02041238 -0.04103773 -0.01196579
v 0.02045119 -0.01499981 -0.00718460
v 0.01977551 -0.04037449 -0.01072443
v 0.01977551 -0.04037449 -0.01072443
v 0.01904927 -0.01499981 -0.00601739
v 0.01869078 -0.04052358 -0.01034213
v 0.01904927 -0.01499981 -0.00601739
v 0.01977551 -0.04037449 -0.01072443
v 0.02045119 -0.01499981 -0.00718460
v 0.01449981 -0.03449955 -0.01635979
v -0.00899988 -0.03449955 -0.01635979
v -0.00899988 -0.03449955 -0.01405982
v 0.01449981 -0.03449955 -0.01405982
v 0.00574993 -0.03449955 -0.01405982
v -0.01399982 -0.04349943 -0.01635979
v 0.01916117 -0.04343235 -0.01635979
v -0.01399982 -0.04345586 -0.01376394
v -0.01399982 -0.04345586 -0.01376394
v 0.01916117 -0.04343235 -0.01635979
v 0.01919746 -0.04334145 -0.01358386
v 0.02049973 -0.03099960 -0.01405982
v 0.02046016 -0.04216144 -0.01635979
v 0.02049973 -0.03099960 -0.01635979
v 0.02041238 -0.04103773 -0.01196579
v 0.02049973 -0.03099960 -0.01405982
v 0.02045119 -0.01499981 -0.00718460
v 0.02049973 -0.01499981 -0.01635979
v 0.02045119 -0.01499981 -0.00718460
v 0.02049973 -0.02099973 -0.01635979
v 0.02046016 -0.04216144 -0.01635979
v 0.02049973 -0.03099960 -0.01405982
v 0.02041238 -0.04103773 -0.01196579
v 0.02046016 -0.04216144 -0.01635979
v 0.02041238 -0.04103773 -0.01196579
v 0.02037581 -0.04230614 -0.01367777
v 0.02049973 -0.03099960 -0.01405982
v 0.02049973 -0.02099973 -0.01405982
v 0.02045119 -0.01499981 -0.00718460
v 0.02049973 -0.02099973 -0.01405982
v 0.02049973 -0.02099973 -0.01635979
v 0.02037581 -0.04230614 -0.01367777
v 0.01916117 -0.04343235 -0.01635979
v 0.02046016 -0.04216144 -0.01635979
v 0.01919746 -0.04334145 -0.01358386
v 0.01916117 -0.04343235 -0.01635979
v 0.02037581 -0.04230614 -0.01367777
v 0.01913200 -0.04235065 -0.01163876
v 0.02041238 -0.04103773 -0.01196579
v 0.01977551 -0.04037449 -0.01072443
v 0.01913200 -0.04235065 -0.01163876
v 0.01977551 -0.04037449 -0.01072443
v 0.01869078 -0.04052358 -0.01034213
v 0.02041238 -0.04103773 -0.01196579
v 0.01913200 -0.04235065 -0.01163876
v 0.02037581 -0.04230614 -0.01367777
v 0.01919746 -0.04334145 -0.01358386
v 0.02037581 -0.04230614 -0.01367777
v 0.01913200 -0.04235065 -0.01163876
v 0.01449981 -0.01499981 -0.01635979
v 0.02049973 -0.01499981 -0.01635979
v 0.01449981 -0.02099973 -0.01635979
v 0.02049973 -0.02099973 -0.01635979
v -0.01315391 0.02897030 -0.00087578
v -0.01384443 0.02759565 -0.00062524
v -0.01245434 0.02805909 -0.00012497
v -0.01256467 -0.00134598 -0.00011985
v 0.01247624 -0.00176222 -0.00034919
v 0.01290157 -0.00089735 -0.00010987
v 0.01230697 0.02986206 -0.00194556
v -0.01261397 0.02985015 -0.00205910
v -0.01315391 0.02897030 -0.00087578
v 0.01286875 0.02921134 -0.00103674
v 0.01230697 0.02986206 -0.00194556
v -0.01315391 0.02897030 -0.00087578
v 0.01286875 0.02921134 -0.00103674
v -0.01315391 0.02897030 -0.00087578
v -0.01245434 0.02805909 -0.00012497
v 0.01286875 0.02921134 -0.00103674
v -0.01245434 0.02805909 -0.00012497
v 0.01239159 0.02779480 -0.00006394
v 0.01239159 0.02779480 -0.00006394
v 0.01401286 0.02788227 -0.00083255
v 0.01286875 0.02921134 -0.00103674
v 0.01343481 0.02741251 -0.00034618
v 0.01401286 0.02788227 -0.00083255
v 0.01239159 0.02779480 -0.00006394
v 0.01955705 0.02199971 -0.01076196
v 0.02522653 0.02199977 -0.01119290
v 0.02007977 0.02549967 -0.01096575
v 0.02007977 0.02549967 -0.01096575
v 0.02522653 0.02199977 -0.01119290
v 0.02438354 0.02549963 -0.01104627
v 0.02883209 0.02199980 -0.01398839
v 0.02996864 0.02199973 -0.01693870
v 0.02982821 0.02549962 -0.01600030
v 0.02982821 0.02549962 -0.01600030
v 0.02773160 0.02549978 -0.01277578
v 0.02883209 0.02199980 -0.01398839
v 0.02522653 0.02199977 -0.01119290
v 0.02773160 0.02549978 -0.01277578
v 0.02438354 0.02549963 -0.01104627
v 0.02883209 0.02199980 -0.01398839
v 0.02773160 0.02549978 -0.01277578
v 0.02522653 0.02199977 -0.01119290
v 0.02996864 0.02199973 -0.01693870
v 0.02998746 0.02199971 -0.02696307
v 0.02991141 0.02549967 -0.02688987
v 0.02982821 0.02549962 -0.01600030
v 0.02996864 0.02199973 -0.01693870
v 0.02991141 0.02549967 -0.02688987
v -0.02381713 0.02549966 -0.01102833
v -0.02693003 0.02549963 -0.01211505
v -0.02438354 0.02199975 -0.01104627
v -0.02438354 0.02199975 -0.01104627
v -0.02693003 0.02549963 -0.01211505
v -0.02744610 0.02199968 -0.01255420
v -0.02900810 0.02549947 -0.01432007
v -0.02991819 0.02549966 -0.01673977
v -0.02989551 0.02199975 -0.01598355
v -0.02744610 0.02199968 -0.01255420
v -0.02693003 0.02549963 -0.01211505
v -0.02900810 0.02549947 -0.01432007
v -0.02744610 0.02199968 -0.01255420
v -0.02900810 0.02549947 -0.01432007
v -0.02989551 0.02199975 -0.01598355
v -0.01999549 0.02549967 -0.01094901
v -0.01965303 0.02199971 -0.01084737
v -0.01898154 0.02549967 -0.00968172
v -0.01898154 0.02549967 -0.00968172
v -0.01965303 0.02199971 -0.01084737
v -0.01897800 0.02199971 -0.00948522
v -0.02438354 0.02199975 -0.01104627
v -0.01999549 0.02549967 -0.01094901
v -0.02381713 0.02549966 -0.01102833
v -0.02438354 0.02199975 -0.01104627
v -0.01965303 0.02199971 -0.01084737
v -0.01999549 0.02549967 -0.01094901
v -0.02999961 0.02549967 -0.02699965
v -0.02999961 0.02199971 -0.02699965
v -0.02989551 0.02199975 -0.01598355
v -0.02991819 0.02549966 -0.01673977
v 0.02991141 0.02549967 -0.02688987
v 0.02869317 0.02199971 -0.02763122
v 0.02854448 0.02549967 -0.02800742
v 0.02869317 0.02199971 -0.02763122
v 0.02991141 0.02549967 -0.02688987
v 0.02998746 0.02199971 -0.02696307
v 0.01905994 0.02549967 -0.00995666
v 0.01955705 0.02199971 -0.01076196
v 0.02007977 0.02549967 -0.01096575
v 0.01955705 0.02199971 -0.01076196
v 0.01905994 0.02549967 -0.00995666
v 0.01898668 0.02199971 -0.00948871
v 0.03103609 0.02199970 -0.04691714
v 0.03241459 0.00100001 -0.04547885
v 0.03089246 0.00100002 -0.04689558
v 0.03241459 0.00100001 -0.04547885
v 0.03103609 0.02199970 -0.04691714
v 0.03243872 0.02199968 -0.04531519
v -0.01451293 0.01549980 -0.02461786
v -0.01536757 0.01549976 -0.02690765
v -0.01455222 0.01049987 -0.02497226
v -0.01610412 0.01049971 -0.02779671
v -0.01799322 0.01549981 -0.02883832
v -0.01996025 0.01049982 -0.02905979
v -0.01536757 0.01549976 -0.02690765
v -0.01610412 0.01049971 -0.02779671
v -0.01455222 0.01049987 -0.02497226
v -0.01799322 0.01549981 -0.02883832
v -0.01610412 0.01049971 -0.02779671
v -0.01536757 0.01549976 -0.02690765
v 0.01359715 0.01549979 -0.02546931
v 0.01357203 0.01049989 -0.02516136
v 0.01532520 0.01049965 -0.02796269
v 0.01565573 0.00749996 -0.02820471
v 0.01559006 0.01549981 -0.02815226
v 0.01532520 0.01049965 -0.02796269
v 0.01946365 0.01549982 -0.02909426
v 0.01559006 0.01549981 -0.02815226
v 0.01565573 0.00749996 -0.02820471
v 0.01786745 0.00749989 -0.02897555
v 0.01946365 0.01549982 -0.02909426
v 0.01565573 0.00749996 -0.02820471
v 0.01359715 0.01549979 -0.02546931
v 0.01532520 0.01049965 -0.02796269
v 0.01559006 0.01549981 -0.02815226
v 0.01543498 0.00749990 -0.04031513
v 0.02445932 0.00749990 -0.04018099
v 0.01786745 0.00749989 -0.02897555
v 0.02449968 0.00749990 -0.02899962
v 0.01565573 0.00749996 -0.02820471
v 0.02315022 0.00749990 -0.04145948
v 0.01403464 0.00749990 -0.04146629
v 0.00949988 0.01549980 -0.01249984
v 0.00949988 0.01049986 -0.01249984
v 0.01349982 0.01549980 -0.01649979
v 0.01349982 0.01049986 -0.01649979
v 0.01357203 0.01049989 -0.02516136
v 0.01359715 0.01549979 -0.02546931
v 0.01349982 0.01549980 -0.01649979
v 0.01349982 0.01049986 -0.01649979
v -0.01449981 0.01549980 -0.01649979
v -0.01451293 0.01549980 -0.02461786
v -0.01449981 0.01049986 -0.01649979
v -0.01449981 0.01049986 -0.01649979
v -0.01451293 0.01549980 -0.02461786
v -0.01455222 0.01049987 -0.02497226
v -0.01049986 0.01549980 -0.01249984
v -0.01449981 0.01549980 -0.01649979
v -0.01049986 0.01049986 -0.01249984
v -0.01449981 0.01049986 -0.01649979
v -0.01049986 0.01549980 -0.01249984
v -0.01049986 0.01049986 -0.01249984
v 0.00949988 0.01549980 -0.01249984
v 0.00949988 0.01049986 -0.01249984
v 0.01437657 0.01049986 -0.04142611
v 0.01543498 0.00749990 -0.04031513
v 0.01546408 0.01049986 -0.03996672
v 0.01543498 0.00749990 -0.04031513
v 0.01437657 0.01049986 -0.04142611
v 0.01403464 0.00749990 -0.04146629
v -0.01866058 0.01549980 -0.03356111
v -0.01993633 0.01049986 -0.03469589
v -0.01986428 0.01549982 -0.03457980
v -0.01993633 0.01049986 -0.03469589
v -0.01866058 0.01549980 -0.03356111
v -0.01848710 0.01049986 -0.03351461
v -0.02549967 0.00449994 -0.03799951
v -0.01999974 0.00449994 -0.03799951
v -0.02544527 0.00449994 -0.04515281
v -0.01983447 0.00449994 -0.04044373
v -0.01858320 0.00449994 -0.04144495
v 0.00835001 0.00454204 -0.04149948
v -0.02544527 0.00449994 -0.04515281
v 0.00835001 0.00454204 -0.04149948
v 0.00847466 0.00462337 -0.04699937
v 0.00847466 0.00462337 -0.04699937
v -0.02407862 0.00449989 -0.04684134
v -0.02549967 0.01449981 -0.03799951
v -0.01999974 0.01449981 -0.03799951
v -0.02549967 0.00449994 -0.03799951
v -0.01999974 0.00449994 -0.03799951
v 0.00792169 0.01446367 -0.04149947
v 0.00785748 0.01447057 -0.04699937
v 0.01015653 0.01347185 -0.04149946
v 0.01193152 0.01082666 -0.04699940
v 0.01158402 0.01160168 -0.04149946
v 0.01015653 0.01347185 -0.04149946
v 0.01201731 0.00889700 -0.04149943
v 0.01158402 0.01160168 -0.04149946
v 0.01193152 0.01082666 -0.04699940
v 0.01014720 0.01342170 -0.04699940
v 0.01015653 0.01347185 -0.04149946
v 0.00785748 0.01447057 -0.04699937
v 0.01193152 0.01082666 -0.04699940
v 0.01015653 0.01347185 -0.04149946
v 0.01014720 0.01342170 -0.04699940
v 0.01201731 0.00889700 -0.04149943
v 0.01147739 0.00701752 -0.04699929
v 0.01097726 0.00636012 -0.04149946
v 0.00847466 0.00462337 -0.04699937
v 0.00835001 0.00454204 -0.04149948
v 0.01097726 0.00636012 -0.04149946
v 0.01147739 0.00701752 -0.04699929
v 0.01201731 0.00889700 -0.04149943
v 0.01193152 0.01082666 -0.04699940
v 0.00847466 0.00462337 -0.04699937
v 0.01097726 0.00636012 -0.04149946
v 0.01147739 0.00701752 -0.04699929
v 0.03241459 0.00100001 -0.04547885
v 0.03249958 0.00099999 -0.03999948
v 0.02507607 0.00099999 -0.04196103
v 0.02499968 0.00099999 -0.04699939
v 0.03089246 0.00100002 -0.04689558
v 0.02687984 0.00099997 -0.04014541
v 0.01486190 -0.00277543 -0.01000024
v 0.01490776 -0.00290907 -0.01099991
v 0.01098327 -0.00300680 -0.01099985
v -0.04610252 0.00166336 -0.03631201
v -0.01737489 0.00165734 -0.02558193
v -0.04611964 0.00130022 -0.03559813
v -0.04633847 0.00130022 -0.03567981
v -0.01729941 0.00156709 -0.02541656
v -0.01698333 0.00130022 -0.02472407
v -0.07028172 0.00222007 -0.04590972
v -0.04591612 0.00221385 -0.03681146
v -0.07031310 0.00221314 -0.04591621
v -0.07569360 0.00130022 -0.04663554
v -0.07562404 0.00138032 -0.04682194
v -0.01786345 0.00275662 -0.02665232
v -0.01769243 0.00221337 -0.02627763
v -0.04579678 0.00289995 -0.03713122
v -0.04575572 0.00365721 -0.03724125
v -0.04194453 0.00365721 -0.03581886
v -0.01796202 0.00365721 -0.02686826
v -0.07555713 0.00147717 -0.04700122
v -0.07543246 0.00148840 -0.04697583
v -0.07270909 0.00179467 -0.04641214
v -0.07214861 0.00187667 -0.04629613
v -0.04610252 0.00166336 -0.03631201
v -0.07214861 0.00187667 -0.04629613
v -0.04610252 0.00166336 -0.03631201
v -0.07031310 0.00221314 -0.04591621
v -0.04591612 0.00221385 -0.03681146
v -0.01769243 0.00221337 -0.02627763
v -0.04610252 0.00166336 -0.03631201
v -0.01769243 0.00221337 -0.02627763
v -0.01758551 0.00198546 -0.02604336
v -0.01758551 0.00198546 -0.02604336
v -0.06592704 0.00365721 -0.04476947
v -0.06738057 0.00311920 -0.04524942
v -0.06886639 0.00260128 -0.04561676
v -0.04644996 0.00079181 -0.03471306
v -0.07611999 0.00056093 -0.04549307
v -0.02876148 -0.00199957 -0.02662933
v -0.04687800 -0.00093942 -0.03356616
v -0.02242221 -0.00199957 -0.02426342
v -0.01732146 -0.00073032 -0.02261407
v -0.01736152 -0.00199957 -0.02237471
v -0.07650945 -0.00199957 -0.04444953
v -0.07640787 -0.00060343 -0.04472171
v -0.05263547 -0.00199957 -0.03553943
v -0.04693549 -0.00199957 -0.03341212
v -0.07622491 0.00024412 -0.04521194
v -0.04671092 0.00002113 -0.03401384
v -0.07628488 0.00002113 -0.04505125
v -0.07622491 0.00024412 -0.04521194
v -0.04671092 0.00002113 -0.03401384
v -0.01678759 0.00116267 -0.02429523
v -0.01704629 0.00068981 -0.02360207
v -0.01723244 0.00002111 -0.02301205
v -0.01742496 0.00150038 -0.02147918
v -0.01723244 0.00002111 -0.02301205
v -0.01704629 0.00068981 -0.02360207
v -0.01723244 0.00002111 -0.02301205
v -0.01853585 0.02300010 -0.01961090
v -0.01726232 0.02097940 -0.02302322
v -0.01740142 0.02171503 -0.02265053
v -0.02028410 0.02300010 -0.01492657
v -0.02028410 0.01400022 -0.01492657
v -0.01967221 0.02300010 -0.01656609
v -0.01678759 0.00116267 -0.02429523
v -0.01704629 0.00150038 -0.02360207
v -0.01715693 0.02060947 -0.02330560
v -0.01748689 0.02300010 -0.02242150
v -0.01678759 0.01050027 -0.02429523
v -0.01678759 0.01184496 -0.02429523
v -0.01853585 0.01184496 -0.01961090
v -0.01853585 0.00500034 -0.01961090
v -0.01704629 0.00500034 -0.02360207
v -0.02028410 0.01184496 -0.01492657
v -0.02028410 0.00500034 -0.01492657
v -0.02006371 0.00500034 -0.01551709
v -0.01678759 0.01983786 -0.02429523
v -0.04651265 0.02020872 -0.03473645
v -0.04618232 0.01970032 -0.03562153
v -0.04633847 0.01970032 -0.03567981
v -0.04699817 0.02300010 -0.03343551
v -0.04694068 0.02193994 -0.03358956
v -0.05059746 0.02300010 -0.03477882
v -0.01678759 0.01983786 -0.02429523
v -0.01698333 0.01970032 -0.02472407
v -0.01715693 0.02060947 -0.02330560
v -0.02468548 0.02300010 -0.02510811
v -0.02352542 0.02300010 -0.02467516
v -0.01748689 0.02300010 -0.02242150
v -0.01740142 0.02171503 -0.02265053
v -0.01726232 0.02097940 -0.02302322
v -0.04677360 0.02097940 -0.03403723
v -0.01715693 0.02060947 -0.02330560
v -0.04651265 0.02020872 -0.03473645
v -0.01726232 0.02097940 -0.02302322
v -0.01726232 0.02097940 -0.02302322
v -0.04677360 0.02097940 -0.03403723
v -0.07628488 0.02097940 -0.04505125
v -0.07622491 0.02075641 -0.04521194
v -0.07622491 0.02075641 -0.04521194
v -0.07611999 0.02043960 -0.04549307
v -0.07569360 0.01970032 -0.04663554
v -0.07640787 0.02160396 -0.04472171
v -0.07650945 0.02300010 -0.04444953
v -0.04610252 0.01933717 -0.03631201
v -0.01729941 0.01943344 -0.02541656
v -0.07562404 0.01962022 -0.04682194
v -0.07555713 0.01952336 -0.04700122
v -0.07214865 0.01912386 -0.04629613
v -0.04591612 0.01878668 -0.03681146
v -0.07030988 0.01878668 -0.04591554
v -0.04591612 0.01878668 -0.03681146
v -0.07214865 0.01912386 -0.04629613
v -0.07271083 0.01920610 -0.04641250
v -0.06738057 0.01788133 -0.04524942
v -0.04575572 0.01734333 -0.03724125
v -0.06592704 0.01734333 -0.04476947
v -0.04579678 0.01810058 -0.03713122
v -0.06886639 0.01839925 -0.04561676
v -0.04194453 0.01734333 -0.03581886
v -0.01737489 0.01934319 -0.02558193
v -0.01758551 0.01901508 -0.02604336
v -0.01758551 0.01901508 -0.02604336
v -0.01769243 0.01878716 -0.02627763
v -0.01786345 0.01824392 -0.02665232
v -0.01796202 0.01734333 -0.02686826
v -0.07543246 0.01951213 -0.04697583
v -0.07028216 0.01878056 -0.04590981
v -0.04194453 0.01050027 -0.03581886
v -0.06592704 0.01050027 -0.04476947
v -0.01796202 0.01050027 -0.02686826
v -0.01769243 0.00221337 -0.02627763
v -0.01737489 0.00165734 -0.02558193
v -0.01758551 0.00198546 -0.02604336
v -0.01796202 0.00365721 -0.02686826
v -0.01786345 0.00275662 -0.02665232
v -0.01737489 0.01934319 -0.02558193
v -0.01737481 0.01050027 -0.02558175
v -0.01769243 0.01878716 -0.02627763
v -0.01796202 0.01734333 -0.02686826
v -0.01786345 0.01824392 -0.02665232
v -0.01758551 0.01901508 -0.02604336
v -0.01796202 0.01050027 -0.02686826
v -0.01698333 0.01970032 -0.02472407
v -0.01729941 0.01943344 -0.02541656
v -0.01729941 0.00156709 -0.02541656
v -0.01698333 0.00130022 -0.02472407
v -0.08539646 0.01800017 -0.03922688
v -0.09005057 0.01800017 -0.04096437
v -0.08628314 0.01800017 -0.03772314
v -0.09498736 0.01800017 -0.04193649
v -0.09476474 0.01800017 -0.04272442
v -0.08833237 0.01675019 -0.04565992
v -0.08911972 0.01800017 -0.04588232
v -0.08830160 0.01800017 -0.04564832
v -0.09104153 0.01800017 -0.03606886
v -0.09179866 0.01800017 -0.03628009
v -0.08830160 0.01800017 -0.04564832
v -0.08911972 0.01800017 -0.04588232
v -0.08993281 0.01800017 -0.04597334
v -0.09166378 0.01800017 -0.04571827
v -0.09320086 0.01800017 -0.04488244
v -0.09435587 0.01800017 -0.04356820
v -0.09501799 0.01800017 -0.04018710
v -0.09444405 0.01800017 -0.03853428
v -0.09333576 0.01800017 -0.03718040
v -0.08993281 0.01675019 -0.04597334
v -0.08993281 0.01800017 -0.04597334
v -0.08911972 0.01675019 -0.04588232
v -0.08993281 0.01550020 -0.04597334
v -0.08911972 0.01550020 -0.04588232
v -0.08833237 0.01550020 -0.04565992
v -0.08954612 0.01050027 -0.03600431
v -0.09070422 0.00550033 -0.03601469
v -0.08954612 0.00550033 -0.03600431
v -0.09104153 0.01175025 -0.03606886
v -0.08954612 0.01175025 -0.03600431
v -0.09507741 0.00425035 -0.04079815
v -0.09507374 0.00550033 -0.04071440
v -0.09476495 0.00425035 -0.04272384
v -0.09045339 0.01050027 -0.04596161
v -0.09176055 0.01175025 -0.04568486
v -0.09045339 0.01175025 -0.04596161
v -0.09230809 0.00550033 -0.04545195
v -0.09045339 0.00550033 -0.04596161
v -0.08670343 0.01800017 -0.04466258
v -0.09179866 0.01800017 -0.03628009
v -0.09104153 0.01800017 -0.03606886
v -0.09276024 0.01175025 -0.03675433
v -0.09450698 0.01175025 -0.04330084
v -0.09476474 0.01800017 -0.04272442
v -0.09435587 0.01800017 -0.04356820
v -0.08532870 0.01550020 -0.03942043
v -0.08508983 0.01800017 -0.04127786
v -0.08539646 0.01800017 -0.03922688
v -0.08625244 0.01550020 -0.03775932
v -0.08628314 0.01800017 -0.03772314
v -0.08671044 0.01550020 -0.04466899
v -0.09166378 0.01800017 -0.04571827
v -0.09045339 0.01550020 -0.04596161
v -0.08509163 0.01550020 -0.04130627
v -0.08518902 0.01550020 -0.04201075
v -0.09411195 0.01175025 -0.03801793
v -0.09333576 0.01800017 -0.03718040
v -0.09444405 0.01800017 -0.03853428
v -0.09491155 0.01175025 -0.03968660
v -0.09411195 0.01175025 -0.03801793
v -0.09444405 0.01800017 -0.03853428
v -0.09501799 0.01800017 -0.04018710
v -0.09504952 0.01175025 -0.04153181
v -0.09498736 0.01800017 -0.04193649
v -0.09335821 0.01175025 -0.04475141
v -0.09346793 0.00550033 -0.03729787
v -0.09460566 0.00550033 -0.03884875
v -0.09460566 0.00550033 -0.03884875
v -0.09476495 0.00550033 -0.04272384
v -0.09383315 0.00550033 -0.04427982
v -0.09230809 0.00550033 -0.04545195
v -0.08766230 0.01550020 -0.03659939
v -0.08777979 0.01800017 -0.03653650
v -0.08766230 0.01550020 -0.03659939
v -0.08777979 0.01800017 -0.03653650
v -0.08772939 0.01550020 -0.03656299
v -0.08557552 0.01550020 -0.04314433
v -0.08556733 0.01800017 -0.04312722
v -0.08557552 0.01550020 -0.04314433
v -0.08556733 0.01800017 -0.04312722
v -0.08538661 0.01550020 -0.04269769
v -0.08954612 0.01550020 -0.03600431
v -0.08961220 0.01800017 -0.03599764
v -0.09320086 0.01800017 -0.04488244
v -0.09320086 0.01800017 -0.04488244
v -0.09176055 0.01175025 -0.04568486
v -0.09104153 0.00550033 -0.03606886
v -0.09182888 0.00550033 -0.03629126
v -0.02876148 -0.00204957 -0.02662933
v -0.02885197 -0.00340067 -0.02638686
v -0.02876148 -0.00209957 -0.02662933
v -0.02876148 -0.00199957 -0.02662933
v -0.03059715 -0.00199957 -0.02171078
v -0.03059715 -0.00374955 -0.02171078
v -0.02891086 -0.00374960 -0.02622907
v -0.03059715 -0.00549953 -0.02171078
v -0.02995030 -0.00549953 -0.02344398
v -0.02949536 -0.00524072 -0.02466296
v -0.02910968 -0.00450370 -0.02569636
v -0.03155860 -0.00199957 -0.01913463
v -0.03243282 -0.00199957 -0.01679223
v -0.03243282 -0.00374955 -0.01679223
v -0.03154121 -0.00549953 -0.01918124
v -0.03243282 -0.00549953 -0.01679223
v -0.03371934 -0.00549953 -0.01620502
v -0.03371934 -0.00374955 -0.01620502
v -0.03500585 -0.00549953 -0.01561781
v -0.03500585 -0.00374955 -0.01561781
v -0.03371934 -0.00199957 -0.01620502
v -0.03500585 -0.00199957 -0.01561781
v -0.03243282 -0.00549953 -0.01679223
v -0.03243282 -0.00374955 -0.01679223
v -0.03243282 -0.00199957 -0.01679223
v -0.01742496 -0.00199957 -0.02147918
v -0.02521933 -0.00199957 -0.01676873
v -0.01736152 -0.00199957 -0.02237471
v -0.01738877 -0.00199957 -0.02084573
v -0.03059715 -0.00199957 -0.02171078
v -0.03155860 -0.00199957 -0.01913463
v -0.02242221 -0.00199957 -0.02426342
v -0.02876148 -0.00199957 -0.02662933
v -0.02189420 -0.00199957 -0.00893639
v -0.01700513 -0.00199957 -0.01370264
v -0.02012668 -0.00199957 -0.00980131
v -0.02236439 -0.00199957 -0.00879043
v -0.03274757 -0.00199957 -0.01477498
v -0.03371934 -0.00199957 -0.01620502
v -0.03243282 -0.00199957 -0.01679223
v -0.03237028 -0.00199957 -0.01452480
v -0.03232906 -0.00199957 -0.01447835
v -0.03263419 -0.00199957 -0.01472444
v -0.03500585 -0.00199957 -0.01561781
v -0.01702862 -0.00199957 -0.01935952
v -0.02480330 -0.00199957 -0.00850586
v -0.02721364 -0.00199957 -0.00897441
v -0.02800451 -0.00199957 -0.00930857
v -0.01651857 -0.00199957 -0.01595682
v -0.01677971 -0.00199957 -0.01859652
v -0.02936832 -0.00199957 -0.01015194
v -0.03106436 -0.00199957 -0.01192753
v -0.03214198 -0.00199957 -0.01413388
v -0.01705928 -0.00199957 -0.01356164
v -0.01830097 -0.00199957 -0.01144328
v -0.03714407 -0.00549953 -0.01641582
v -0.02607343 0.01050027 -0.01228410
v -0.02607343 0.01400022 -0.01228410
v -0.02789606 0.02300010 -0.01296433
v -0.03160875 0.02300010 -0.01434996
v -0.03160875 0.01050027 -0.01434996
v -0.02607343 0.02300010 -0.01228410
v -0.03393458 0.02650006 -0.01521799
v -0.03714407 0.02650006 -0.01641582
v -0.03393458 0.02475008 -0.01521799
v -0.03714407 0.01050027 -0.01641582
v -0.03393458 0.02300010 -0.01521799
v -0.03274757 -0.00199957 -0.01477498
v -0.03274757 0.00150038 -0.01477498
v -0.03274757 0.00500034 -0.01477498
v -0.03160875 0.00500034 -0.01434996
v -0.03714407 0.00500034 -0.01641582
v -0.02607343 0.00500034 -0.01228410
v -0.01742496 -0.00199957 -0.02147918
v -0.01736152 -0.00199957 -0.02237471
v -0.01732146 -0.00073032 -0.02261407
v -0.01702862 -0.00199957 -0.01935952
v -0.01738877 -0.00199957 -0.02084573
v -0.01702862 0.00150038 -0.01935952
v -0.01742496 0.00500034 -0.02147918
v -0.01702862 0.00500034 -0.01935952
v -0.01653713 0.00150038 -0.01726883
v -0.01677971 -0.00199957 -0.01859652
v -0.03106436 -0.00199957 -0.01192753
v -0.02936832 -0.00199957 -0.01015194
v -0.02987311 0.00150038 -0.01057311
v -0.02610755 0.00150038 -0.00866328
v -0.02480330 -0.00199957 -0.00850586
v -0.02398253 0.00150038 -0.00851686
v -0.01700513 -0.00199957 -0.01370264
v -0.01651857 -0.00199957 -0.01595682
v -0.01661651 0.00150038 -0.01514025
v -0.03106436 0.00500034 -0.01192753
v -0.02936832 0.00500034 -0.01015194
v -0.02811860 0.00150038 -0.00936529
v -0.02480330 0.00500034 -0.00850586
v -0.02688287 0.00500034 -0.00886323
v -0.01680788 0.00500034 -0.01430237
v -0.01651857 0.00500034 -0.01595682
v -0.01672978 0.00500034 -0.01840317
v -0.03214198 0.00150038 -0.01413388
v -0.03214198 -0.00199957 -0.01413388
v -0.03124669 0.00150038 -0.01220111
v -0.03106436 -0.00199957 -0.01192753
v -0.03124669 0.00150038 -0.01220111
v -0.02800451 -0.00199957 -0.00930857
v -0.02721364 -0.00199957 -0.00897441
v -0.02189420 -0.00199957 -0.00893639
v -0.02189420 0.00150038 -0.00893639
v -0.02236439 -0.00199957 -0.00879043
v -0.01999060 0.00150038 -0.00989215
v -0.02012668 -0.00199957 -0.00980131
v -0.01999060 0.00150038 -0.00989215
v -0.02012668 -0.00199957 -0.00980131
v -0.01840670 0.00150038 -0.01131637
v -0.01830097 -0.00199957 -0.01144328
v -0.01725478 0.00150038 -0.01310807
v -0.01705928 -0.00199957 -0.01356164
v -0.03214198 0.00500034 -0.01413388
v -0.03106436 0.00500034 -0.01192753
v -0.02721364 0.00500034 -0.00897441
v -0.02189420 0.00500034 -0.00893639
v -0.02236439 0.00500034 -0.00879043
v -0.02012668 0.00500034 -0.00980131
v -0.02012668 0.00500034 -0.00980131
v -0.01830097 0.00500034 -0.01144328
v -0.01705928 0.00500034 -0.01356164
v -0.01702862 0.00500034 -0.01935952
v -0.02006371 0.00500034 -0.01551709
v -0.01672978 0.00500034 -0.01840317
v -0.03237028 -0.00199957 -0.01452480
v -0.03232906 -0.00199957 -0.01447835
v -0.03237028 0.00150038 -0.01452480
v -0.03237028 0.00150038 -0.01452480
v -0.03232906 -0.00199957 -0.01447835
v -0.03214198 -0.00199957 -0.01413388
v -0.03214198 -0.00199957 -0.01413388
v -0.03214198 0.00150038 -0.01413388
v -0.03263419 -0.00199957 -0.01472444
v -0.03214198 0.00500034 -0.01413388
v -0.03237028 0.00500034 -0.01452480
v -0.02468548 0.02305010 -0.02510811
v -0.02674589 0.02475008 -0.02251468
v -0.02468548 0.02300010 -0.02510811
v -0.02589472 0.02612560 -0.02358604
v -0.02674562 0.02649084 -0.02251502
v -0.02510142 0.02507998 -0.02458456
v -0.02533679 0.02550420 -0.02428831
v -0.02545953 0.02567824 -0.02413381
v -0.02690927 0.02650006 -0.02230903
v -0.02880630 0.02650006 -0.01992125
v -0.02880630 0.02475008 -0.01992125
v -0.02483271 0.02431668 -0.02492278
v -0.02468548 0.02310010 -0.02510811
v -0.02674589 0.02300010 -0.02251468
v -0.02877334 0.02300010 -0.01996275
v -0.02880630 0.02300010 -0.01992125
v -0.09373936 0.00425035 -0.04438338
v -0.09215675 0.00425035 -0.04552411
v -0.09230809 0.00300036 -0.04545195
v -0.09462915 0.00425035 -0.03889947
v -0.09507374 0.00300036 -0.04071440
v -0.08937652 0.00550033 -0.04592570
v -0.09025805 0.00425035 -0.04597237
v -0.09215675 0.00425035 -0.04552411
v -0.09045339 0.00300036 -0.04596161
v -0.09230809 0.00300036 -0.04545195
v -0.08937652 0.00300036 -0.04592570
v -0.08833237 0.00550033 -0.04565992
v -0.08833237 0.00520034 -0.04565992
v -0.08833237 0.00425035 -0.04565992
v -0.08833237 0.00300036 -0.04565992
v -0.09476475 0.00300036 -0.04272438
v -0.09383315 0.00300036 -0.04427982
v -0.09182888 0.00300036 -0.03629126
v -0.09182888 0.00425035 -0.03629126
v -0.09346793 0.00300036 -0.03729787
v -0.09348841 0.00425035 -0.03731685
v -0.09460566 0.00300036 -0.03884875
v -0.09462915 0.00425035 -0.03889947
v -0.09460566 0.00300036 -0.03884875
v -0.08642189 0.00425035 -0.03756779
v -0.08800450 0.00425035 -0.03642706
v -0.08777979 0.00300036 -0.03653650
v -0.08553210 0.00425035 -0.04305170
v -0.08508384 0.00425035 -0.04115302
v -0.08508983 0.00300036 -0.04127786
v -0.08556733 0.00300036 -0.04312722
v -0.08667285 0.00425035 -0.04463432
v -0.08553210 0.00425035 -0.04305170
v -0.08556733 0.00300036 -0.04312722
v -0.08561625 0.00550033 -0.04322697
v -0.08674461 0.00550033 -0.04469988
v -0.08961220 0.00300036 -0.03599764
v -0.08777979 0.00300036 -0.03653650
v -0.08800450 0.00425035 -0.03642706
v -0.08990320 0.00425035 -0.03597881
v -0.09073718 0.00300036 -0.03601895
v -0.08769897 0.00550033 -0.03657934
v -0.08561625 0.00550033 -0.04322697
v -0.08538739 0.00550033 -0.04269979
v -0.08518915 0.00550033 -0.04201132
v -0.08510268 0.00550033 -0.04144402
v -0.08539646 0.00300036 -0.03922688
v -0.08539629 0.00425035 -0.03922733
v -0.08628314 0.00300036 -0.03772314
v -0.08670343 0.00300036 -0.04466258
v -0.08766376 0.00550033 -0.03659859
v -0.08766376 0.00550033 -0.03659859
v -0.08620836 0.00550033 -0.03781253
v -0.08539629 0.00550033 -0.03922733
v -0.08529748 0.00550033 -0.03951926
v -0.08539646 0.00300036 -0.03922688
v -0.08628314 0.00300036 -0.03772314
v -0.09008135 0.00300036 -0.04097586
v -0.09383315 0.00300036 -0.04427982
v -0.09476475 0.00300036 -0.04272438
v -0.08508983 0.00300036 -0.04127786
v -0.09182888 0.00300036 -0.03629126
v -0.08777979 0.00300036 -0.03653650
v -0.08961220 0.00300036 -0.03599764
v -0.09073718 0.00300036 -0.03601895
v -0.09507374 0.00300036 -0.04071440
v -0.09230809 0.00300036 -0.04545195
v -0.09045339 0.00300036 -0.04596161
v -0.08937652 0.00300036 -0.04592570
v -0.08833237 0.00300036 -0.04565992
v -0.09346793 0.00300036 -0.03729787
v -0.09460566 0.00300036 -0.03884875
v -0.08556733 0.00300036 -0.04312722
v -0.08670343 0.00300036 -0.04466258
v -0.02937999 0.02475008 -0.01903671
v -0.02911439 0.02475008 -0.01949276
v -0.02937999 0.02650006 -0.01903671
v -0.02911439 0.02650006 -0.01949276
v -0.02937999 0.02300010 -0.01903671
v -0.02911439 0.02300010 -0.01949276
v -0.02966823 0.02650006 -0.01848222
v -0.03012004 0.02475008 -0.01761304
v -0.03012004 0.02650006 -0.01761304
v -0.03086010 0.02475008 -0.01618936
v -0.03086010 0.02650006 -0.01618936
v -0.03012004 0.02300010 -0.01761304
v -0.03086010 0.02300010 -0.01618936
v -0.03239734 0.02650006 -0.01570368
v -0.03239734 0.02475008 -0.01570368
v -0.03239734 0.02300010 -0.01570368
v -0.03086010 0.02650006 -0.01618936
v -0.03086010 0.02475008 -0.01618936
v -0.03086010 0.02300010 -0.01618936
v -0.01748689 0.02300010 -0.02242150
v -0.02352542 0.02300010 -0.02467516
v -0.01853585 0.02300010 -0.01961090
v -0.02571074 0.02300010 -0.01881974
v -0.01967221 0.02300010 -0.01656609
v -0.02877334 0.02300010 -0.01996275
v -0.02674589 0.02300010 -0.02251468
v -0.02468548 0.02300010 -0.02510811
v -0.02880630 0.02300010 -0.01992125
v -0.02911439 0.02300010 -0.01949276
v -0.03012004 0.02300010 -0.01761304
v -0.03086010 0.02300010 -0.01618936
v -0.02937999 0.02300010 -0.01903671
v -0.03160875 0.02300010 -0.01434996
v -0.03239734 0.02300010 -0.01570368
v -0.03393458 0.02300010 -0.01521799
v -0.02789606 0.02300010 -0.01296433
v -0.02607343 0.02300010 -0.01228410
v -0.02434031 0.02300010 -0.01200289
v -0.02263149 0.02300010 -0.01240633
v -0.02120714 0.02300010 -0.01343299
v -0.02028410 0.02300010 -0.01492657
v -0.02120714 0.00500034 -0.01343299
v -0.02120714 0.01400022 -0.01343299
v -0.02565603 0.00500034 -0.01215108
v -0.02434031 0.00500034 -0.01200289
v -0.02120714 0.02300010 -0.01343299
v -0.02263149 0.01400022 -0.01240633
v -0.02263149 0.02300010 -0.01240633
v -0.02263149 0.01400022 -0.01240633
v -0.02263149 0.02300010 -0.01240633
v -0.02434031 0.01400022 -0.01200289
v -0.02434031 0.02300010 -0.01200289
v -0.02263149 0.00500034 -0.01240633
v -0.02263149 0.00500034 -0.01240633
v -0.02468548 0.02305010 -0.02510811
v -0.05059746 0.02305010 -0.03477882
v -0.07650945 0.02305010 -0.04444953
v -0.07650945 0.02310010 -0.04444953
v -0.05223631 0.02310010 -0.03539046
v -0.05059746 0.02310010 -0.03477882
v -0.02468548 0.02310010 -0.02510811
v -0.05427432 -0.00209957 -0.03615107
v -0.05263547 -0.00204957 -0.03553943
v -0.05263547 -0.00209957 -0.03553943
v -0.07650945 -0.00204957 -0.04444953
v -0.07650945 -0.00209957 -0.04444953
v -0.02876148 -0.00204957 -0.02662933
v -0.02876148 -0.00209957 -0.02662933
v -0.03814505 0.01050027 -0.01703609
v -0.03814505 0.02650006 -0.01703609
v -0.03883018 0.01050027 -0.01799386
v -0.03883018 0.02650006 -0.01799386
v -0.03814505 -0.00549953 -0.01703609
v -0.03883018 -0.00549953 -0.01799386
v -0.01853585 0.00500034 -0.01961090
v -0.01742496 0.00500034 -0.02147918
v -0.01704629 0.00500034 -0.02360207
v -0.02189420 0.00500034 -0.00893639
v -0.02236439 0.00500034 -0.00879043
v -0.01830097 0.00500034 -0.01144328
v -0.02012668 0.00500034 -0.00980131
v -0.02028410 0.00500034 -0.01492657
v -0.02120714 0.00500034 -0.01343299
v -0.03214198 0.00500034 -0.01413388
v -0.03160875 0.00500034 -0.01434996
v -0.03237028 0.00500034 -0.01452480
v -0.03274757 0.00500034 -0.01477498
v -0.01680788 0.00500034 -0.01430237
v -0.01651857 0.00500034 -0.01595682
v -0.01705928 0.00500034 -0.01356164
v -0.02480330 0.00500034 -0.00850586
v -0.02263149 0.00500034 -0.01240633
v -0.02688287 0.00500034 -0.00886323
v -0.02434031 0.00500034 -0.01200289
v -0.02565603 0.00500034 -0.01215108
v -0.02721364 0.00500034 -0.00897441
v -0.02607343 0.00500034 -0.01228410
v -0.02936832 0.00500034 -0.01015194
v -0.03106436 0.00500034 -0.01192753
v -0.08061776 0.02190007 -0.04345132
v -0.08024733 0.02100046 -0.04444388
v -0.08122861 0.02100013 -0.04181459
v -0.08101227 0.02300010 -0.04239427
v -0.08013071 0.02075670 -0.04475635
v -0.08001897 0.02054273 -0.04505573
v -0.07978874 0.02016388 -0.04567264
v -0.07959124 0.01990630 -0.04620180
v -0.07914850 0.01955609 -0.04738810
v -0.07914850 0.01550020 -0.04738810
v -0.08122861 0.01550020 -0.04181459
v -0.08101227 0.02650006 -0.04239427
v -0.08101227 0.02475008 -0.04239427
v -0.08122861 0.02650006 -0.04181459
v -0.08164868 0.01550020 -0.04068904
v -0.08330872 0.01550020 -0.03624108
v -0.08330872 0.02100013 -0.03624108
v -0.08330872 0.02650006 -0.03624108
v -0.08256821 0.02650006 -0.03822522
v -0.08122861 0.00550033 -0.04181459
v -0.08264729 0.00550033 -0.04713955
v -0.07914850 0.00550033 -0.04738810
v -0.08518915 0.00550033 -0.04201132
v -0.08164868 0.00550033 -0.04068904
v -0.08479916 0.00550033 -0.03486762
v -0.08297877 0.00550033 -0.03467086
v -0.08225273 0.00550033 -0.03425786
v -0.08802151 0.00550033 -0.03563923
v -0.08539629 0.00550033 -0.03922733
v -0.08337135 0.00550033 -0.03540814
v -0.08620836 0.00550033 -0.03781253
v -0.08330872 0.00550033 -0.03624108
v -0.08529748 0.00550033 -0.03951926
v -0.08961624 0.00550033 -0.04604192
v -0.08937652 0.00550033 -0.04592570
v -0.09045339 0.00550033 -0.04596161
v -0.08878322 0.00550033 -0.04615736
v -0.08322741 0.00550033 -0.03501162
v -0.08571525 0.00550033 -0.04664845
v -0.08833237 0.00550033 -0.04565992
v -0.08379819 0.00550033 -0.04695532
v -0.08510268 0.00550033 -0.04144402
v -0.08954612 0.00550033 -0.03600431
v -0.08769897 0.00550033 -0.03657934
v -0.08766376 0.00550033 -0.03659859
v -0.08674461 0.00550033 -0.04469988
v -0.08561625 0.00550033 -0.04322697
v -0.08538739 0.00550033 -0.04269979
v -0.08225273 0.00000040 -0.03425786
v -0.08225273 0.00550033 -0.03425786
v -0.08282104 0.00000040 -0.03453004
v -0.08297877 0.00550033 -0.03467086
v -0.08322741 0.00000040 -0.03501162
v -0.08322741 0.00550033 -0.03501162
v -0.08322741 0.00000040 -0.03501162
v -0.08322741 0.00550033 -0.03501162
v -0.08340013 0.00000040 -0.03561762
v -0.08337135 0.00550033 -0.03540814
v -0.08330872 0.00000040 -0.03624108
v -0.08330872 0.00550033 -0.03624108
v -0.08225273 -0.00549953 -0.03425786
v -0.08297877 -0.00549953 -0.03467086
v -0.08322741 -0.00549953 -0.03501162
v -0.08322741 -0.00549953 -0.03501162
v -0.08337135 -0.00549953 -0.03540814
v -0.08330872 -0.00549953 -0.03624108
v -0.08122861 0.00000040 -0.04181459
v -0.08061776 -0.00089954 -0.04345132
v -0.08101227 -0.00199957 -0.04239427
v -0.08024733 0.00000007 -0.04444388
v -0.08122861 0.00550033 -0.04181459
v -0.07914850 0.00550033 -0.04738810
v -0.07914850 0.00144444 -0.04738810
v -0.07959124 0.00109423 -0.04620180
v -0.07978874 0.00083665 -0.04567264
v -0.08001897 0.00045781 -0.04505573
v -0.08013071 0.00024383 -0.04475635
v -0.08101227 -0.00374955 -0.04239427
v -0.08101227 -0.00549953 -0.04239427
v -0.08122861 -0.00549953 -0.04181459
v -0.08256821 -0.00549953 -0.03822522
v -0.08164868 0.00550033 -0.04068904
v -0.07543246 0.01050027 -0.04697583
v -0.07720612 0.00139703 -0.04726056
v -0.07887605 0.00143279 -0.04738165
v -0.07688045 0.00140205 -0.04722048
v -0.07555713 0.00147717 -0.04700122
v -0.07720675 0.01960351 -0.04726063
v -0.07688021 0.01959848 -0.04722045
v -0.07887601 0.01956774 -0.04738164
v -0.07543246 0.01951213 -0.04697583
v -0.07543246 0.01951213 -0.04697583
v -0.07688021 0.01959848 -0.04722045
v -0.07555713 0.01952336 -0.04700122
v -0.07903224 0.00143943 -0.04738580
v -0.07903243 0.01050027 -0.04738580
v -0.07543246 0.00148840 -0.04697583
v -0.08264729 0.01050027 -0.04713955
v -0.08264729 0.01550020 -0.04713955
v -0.07914850 0.01550020 -0.04738810
v -0.07903224 0.01956109 -0.04738580
v -0.07914850 0.01955609 -0.04738810
v -0.08264729 0.00550033 -0.04713955
v -0.07914850 0.00550033 -0.04738810
v -0.07914850 0.00144444 -0.04738810
v -0.08479916 0.01050027 -0.03486762
v -0.08005221 0.02650006 -0.03373093
v -0.08225273 0.02650006 -0.03425786
v -0.08005221 0.01050027 -0.03373093
v -0.08225273 0.02100013 -0.03425786
v -0.08225273 0.01550020 -0.03425786
v -0.08479916 0.01550020 -0.03486762
v -0.08479916 0.00550033 -0.03486762
v -0.08005221 -0.00549953 -0.03373093
v -0.08802151 0.01550020 -0.03563923
v -0.08802151 0.00550033 -0.03563923
v -0.08340013 0.02100013 -0.03561762
v -0.08337135 0.01550020 -0.03540814
v -0.08322741 0.02100013 -0.03501162
v -0.08322741 0.01550020 -0.03501162
v -0.08322741 0.02100013 -0.03501162
v -0.08322741 0.01550020 -0.03501162
v -0.08282104 0.02100013 -0.03453004
v -0.08297877 0.01550020 -0.03467086
v -0.08337135 0.02650006 -0.03540814
v -0.08322741 0.02650006 -0.03501162
v -0.08322741 0.02650006 -0.03501162
v -0.08297877 0.02650006 -0.03467086
v -0.08122861 0.01550020 -0.04181459
v -0.08518902 0.01550020 -0.04201075
v -0.08164868 0.01550020 -0.04068904
v -0.08264729 0.01550020 -0.04713955
v -0.07914850 0.01550020 -0.04738810
v -0.08479916 0.01550020 -0.03486762
v -0.08766230 0.01550020 -0.03659939
v -0.08802151 0.01550020 -0.03563923
v -0.08297877 0.01550020 -0.03467086
v -0.08225273 0.01550020 -0.03425786
v -0.08961624 0.01550020 -0.04604192
v -0.08993281 0.01550020 -0.04597334
v -0.08878322 0.01550020 -0.04615736
v -0.09027365 0.01550020 -0.04597586
v -0.08911972 0.01550020 -0.04588232
v -0.08833237 0.01550020 -0.04565992
v -0.08322741 0.01550020 -0.03501162
v -0.08625244 0.01550020 -0.03775932
v -0.08337135 0.01550020 -0.03540814
v -0.09045339 0.01550020 -0.04596161
v -0.08509163 0.01550020 -0.04130627
v -0.08532870 0.01550020 -0.03942043
v -0.08954612 0.01550020 -0.03600431
v -0.08772939 0.01550020 -0.03656299
v -0.08671044 0.01550020 -0.04466899
v -0.08571525 0.01550020 -0.04664845
v -0.08330872 0.01550020 -0.03624108
v -0.08379819 0.01550020 -0.04695532
v -0.08557552 0.01550020 -0.04314433
v -0.08538661 0.01550020 -0.04269769
v -0.09027365 0.01550020 -0.04597586
v -0.08961624 0.01550020 -0.04604192
v -0.08961624 0.01050027 -0.04604192
v -0.08878322 0.01550020 -0.04615736
v -0.08878322 0.01050027 -0.04615736
v -0.08878322 0.00550033 -0.04615736
v -0.08961624 0.00550033 -0.04604192
v -0.08122861 0.02650006 -0.04181459
v -0.07357164 0.02650006 -0.03486774
v -0.08101227 0.02650006 -0.04239427
v -0.08256821 0.02650006 -0.03822522
v -0.05432791 0.02650006 -0.03136795
v -0.05342513 0.02650006 -0.03220511
v -0.05394329 0.02650006 -0.03239850
v -0.07314936 0.02650006 -0.03494314
v -0.06896871 0.02650006 -0.03527935
v -0.06479337 0.02650006 -0.03488263
v -0.06075086 0.02650006 -0.03376508
v -0.05653497 0.02650006 -0.03219165
v -0.08097596 0.02650006 -0.04248746
v -0.02690927 0.02650006 -0.02230903
v -0.05231907 0.02650006 -0.03061822
v -0.04888493 0.02650006 -0.02901731
v -0.04574554 0.02650006 -0.02689587
v -0.04431118 0.02650006 -0.02565601
v -0.02880630 0.02650006 -0.01992125
v -0.08297877 0.02650006 -0.03467086
v -0.08225273 0.02650006 -0.03425786
v -0.08322741 0.02650006 -0.03501162
v -0.08005221 0.02650006 -0.03373093
v -0.08337135 0.02650006 -0.03540814
v -0.07861877 0.02650006 -0.03360072
v -0.08330872 0.02650006 -0.03624108
v -0.07720763 0.02650006 -0.03388425
v -0.03714407 0.02650006 -0.01641582
v -0.03393458 0.02650006 -0.01521799
v -0.03814505 0.02650006 -0.01703609
v -0.03239734 0.02650006 -0.01570368
v -0.03883018 0.02650006 -0.01799386
v -0.04065473 0.02650006 -0.02131459
v -0.03086010 0.02650006 -0.01618936
v -0.03012004 0.02650006 -0.01761304
v -0.02966823 0.02650006 -0.01848222
v -0.04191074 0.02650006 -0.02305143
v -0.04297916 0.02650006 -0.02430679
v -0.02937999 0.02650006 -0.01903671
v -0.02911439 0.02650006 -0.01949276
v -0.05432791 0.02650006 -0.03136795
v -0.05231907 0.01050027 -0.03061822
v -0.05231907 0.02650006 -0.03061822
v -0.05653497 0.01050027 -0.03219165
v -0.05653497 0.02650006 -0.03219165
v -0.06075086 -0.00549953 -0.03376508
v -0.05653497 -0.00549953 -0.03219165
v -0.06075086 0.01050027 -0.03376508
v -0.06075086 0.02650006 -0.03376508
v -0.05584841 -0.00549953 -0.03193542
v -0.05231907 -0.00549953 -0.03061822
v -0.04297916 0.02650006 -0.02430679
v -0.04215214 0.01050027 -0.02335069
v -0.04191074 0.02650006 -0.02305143
v -0.04065473 0.02650006 -0.02131459
v -0.04675425 0.01050027 -0.02765784
v -0.04888493 0.02650006 -0.02901731
v -0.04943905 0.01050027 -0.02932152
v -0.04574554 0.02650006 -0.02689587
v -0.04431118 0.01050027 -0.02565601
v -0.04431118 0.02650006 -0.02565601
v -0.04031453 0.01050027 -0.02078181
v -0.04065473 0.02650006 -0.02131459
v -0.04031453 0.01050027 -0.02078181
v -0.03883018 0.01050027 -0.01799386
v -0.03883018 0.02650006 -0.01799386
v -0.04888493 -0.00549953 -0.02901731
v -0.04574554 -0.00549953 -0.02689587
v -0.04431118 -0.00549953 -0.02565601
v -0.04191074 -0.00549953 -0.02305143
v -0.04297916 -0.00549953 -0.02430679
v -0.04065473 -0.00549953 -0.02131459
v -0.04065473 -0.00549953 -0.02131459
v -0.03883018 -0.00549953 -0.01799386
v -0.07720763 0.02650006 -0.03388425
v -0.07720763 0.01050027 -0.03388425
v -0.07357164 0.02650006 -0.03486774
v -0.07314936 0.01050027 -0.03494314
v -0.07314936 0.02650006 -0.03494314
v -0.06896871 0.01050027 -0.03527935
v -0.06896871 0.02650006 -0.03527935
v -0.06479337 0.01050027 -0.03488263
v -0.06479337 0.02650006 -0.03488263
v -0.07314936 -0.00549953 -0.03494314
v -0.07357164 -0.00549953 -0.03486774
v -0.07720763 -0.00549953 -0.03388425
v -0.06896871 -0.00549953 -0.03527935
v -0.06479337 -0.00549953 -0.03488263
v -0.07861877 0.01050027 -0.03360072
v -0.07861877 0.02650006 -0.03360072
v -0.07861877 -0.00549953 -0.03360072
v -0.06738049 0.01050027 -0.04524940
v -0.06886639 0.01050027 -0.04561676
v -0.07214942 0.01050027 -0.04629630
v -0.07271083 0.01920610 -0.04641250
v -0.07270909 0.00179467 -0.04641214
v -0.08044725 0.02634299 -0.04338042
v -0.05297019 0.02624125 -0.03342409
v -0.02483271 0.02431668 -0.02492278
v -0.05232681 0.02440121 -0.03514799
v -0.07916586 0.02551747 -0.04436381
v -0.07918574 0.02553258 -0.04435481
v -0.05258451 0.02550423 -0.03445749
v -0.07914774 0.02550365 -0.04437188
v -0.07798196 0.02453190 -0.04466160
v -0.07822794 0.02474940 -0.04463531
v -0.07914774 0.02550365 -0.04437188
v -0.05258451 0.02550423 -0.03445749
v -0.02674562 0.02649084 -0.02251502
v -0.02589472 0.02612560 -0.02358604
v -0.02545953 0.02567824 -0.02413381
v -0.02533679 0.02550420 -0.02428831
v -0.02533679 0.02550420 -0.02428831
v -0.02510142 0.02507998 -0.02458456
v -0.07983840 0.02599473 -0.04396656
v -0.07785744 0.02300010 -0.04466824
v -0.07918651 0.02475008 -0.04435446
v -0.07916586 0.02551747 -0.04436381
v -0.07918574 0.02553258 -0.04435481
v -0.07918651 0.02300010 -0.04435446
v -0.07918651 0.02475008 -0.04435446
v -0.07918651 0.02300010 -0.04435446
v -0.08029435 0.02475008 -0.04355595
v -0.08029435 0.02300010 -0.04355595
v -0.07918574 0.02553258 -0.04435481
v -0.07983840 0.02599473 -0.04396656
v -0.08044725 0.02634299 -0.04338042
v -0.08097596 0.02650006 -0.04248746
v -0.02891086 -0.00374960 -0.02622907
v -0.05436481 -0.00340067 -0.03590860
v -0.02885197 -0.00340067 -0.02638686
v -0.05462251 -0.00450370 -0.03521810
v -0.02910968 -0.00450370 -0.02569636
v -0.05462251 -0.00450370 -0.03521810
v -0.05500819 -0.00524072 -0.03418470
v -0.08044725 -0.00534246 -0.04338042
v -0.07983840 -0.00499419 -0.04396656
v -0.07918574 -0.00453205 -0.04435481
v -0.07916586 -0.00451694 -0.04436381
v -0.07914774 -0.00450312 -0.04437188
v -0.08097596 -0.00549953 -0.04248746
v -0.05546313 -0.00549953 -0.03296572
v -0.07914774 -0.00450312 -0.04437188
v -0.07822794 -0.00374886 -0.04463531
v -0.07798196 -0.00353136 -0.04466160
v -0.02995030 -0.00549953 -0.02344398
v -0.02949536 -0.00524072 -0.02466296
v -0.02910968 -0.00450370 -0.02569636
v -0.08101227 -0.00549953 -0.04239427
v -0.07357164 -0.00549953 -0.03486774
v -0.08122861 -0.00549953 -0.04181459
v -0.08256821 -0.00549953 -0.03822522
v -0.03154121 -0.00549953 -0.01918124
v -0.04191074 -0.00549953 -0.02305143
v -0.03059715 -0.00549953 -0.02171078
v -0.03500585 -0.00549953 -0.01561781
v -0.03883018 -0.00549953 -0.01799386
v -0.03371934 -0.00549953 -0.01620502
v -0.04065473 -0.00549953 -0.02131459
v -0.03243282 -0.00549953 -0.01679223
v -0.06075086 -0.00549953 -0.03376508
v -0.05653497 -0.00549953 -0.03219165
v -0.05584841 -0.00549953 -0.03193542
v -0.04574554 -0.00549953 -0.02689587
v -0.04431118 -0.00549953 -0.02565601
v -0.04297916 -0.00549953 -0.02430679
v -0.08337135 -0.00549953 -0.03540814
v -0.08005221 -0.00549953 -0.03373093
v -0.08322741 -0.00549953 -0.03501162
v -0.08225273 -0.00549953 -0.03425786
v -0.08297877 -0.00549953 -0.03467086
v -0.06479337 -0.00549953 -0.03488263
v -0.06896871 -0.00549953 -0.03527935
v -0.07314936 -0.00549953 -0.03494314
v -0.04888493 -0.00549953 -0.02901731
v -0.05231907 -0.00549953 -0.03061822
v -0.03714407 -0.00549953 -0.01641582
v -0.03814505 -0.00549953 -0.01703609
v -0.07861877 -0.00549953 -0.03360072
v -0.08330872 -0.00549953 -0.03624108
v -0.07720763 -0.00549953 -0.03388425
v -0.07918651 -0.00374955 -0.04435446
v -0.07916586 -0.00451694 -0.04436381
v -0.07918574 -0.00453205 -0.04435481
v -0.07785744 -0.00199957 -0.04466824
v -0.07918651 -0.00374955 -0.04435446
v -0.07918574 -0.00453205 -0.04435481
v -0.08029435 -0.00374955 -0.04355595
v -0.07983840 -0.00499419 -0.04396656
v -0.08044725 -0.00534246 -0.04338042
v -0.08097596 -0.00549953 -0.04248746
v -0.07918651 -0.00199957 -0.04435446
v -0.07918651 -0.00199957 -0.04435446
v -0.08029435 -0.00199957 -0.04355595
v -0.08379819 0.01550020 -0.04695532
v -0.08571525 0.01050027 -0.04664845
v -0.08571525 0.01550020 -0.04664845
v -0.08571525 0.00550033 -0.04664845
v -0.08379819 0.00550033 -0.04695532
v -0.07720612 0.00139703 -0.04726056
v -0.07727054 0.00133948 -0.04710336
v -0.07819762 0.00139051 -0.04728273
v -0.07887605 0.00143279 -0.04738165
v -0.07688045 0.00140205 -0.04722048
v -0.07688021 0.01959848 -0.04722045
v -0.07706066 0.01967033 -0.04705400
v -0.07720675 0.01960351 -0.04726063
v -0.07727054 0.01966105 -0.04710338
v -0.07887601 0.01956774 -0.04738164
v -0.08009457 -0.00080622 -0.04403159
v -0.07723410 0.00102556 -0.04638639
v -0.07959124 0.00109423 -0.04620180
v -0.07903224 0.00143943 -0.04738580
v -0.07914850 0.00144444 -0.04738810
v -0.07834767 -0.00080622 -0.04482894
v -0.08001897 0.00045781 -0.04505573
v -0.07978874 0.00083665 -0.04567264
v -0.07952442 0.00024412 -0.04509477
v -0.08013071 0.00024383 -0.04475635
v -0.07860108 0.00102556 -0.04633784
v -0.07737985 -0.00080622 -0.04486332
v -0.07732231 0.00024412 -0.04546461
v -0.07927361 -0.00080622 -0.04454526
v -0.07927361 -0.00080622 -0.04454526
v -0.08013071 0.00024383 -0.04475635
v -0.07952442 0.00024412 -0.04509477
v -0.07732231 0.00024412 -0.04546461
v -0.07844771 0.00024412 -0.04542465
v -0.07844771 0.00024412 -0.04542465
v -0.07732231 0.02075641 -0.04546461
v -0.07737985 0.02180675 -0.04486332
v -0.08009457 0.02180675 -0.04403159
v -0.07860108 0.01997498 -0.04633784
v -0.07723410 0.01997498 -0.04638639
v -0.07834767 0.02180675 -0.04482894
v -0.07927361 0.02180675 -0.04454526
v -0.07959124 0.01990630 -0.04620180
v -0.07903224 0.01956109 -0.04738580
v -0.07914850 0.01955609 -0.04738810
v -0.07952442 0.02075641 -0.04509477
v -0.07978874 0.02016388 -0.04567264
v -0.08001897 0.02054273 -0.04505573
v -0.08013071 0.02075670 -0.04475635
v -0.07952442 0.02075641 -0.04509477
v -0.08013071 0.02075670 -0.04475635
v -0.07927361 0.02180675 -0.04454526
v -0.07732231 0.02075641 -0.04546461
v -0.07844771 0.02075641 -0.04542465
v -0.07844771 0.02075641 -0.04542465
v -0.08961220 0.01800017 -0.03599764
v -0.08777979 0.01800017 -0.03653650
v -0.08508983 0.01800017 -0.04127786
v -0.08556733 0.01800017 -0.04312722
v -0.08670343 0.01800017 -0.04466258
v -0.09240493 0.02700005 -0.02533637
v -0.09179496 0.03100000 -0.02187164
v -0.09283839 0.02700005 -0.02779847
v -0.09197147 0.02700005 -0.02287426
v -0.09197147 0.02450008 -0.02287426
v -0.09179496 0.01275024 -0.02187164
v -0.09197147 0.02200012 -0.02287426
v -0.09240493 0.02200012 -0.02533637
v -0.09240493 0.01275024 -0.02533637
v -0.09357370 0.01275024 -0.03197516
v -0.09283839 0.02200012 -0.02779847
v -0.09361861 0.02650006 -0.03223025
v -0.09283839 0.02450008 -0.02779847
v -0.09262166 -0.00549953 -0.02656742
v -0.09357370 -0.00549953 -0.03197516
v -0.09179496 -0.00549953 -0.02187164
v -0.09405207 0.01050027 -0.03469236
v -0.09405207 0.01275024 -0.03469236
v -0.09405207 0.00300036 -0.03469236
v -0.09535245 -0.00124958 -0.04207867
v -0.09513572 0.00300036 -0.04084762
v -0.09535245 0.00300036 -0.04207867
v -0.09513572 0.01800017 -0.04084762
v -0.09535245 0.02225011 -0.04207867
v -0.09535245 0.01800017 -0.04207867
v -0.09405207 0.01800017 -0.03469236
v -0.09535245 -0.00549953 -0.04207867
v -0.09361861 0.03100000 -0.03223025
v -0.09465892 0.02650006 -0.03813931
v -0.09535245 0.02650006 -0.04207867
v -0.09935778 0.02700005 -0.02157389
v -0.09566463 0.02700005 -0.02222408
v -0.09979124 0.02700005 -0.02403599
v -0.09609809 0.02700005 -0.02468618
v -0.09197147 0.02700005 -0.02287426
v -0.09240493 0.02700005 -0.02533637
v -0.10022470 0.02700005 -0.02649810
v -0.09653154 0.02700005 -0.02714828
v -0.09283839 0.02700005 -0.02779847
v -0.09935778 0.02200012 -0.02157389
v -0.09566463 0.02200012 -0.02222408
v -0.09935778 0.02450008 -0.02157389
v -0.09566463 0.02450008 -0.02222408
v -0.09197147 0.02200012 -0.02287426
v -0.09197147 0.02450008 -0.02287426
v -0.09935778 0.02700005 -0.02157389
v -0.09566463 0.02700005 -0.02222408
v -0.09197147 0.02700005 -0.02287426
v -0.10022470 0.02200012 -0.02649810
v -0.09653154 0.02200012 -0.02714828
v -0.09979124 0.02200012 -0.02403599
v -0.09609809 0.02200012 -0.02468618
v -0.09283839 0.02200012 -0.02779847
v -0.09240493 0.02200012 -0.02533637
v -0.09935778 0.02200012 -0.02157389
v -0.09566463 0.02200012 -0.02222408
v -0.09197147 0.02200012 -0.02287426
v -0.09653154 0.02200012 -0.02714828
v -0.09653158 0.02264607 -0.02714828
v -0.09579291 0.02250011 -0.02727832
v -0.09653158 0.02635409 -0.02714828
v -0.09653154 0.02700005 -0.02714828
v -0.09579291 0.02650006 -0.02727832
v -0.09776260 0.02450008 -0.02693156
v -0.09766620 0.02388206 -0.02694853
v -0.10022470 0.02450008 -0.02649810
v -0.09695066 0.02288206 -0.02707449
v -0.09382323 0.02450008 -0.02762509
v -0.09391963 0.02511811 -0.02760812
v -0.09463516 0.02611810 -0.02748215
v -0.09463516 0.02288206 -0.02748215
v -0.09391963 0.02388206 -0.02760812
v -0.09695066 0.02611810 -0.02707449
v -0.09766620 0.02511811 -0.02694853
v -0.10022470 0.02700005 -0.02649810
v -0.10022470 0.02200012 -0.02649810
v -0.09979124 0.02700005 -0.02403599
v -0.09979124 0.02450008 -0.02403599
v -0.09935778 0.02700005 -0.02157389
v -0.09935778 0.02450008 -0.02157389
v -0.09979124 0.02200012 -0.02403599
v -0.09935778 0.02200012 -0.02157389
v -0.09613968 0.02250011 -0.02924800
v -0.09648645 0.02250011 -0.03121769
v -0.09515484 0.02276806 -0.02942139
v -0.09532870 0.02288206 -0.03142151
v -0.09443388 0.02350010 -0.02954832
v -0.09451676 0.02450008 -0.03156445
v -0.09417000 0.02450008 -0.02959477
v -0.09461317 0.02388206 -0.03154748
v -0.09461317 0.02388206 -0.03154748
v -0.09417000 0.02450008 -0.02959477
v -0.09443388 0.02350010 -0.02954832
v -0.09461317 0.02388206 -0.03154748
v -0.09443388 0.02350010 -0.02954832
v -0.09532870 0.02288206 -0.03142151
v -0.09443388 0.02550007 -0.02954832
v -0.09443388 0.02550007 -0.02954832
v -0.09451676 0.02450008 -0.03156445
v -0.09461317 0.02511811 -0.03154748
v -0.09443388 0.02550007 -0.02954832
v -0.09461317 0.02511811 -0.03154748
v -0.09532870 0.02611810 -0.03142151
v -0.09648645 0.02650006 -0.03121769
v -0.09613968 0.02650006 -0.02924800
v -0.09532870 0.02611810 -0.03142151
v -0.09515484 0.02623211 -0.02942139
v -0.09443388 0.02550007 -0.02954832
v -0.09579291 0.02250011 -0.02727832
v -0.09463516 0.02288206 -0.02748215
v -0.09382323 0.02450008 -0.02762509
v -0.09443388 0.02350010 -0.02954832
v -0.09391963 0.02388206 -0.02760812
v -0.09443388 0.02350010 -0.02954832
v -0.09391963 0.02388206 -0.02760812
v -0.09463516 0.02288206 -0.02748215
v -0.09391963 0.02511811 -0.02760812
v -0.09391963 0.02511811 -0.02760812
v -0.09443388 0.02550007 -0.02954832
v -0.09463516 0.02611810 -0.02748215
v -0.09579291 0.02650006 -0.02727832
v -0.09463516 0.02611810 -0.02748215
v -0.09653158 0.02264607 -0.02714828
v -0.09712452 0.02276806 -0.02907462
v -0.09695066 0.02288206 -0.02707449
v -0.09653158 0.02635409 -0.02714828
v -0.09712452 0.02623211 -0.02907462
v -0.09695066 0.02611810 -0.02707449
v -0.09764420 0.02611810 -0.03101386
v -0.09784548 0.02550007 -0.02894769
v -0.09845613 0.02450008 -0.03087091
v -0.09810936 0.02450008 -0.02890124
v -0.09835973 0.02511811 -0.03088789
v -0.09784548 0.02550007 -0.02894769
v -0.09764420 0.02611810 -0.03101386
v -0.09784548 0.02350010 -0.02894769
v -0.09784548 0.02350010 -0.02894769
v -0.09845613 0.02450008 -0.03087091
v -0.09835973 0.02388206 -0.03088789
v -0.09835973 0.02388206 -0.03088789
v -0.09764420 0.02288206 -0.03101386
v -0.09764420 0.02288206 -0.03101386
v -0.09784548 0.02350010 -0.02894769
v -0.09766620 0.02511811 -0.02694853
v -0.09766620 0.02388206 -0.02694853
v -0.09451676 0.02450008 -0.03156445
v -0.09461317 0.02388206 -0.03154748
v -0.09532870 0.02288206 -0.03142151
v -0.09648645 0.02250011 -0.03121769
v -0.09648645 0.02450008 -0.03121769
v -0.09648645 0.02650006 -0.03121769
v -0.09532870 0.02611810 -0.03142151
v -0.09461317 0.02511811 -0.03154748
v -0.09144895 0.02104492 -0.01085272
v -0.09715926 0.01275024 -0.01485339
v -0.09136804 0.02106234 -0.01079604
v -0.09190609 0.02100013 -0.01117299
v -0.09236323 0.02795524 -0.01149327
v -0.09715926 0.03100000 -0.01485339
v -0.09300303 0.02773362 -0.01194152
v -0.09190609 0.02800004 -0.01117299
v -0.09136843 0.02793792 -0.01079631
v -0.09136813 0.03100000 -0.01079609
v -0.09136813 0.01275024 -0.01079609
v -0.08925782 0.02316071 -0.00931761
v -0.08987919 0.02202524 -0.00975294
v -0.09080914 0.02126655 -0.01040447
v -0.09320481 0.02137996 -0.01208288
v -0.09422163 0.02243705 -0.01279527
v -0.09473576 0.02394191 -0.01315569
v -0.09477255 0.02450008 -0.01318125
v -0.09455435 0.02583946 -0.01302838
v -0.09393298 0.02697493 -0.01259304
v -0.08557701 0.03100000 -0.00673881
v -0.09060737 0.02762020 -0.01026310
v -0.08959054 0.02656312 -0.00955071
v -0.08907621 0.02505825 -0.00919058
v -0.08903963 0.02450008 -0.00916473
v -0.08557701 0.01275024 -0.00673881
v -0.09136813 -0.00549953 -0.01079609
v -0.09715926 -0.00549953 -0.01485339
v -0.08557701 -0.00549953 -0.00673881
v -0.08993817 0.02350384 -0.00813454
v -0.09056431 0.02214675 -0.00857322
v -0.08997182 0.02245160 -0.00898809
v -0.09079077 0.02152153 -0.00956184
v -0.08997182 0.02245160 -0.00898809
v -0.09056431 0.02214675 -0.00857322
v -0.09295658 0.02109433 -0.01107922
v -0.09409298 0.02145072 -0.01104542
v -0.09397372 0.02166223 -0.01179183
v -0.09503724 0.02249805 -0.01170697
v -0.08925782 0.02316071 -0.00931761
v -0.08950671 0.02369353 -0.00866222
v -0.08987919 0.02202524 -0.00975294
v -0.08987919 0.02202524 -0.00975294
v -0.09136804 0.02106234 -0.01079604
v -0.09183888 0.02104492 -0.01029616
v -0.09144895 0.02104492 -0.01085272
v -0.09320481 0.02137996 -0.01208288
v -0.09422163 0.02243705 -0.01279527
v -0.08946625 0.02505825 -0.00863387
v -0.08985628 0.02505825 -0.00807717
v -0.09222891 0.02104492 -0.00973945
v -0.09161069 0.02125575 -0.00930631
v -0.09287006 0.02100735 -0.01018864
v -0.09551582 0.02394191 -0.01204227
v -0.09512579 0.02394191 -0.01259898
v -0.09503724 0.02249805 -0.01170697
v -0.09473545 0.02266216 -0.01232551
v -0.09397372 0.02166223 -0.01179183
v -0.08907621 0.02505825 -0.00919058
v -0.08903963 0.02450008 -0.00916473
v -0.09080914 0.02126655 -0.01040447
v -0.09190609 0.02100013 -0.01117299
v -0.09473576 0.02394191 -0.01315569
v -0.09422163 0.02243705 -0.01279527
v -0.09543393 0.02549633 -0.01198490
v -0.09480779 0.02685342 -0.01154622
v -0.09462022 0.02654857 -0.01224477
v -0.09380127 0.02747863 -0.01167101
v -0.09462022 0.02654857 -0.01224477
v -0.09480779 0.02685342 -0.01154622
v -0.09163546 0.02790584 -0.01015363
v -0.09127912 0.02754945 -0.00907402
v -0.09061831 0.02733794 -0.00944102
v -0.09033486 0.02650212 -0.00841246
v -0.09455435 0.02583946 -0.01302838
v -0.09508533 0.02530663 -0.01257063
v -0.09393298 0.02697493 -0.01259304
v -0.09393298 0.02697493 -0.01259304
v -0.08959054 0.02656312 -0.00955071
v -0.09060737 0.02762020 -0.01026310
v -0.09136843 0.02793792 -0.01079631
v -0.09190609 0.02800004 -0.01117299
v -0.09236323 0.02795524 -0.01149327
v -0.09275316 0.02795524 -0.01093671
v -0.09314319 0.02795524 -0.01038000
v -0.09376141 0.02774441 -0.01081312
v -0.09250205 0.02799282 -0.00993080
v -0.09033486 0.02650212 -0.00841246
v -0.08985659 0.02633800 -0.00890735
v -0.09061831 0.02733794 -0.00944102
v -0.09477255 0.02450008 -0.01318125
v -0.09300303 0.02773362 -0.01194152
v -0.08959054 0.02656312 -0.00955071
v -0.10089528 0.02565230 -0.00682163
v -0.09852040 0.02507619 -0.00597177
v -0.10077121 0.02616705 -0.00673471
v -0.09818818 0.02596329 -0.00573901
v -0.10023084 0.02742649 -0.00635613
v -0.09596690 0.02936545 -0.00336879
v -0.09605620 0.02693277 -0.00424534
v -0.09554531 0.02921395 -0.00307341
v -0.09532968 0.02652712 -0.00373633
v -0.09451384 0.02855416 -0.00235076
v -0.09614551 0.02450008 -0.00512190
v -0.09450677 0.02489878 -0.00315980
v -0.09478558 0.02581288 -0.00335514
v -0.09685456 0.02696806 -0.00480468
v -0.09760321 0.02662762 -0.00532918
v -0.09854930 0.02410139 -0.00599201
v -0.10095309 0.02370270 -0.00686214
v -0.09756361 0.02943603 -0.00448745
v -0.09906092 0.02875515 -0.00553647
v -0.09286803 0.02529747 -0.00119770
v -0.09342566 0.02712568 -0.00158838
v -0.09292583 0.02334787 -0.00123820
v -0.09453567 0.02392398 -0.00318005
v -0.09304990 0.02283311 -0.00132512
v -0.09486789 0.02303688 -0.00341281
v -0.09359027 0.02157368 -0.00170371
v -0.09785422 0.01963472 -0.00469105
v -0.09699987 0.02206740 -0.00490648
v -0.09827580 0.01978622 -0.00498642
v -0.09772640 0.02247304 -0.00541548
v -0.09930728 0.02044601 -0.00570908
v -0.09827048 0.02318729 -0.00579668
v -0.09620151 0.02203211 -0.00434714
v -0.09545286 0.02237254 -0.00382263
v -0.09625750 0.01956414 -0.00357238
v -0.09476020 0.02024501 -0.00252337
v -0.10039546 0.02187449 -0.00647146
v -0.09762893 0.02992962 -0.00453321
v -0.09684583 0.02999944 -0.00398457
v -0.09839019 0.02969482 -0.00506655
v -0.09619220 0.01907054 -0.00352662
v -0.09697528 0.01900073 -0.00407527
v -0.09543093 0.01930534 -0.00299328
v -0.09540950 0.02968402 -0.00297827
v -0.09540915 0.02968550 -0.00297802
v -0.09841197 0.01931467 -0.00508182
v -0.09841162 0.01931614 -0.00508157
v -0.09851183 0.01935940 -0.00515177
v -0.09246377 0.02537721 -0.00091448
v -0.09297764 0.02718132 -0.00127450
v -0.09248625 0.02346730 -0.00093022
v -0.10133487 0.02553287 -0.00712961
v -0.10135734 0.02362296 -0.00714536
v -0.10115747 0.02633309 -0.00700532
v -0.09985524 0.02033813 -0.00609298
v -0.10084347 0.02181884 -0.00678534
v -0.09406505 0.02023653 -0.00203634
v -0.09304237 0.02168196 -0.00131985
v -0.09266365 0.02266708 -0.00105451
v -0.10077875 0.02731821 -0.00673999
v -0.09975608 0.02876364 -0.00602349
v -0.09530929 0.02964076 -0.00290806
v -0.09396588 0.02866204 -0.00196686
v -0.09540123 0.02651723 -0.01005419
v -0.09453205 0.02726588 -0.01039914
v -0.09529251 0.02640224 -0.01093192
v -0.09540123 0.02651723 -0.01005419
v -0.09529251 0.02640224 -0.01093192
v -0.09593792 0.02535401 -0.01043021
v -0.09450433 0.02728094 -0.00942583
v -0.09355881 0.02770845 -0.00971729
v -0.09237666 0.02711383 -0.00793517
v -0.09157645 0.02713523 -0.00832843
v -0.09252094 0.02766257 -0.00899015
v -0.09156729 0.02621611 -0.00736812
v -0.09397443 0.02746165 -0.00905457
v -0.09576197 0.02398178 -0.01126083
v -0.09600811 0.02402165 -0.01047938
v -0.09572440 0.02524902 -0.01123450
v -0.09050668 0.02501838 -0.00757895
v -0.09086914 0.02620672 -0.00783288
v -0.09157645 0.02713523 -0.00832843
v -0.09115707 0.02497852 -0.00708072
v -0.09156729 0.02621611 -0.00736812
v -0.09342487 0.02749386 -0.00866955
v -0.09176396 0.02248294 -0.00750591
v -0.09173659 0.02173429 -0.00844063
v -0.09097614 0.02259792 -0.00790785
v -0.09176396 0.02248294 -0.00750591
v -0.09097614 0.02259792 -0.00790785
v -0.09122726 0.02364616 -0.00712989
v -0.09266085 0.02171923 -0.00813427
v -0.09270983 0.02129172 -0.00912248
v -0.09478853 0.02188634 -0.00962494
v -0.09469219 0.02186493 -0.01051134
v -0.09374770 0.02133760 -0.00984962
v -0.09559791 0.02278405 -0.01019198
v -0.09319076 0.02153852 -0.00850553
v -0.09054425 0.02375114 -0.00760526
v -0.09539951 0.02279344 -0.01100688
v -0.09469219 0.02186493 -0.01051134
v -0.09559791 0.02278405 -0.01019198
v -0.09374031 0.02150631 -0.00889055
v -0.09524559 0.02711383 -0.00384022
v -0.09422742 0.02751450 -0.00263849
v -0.09443622 0.02621611 -0.00327317
v -0.09396588 0.02866204 -0.00196686
v -0.09297764 0.02718132 -0.00127450
v -0.09511042 0.02829274 -0.00325712
v -0.09530929 0.02964076 -0.00290806
v -0.09614715 0.02869974 -0.00398346
v -0.09540915 0.02968550 -0.00297802
v -0.09827081 0.02828085 -0.00547131
v -0.09975608 0.02876364 -0.00602349
v -0.09839019 0.02969482 -0.00506655
v -0.09723614 0.02869564 -0.00474642
v -0.09914984 0.02749597 -0.00608717
v -0.10077875 0.02731821 -0.00673999
v -0.09880686 0.02535401 -0.00633527
v -0.09978723 0.02641783 -0.00653372
v -0.09827016 0.02651723 -0.00595925
v -0.09762893 0.02992962 -0.00453321
v -0.10011720 0.02382231 -0.00676490
v -0.10135734 0.02362296 -0.00714536
v -0.10012056 0.02515198 -0.00676725
v -0.10133487 0.02553287 -0.00712961
v -0.10115747 0.02633309 -0.00700532
v -0.09324489 0.02517786 -0.00195013
v -0.09402601 0.02497852 -0.00298578
v -0.09358460 0.02644119 -0.00218813
v -0.09246377 0.02537721 -0.00091448
v -0.09684336 0.02746165 -0.00495962
v -0.09629381 0.02749386 -0.00457461
v -0.09737327 0.02728094 -0.00533088
v -0.09887705 0.02402165 -0.00638443
v -0.09684583 0.02999944 -0.00398457
v -0.09977749 0.02255898 -0.00652689
v -0.09846684 0.02278405 -0.00609704
v -0.09324153 0.02384819 -0.00194777
v -0.09409620 0.02364616 -0.00303495
v -0.09913467 0.02148567 -0.00607654
v -0.09765747 0.02188634 -0.00553000
v -0.09985524 0.02033813 -0.00609298
v -0.10084347 0.02181884 -0.00678534
v -0.09825168 0.02070742 -0.00545790
v -0.09851183 0.01935940 -0.00515177
v -0.09721494 0.02030043 -0.00473157
v -0.09841197 0.01931467 -0.00508182
v -0.09509129 0.02071932 -0.00324372
v -0.09406505 0.02023653 -0.00203634
v -0.09543093 0.01930534 -0.00299328
v -0.09612594 0.02030453 -0.00396860
v -0.09421224 0.02150420 -0.00262786
v -0.09304237 0.02168196 -0.00131985
v -0.09357486 0.02258233 -0.00218131
v -0.09463289 0.02248294 -0.00341097
v -0.09619220 0.01907054 -0.00352662
v -0.09248625 0.02346730 -0.00093022
v -0.09266365 0.02266708 -0.00105451
v -0.09605970 0.02153852 -0.00441059
v -0.09660925 0.02150631 -0.00479561
v -0.09552979 0.02171923 -0.00403933
v -0.09697528 0.01900073 -0.00407527
v -0.09744258 0.02402165 -0.00843191
v -0.09887705 0.02402165 -0.00638443
v -0.09740790 0.02519141 -0.00840761
v -0.09880686 0.02535401 -0.00633527
v -0.09700924 0.02625593 -0.00812830
v -0.09827016 0.02651723 -0.00595925
v -0.09700924 0.02625593 -0.00812830
v -0.09827016 0.02651723 -0.00595925
v -0.09630728 0.02705313 -0.00763651
v -0.09684336 0.02746165 -0.00495962
v -0.09540890 0.02746165 -0.00700710
v -0.09737327 0.02728094 -0.00533088
v -0.09445086 0.02741930 -0.00633590
v -0.09629381 0.02749386 -0.00457461
v -0.09524559 0.02711383 -0.00384022
v -0.09402601 0.02497852 -0.00298578
v -0.09259154 0.02497852 -0.00503325
v -0.09443622 0.02621611 -0.00327317
v -0.09292612 0.02607544 -0.00526766
v -0.09443622 0.02621611 -0.00327317
v -0.09292612 0.02607544 -0.00526766
v -0.09524559 0.02711383 -0.00384022
v -0.09524559 0.02711383 -0.00384022
v -0.09357903 0.02693253 -0.00572509
v -0.09357903 0.02693253 -0.00572509
v -0.09262623 0.02380876 -0.00505755
v -0.09409620 0.02364616 -0.00303495
v -0.09302489 0.02274424 -0.00533686
v -0.09463289 0.02248294 -0.00341097
v -0.09302489 0.02274424 -0.00533686
v -0.09463289 0.02248294 -0.00341097
v -0.09372685 0.02194704 -0.00582865
v -0.09605970 0.02153852 -0.00441059
v -0.09462523 0.02153852 -0.00645806
v -0.09552979 0.02171923 -0.00403933
v -0.09558326 0.02158086 -0.00712926
v -0.09660925 0.02150631 -0.00479561
v -0.09765747 0.02188634 -0.00553000
v -0.09846684 0.02278405 -0.00609704
v -0.09710800 0.02292473 -0.00819750
v -0.09846684 0.02278405 -0.00609704
v -0.09710800 0.02292473 -0.00819750
v -0.09765747 0.02188634 -0.00553000
v -0.09765747 0.02188634 -0.00553000
v -0.09645509 0.02206764 -0.00774007
v -0.09645509 0.02206764 -0.00774007
v -0.07441954 0.00000040 -0.00718006
v -0.07357217 -0.00191299 -0.00771569
v -0.07350618 0.00000040 -0.00734086
v -0.07553496 -0.00191299 -0.00737014
v -0.07546897 0.00000040 -0.00699530
v -0.07404134 -0.00461894 -0.01038065
v -0.07600414 -0.00461894 -0.01003509
v -0.07603231 -0.00468295 -0.01019518
v -0.07259145 -0.00262625 -0.00825888
v -0.07290303 -0.00206645 -0.00790111
v -0.07437310 -0.00499953 -0.01226506
v -0.07241031 -0.00499953 -0.01261061
v -0.07208256 -0.00462845 -0.01074898
v -0.07376009 -0.00353508 -0.00878312
v -0.07180346 -0.00357026 -0.00916367
v -0.07184033 -0.00353532 -0.00912134
v -0.07376009 -0.00353508 -0.00878312
v -0.07184033 -0.00353532 -0.00912134
v -0.07357217 -0.00191299 -0.00771569
v -0.07184033 -0.00353532 -0.00912134
v -0.07250604 -0.00275432 -0.00835696
v -0.07250604 -0.00275432 -0.00835696
v -0.07337010 0.00000040 -0.00736481
v -0.07319874 -0.00126992 -0.00756157
v -0.07572288 -0.00353508 -0.00843757
v -0.07572288 -0.00353508 -0.00843757
v -0.07553496 0.02691347 -0.00737014
v -0.07572288 0.02853557 -0.00843757
v -0.07546897 0.02500008 -0.00699530
v -0.07600414 -0.00461894 -0.01003509
v -0.07572288 -0.00353508 -0.00843757
v -0.07603231 -0.00468295 -0.01019518
v -0.07603231 0.02968344 -0.01019518
v -0.07633589 0.03000001 -0.01191951
v -0.07659596 0.03000001 -0.01339677
v -0.07546897 0.01250024 -0.00699530
v -0.07603247 0.01250024 -0.01019604
v -0.07600414 0.02961942 -0.01003509
v -0.07546897 0.00000040 -0.00699530
v -0.07553496 -0.00191299 -0.00737014
v -0.07659551 0.01250024 -0.01339685
v -0.07659551 0.01275024 -0.01339685
v -0.07633589 -0.00499953 -0.01191951
v -0.07659596 -0.00499953 -0.01339677
v -0.07982458 0.02912134 -0.03173581
v -0.07989014 0.02865926 -0.03210815
v -0.07980356 0.02923609 -0.03161633
v -0.07980311 0.02875003 -0.03161641
v -0.07989025 0.02786807 -0.03210875
v -0.07980311 0.02786807 -0.03161641
v -0.07980311 0.02650006 -0.03161641
v -0.07988980 0.02650006 -0.03210883
v -0.07995471 0.02786765 -0.03247492
v -0.07993162 0.02822478 -0.03234375
v -0.07997693 0.02700005 -0.03260117
v -0.07997693 0.02650006 -0.03260117
v -0.07441954 0.01250024 -0.00718006
v -0.07350618 0.02500008 -0.00734086
v -0.07441954 0.02500008 -0.00718006
v -0.07546897 0.01250024 -0.00699530
v -0.07546897 0.02500008 -0.00699530
v -0.07357217 0.02691347 -0.00771569
v -0.07376009 0.02853557 -0.00878312
v -0.07290303 0.02706694 -0.00790111
v -0.07259145 0.02762673 -0.00825888
v -0.07250604 0.02775481 -0.00835696
v -0.07376009 0.02853557 -0.00878312
v -0.07250604 0.02775481 -0.00835696
v -0.07184033 0.02853580 -0.00912134
v -0.07337010 0.02500008 -0.00736481
v -0.07319874 0.02627040 -0.00756157
v -0.07241031 0.03000001 -0.01261061
v -0.07437310 0.03000001 -0.01226506
v -0.07208256 0.02962893 -0.01074898
v -0.07404134 0.02961942 -0.01038065
v -0.07180346 0.02857075 -0.00916367
v -0.07553496 0.02691347 -0.00737014
v -0.07572288 0.02853557 -0.00843757
v -0.07600414 0.02961942 -0.01003509
v -0.07603231 0.02968344 -0.01019518
v -0.07633589 0.03000001 -0.01191951
v -0.07184033 0.02853580 -0.00912134
v -0.07259122 0.03049818 -0.00825915
v -0.07180346 0.02857075 -0.00916367
v -0.07250604 0.02775481 -0.00835696
v -0.07180346 -0.00535363 -0.00916367
v -0.07184033 -0.00353532 -0.00912134
v -0.07180346 -0.00357026 -0.00916367
v -0.07338012 -0.00527720 -0.00735331
v -0.07259179 -0.00542329 -0.00825849
v -0.07259179 -0.00613836 -0.00825849
v -0.07250604 -0.00275432 -0.00835696
v -0.07259145 0.02762673 -0.00825888
v -0.07338012 0.03027768 -0.00735331
v -0.07267458 0.03049239 -0.00816344
v -0.07290303 0.02706694 -0.00790111
v -0.07319874 0.02627040 -0.00756157
v -0.07337010 0.02500008 -0.00736481
v -0.07319874 -0.00126992 -0.00756157
v -0.07290303 -0.00206645 -0.00790111
v -0.07259145 -0.00262625 -0.00825888
v -0.07180346 0.03035411 -0.00916367
v -0.07199701 -0.00542329 -0.00894144
v -0.07397076 -0.00499953 -0.02147418
v -0.07401411 -0.00699951 -0.02172039
v -0.07368829 -0.00699951 -0.01986973
v -0.07241031 -0.00499953 -0.01261061
v -0.07397076 -0.00499953 -0.02147418
v -0.07368829 -0.00699951 -0.01986973
v -0.07241031 0.03000001 -0.01261061
v -0.07368829 0.03199999 -0.01986973
v -0.07397076 0.03000001 -0.02147418
v -0.07180346 0.03199999 -0.00916367
v -0.07208256 -0.00462845 -0.01074898
v -0.07553121 -0.00499953 -0.03033776
v -0.07397076 -0.00499953 -0.02147418
v -0.07749400 -0.00499953 -0.02999220
v -0.07605136 -0.00699951 -0.03329228
v -0.07553121 -0.00499953 -0.03033776
v -0.07573026 -0.00477118 -0.03146841
v -0.07589902 -0.00412086 -0.03242692
v -0.07601177 -0.00314760 -0.03306738
v -0.07605136 -0.00199957 -0.03329228
v -0.07617397 -0.00670662 -0.03398867
v -0.07605136 0.03199999 -0.03329228
v -0.07617397 0.03170710 -0.03398867
v -0.07605136 0.02700005 -0.03329228
v -0.07601177 0.02814809 -0.03306738
v -0.07589902 0.02912134 -0.03242692
v -0.07573026 0.02977165 -0.03146841
v -0.07553121 0.03000001 -0.03033776
v -0.07401411 0.03199999 -0.02172039
v -0.07397076 0.03000001 -0.02147418
v -0.07368829 0.03199999 -0.01986973
v -0.07208256 0.02962893 -0.01074898
v -0.07180346 0.03113883 -0.00916367
v -0.07605136 0.01250024 -0.03329228
v -0.07622475 0.01250024 -0.03427712
v -0.07622475 -0.00599952 -0.03427712
v -0.07180346 -0.00699951 -0.00916367
v -0.07180346 -0.00613836 -0.00916367
v -0.07622475 0.03100000 -0.03427712
v -0.07789589 0.03000001 -0.02078316
v -0.07659551 0.03011805 -0.01339685
v -0.07659596 0.03000001 -0.01339677
v -0.07819931 0.03011805 -0.02250663
v -0.07819931 0.03000001 -0.02250663
v -0.07802593 0.03100000 -0.02152179
v -0.07819931 0.03100000 -0.02250663
v -0.07659551 0.03100000 -0.01339685
v -0.07980356 0.02923609 -0.03161633
v -0.07980311 0.03011805 -0.03161641
v -0.07964193 0.02980253 -0.03070097
v -0.07980311 0.03100000 -0.03161641
v -0.07945678 0.03000001 -0.02964665
v -0.07997648 0.01250024 -0.03260125
v -0.08014987 0.02650006 -0.03358609
v -0.07997693 0.02650006 -0.03260117
v -0.08014987 0.01050027 -0.03358609
v -0.07997648 0.01050027 -0.03260125
v -0.07837270 -0.00549953 -0.02349147
v -0.07789589 -0.00499953 -0.02078316
v -0.07659551 -0.00549953 -0.01339685
v -0.07659596 -0.00499953 -0.01339677
v -0.07837270 -0.00499953 -0.02349147
v -0.07932630 -0.00549953 -0.02890810
v -0.08014987 -0.00549953 -0.03358609
v -0.07997693 -0.00199957 -0.03260117
v -0.07993690 -0.00314760 -0.03237635
v -0.07982414 -0.00412086 -0.03173589
v -0.07965539 -0.00477118 -0.03077737
v -0.07945678 -0.00499953 -0.02964665
v -0.07659551 0.01275024 -0.01339685
v -0.07862415 0.01275024 -0.01050128
v -0.07659551 0.01250024 -0.01339685
v -0.07659596 -0.00499953 -0.01339677
v -0.07862415 0.03100000 -0.01050128
v -0.07659596 0.03000001 -0.01339677
v -0.07659551 0.03011805 -0.01339685
v -0.07659551 0.03100000 -0.01339685
v -0.07862415 -0.00549953 -0.01050128
v -0.08065280 -0.00549953 -0.00760573
v -0.08065280 0.01275024 -0.00760573
v -0.08065280 0.03100000 -0.00760573
v -0.07659551 -0.00549953 -0.01339685
v -0.07988980 0.02650006 -0.03210883
v -0.08325005 0.02650006 -0.03100957
v -0.07980311 0.02650006 -0.03161641
v -0.08083246 0.02650006 -0.03487743
v -0.07997693 0.02650006 -0.03260117
v -0.08185099 0.02650006 -0.03868266
v -0.08231492 0.02650006 -0.04031249
v -0.08252195 0.02650006 -0.03850307
v -0.08037872 0.02650006 -0.04065337
v -0.08132939 0.02650006 -0.03865975
v -0.08150343 0.02650006 -0.03469784
v -0.08202503 0.02650006 -0.03472075
v -0.09104895 0.02650006 -0.04791314
v -0.08761762 0.02650006 -0.04572498
v -0.09080274 0.02650006 -0.04795649
v -0.09311358 0.02650006 -0.04716321
v -0.09129516 0.02650006 -0.04786979
v -0.08443250 0.02650006 -0.04349347
v -0.07762881 0.02650006 -0.03656835
v -0.08026263 0.02650006 -0.03810407
v -0.07719535 0.02650006 -0.03410624
v -0.07806227 0.02650006 -0.03903045
v -0.09189514 0.02650006 -0.03253367
v -0.09465892 0.02650006 -0.03813931
v -0.09361861 0.02650006 -0.03223025
v -0.08653398 0.02650006 -0.03956972
v -0.09017167 0.02650006 -0.03283710
v -0.07867261 0.02650006 -0.03384616
v -0.08014987 0.02650006 -0.03358609
v -0.08497352 0.02650006 -0.03070614
v -0.08309178 0.02650006 -0.03527643
v -0.08364689 0.02650006 -0.03634348
v -0.08366962 0.02650006 -0.03651647
v -0.08340897 0.02650006 -0.03769070
v -0.07970753 0.02650006 -0.03703702
v -0.07968480 0.02650006 -0.03686403
v -0.07994545 0.02650006 -0.03568980
v -0.08974772 0.02650006 -0.03174605
v -0.08893851 0.02650006 -0.03090028
v -0.08786724 0.02650006 -0.03042857
v -0.08669700 0.02650006 -0.03040273
v -0.09530937 0.02650006 -0.04402907
v -0.09452319 0.02650006 -0.04581452
v -0.09535245 0.02650006 -0.04207867
v -0.08325005 0.02875003 -0.03100957
v -0.08325005 0.02650006 -0.03100957
v -0.08497352 0.02650006 -0.03070614
v -0.08669700 0.02875003 -0.03040273
v -0.08669700 0.02650006 -0.03040273
v -0.07980311 0.03011805 -0.03161641
v -0.08325005 0.03100000 -0.03100957
v -0.07980311 0.03100000 -0.03161641
v -0.08669700 0.03100000 -0.03040273
v -0.07401411 0.03199999 -0.02172039
v -0.07593355 0.03000001 -0.02112863
v -0.07553121 0.03000001 -0.03033776
v -0.07749400 0.03000001 -0.02999220
v -0.07397076 0.03000001 -0.02147418
v -0.07789589 0.03000001 -0.02078316
v -0.07819931 0.03000001 -0.02250663
v -0.07945678 0.03000001 -0.02964665
v -0.07659596 0.03000001 -0.01339677
v -0.07797456 0.02814809 -0.03272183
v -0.07786180 0.02912134 -0.03208136
v -0.07786180 0.02912134 -0.03208136
v -0.07989014 0.02865926 -0.03210815
v -0.07982458 0.02912134 -0.03173581
v -0.07801416 0.02700005 -0.03294672
v -0.07769306 0.02977165 -0.03112285
v -0.07573026 0.02977165 -0.03146841
v -0.07589902 0.02912134 -0.03242692
v -0.07964193 0.02980253 -0.03070097
v -0.07980356 0.02923609 -0.03161633
v -0.07997648 0.01250024 -0.03260125
v -0.07801416 0.01250024 -0.03294672
v -0.07997693 -0.00199957 -0.03260117
v -0.07997648 0.01050027 -0.03260125
v -0.07801416 -0.00199957 -0.03294672
v -0.07797456 -0.00314760 -0.03272183
v -0.07786180 -0.00412086 -0.03208136
v -0.07786180 -0.00412086 -0.03208136
v -0.07589902 -0.00412086 -0.03242692
v -0.07769306 -0.00477118 -0.03112285
v -0.07573026 -0.00477118 -0.03146841
v -0.07993690 -0.00314760 -0.03237635
v -0.07982414 -0.00412086 -0.03173589
v -0.07982414 -0.00412086 -0.03173589
v -0.07965539 -0.00477118 -0.03077737
v -0.07945678 -0.00499953 -0.02964665
v -0.07593355 -0.00499953 -0.02112863
v -0.07789589 -0.00499953 -0.02078316
v -0.07659596 -0.00499953 -0.01339677
v -0.07633589 -0.00499953 -0.01191951
v -0.07837270 -0.00499953 -0.02349147
v -0.07037816 0.01250024 -0.02413741
v -0.06984064 0.01250024 -0.02200992
v -0.07037816 -0.00599952 -0.02413741
v -0.06959301 -0.00599952 -0.02132105
v -0.06899847 0.01250024 -0.01998363
v -0.06899847 -0.00599952 -0.01998363
v -0.06786969 0.01250024 -0.01810190
v -0.06827643 -0.00599952 -0.01871052
v -0.06647844 0.01250024 -0.01640499
v -0.06647844 -0.00599952 -0.01640499
v -0.07037816 0.03100000 -0.02413741
v -0.06959301 0.03100000 -0.02132105
v -0.06899847 0.03100000 -0.01998363
v -0.06827643 0.03100000 -0.01871052
v -0.06647844 0.03100000 -0.01640499
v -0.06542798 0.03100000 -0.01043822
v -0.06522859 0.01250024 -0.00930565
v -0.06522859 0.03100000 -0.00930565
v -0.06542798 -0.00599952 -0.01043822
v -0.06522859 -0.00599952 -0.00930565
v -0.06397873 0.01250024 -0.00220631
v -0.06397874 -0.00199957 -0.00220631
v -0.06399631 -0.00294797 -0.00230616
v -0.06408740 -0.00429593 -0.00282353
v -0.06424930 -0.00544353 -0.00374318
v -0.06437751 -0.00599952 -0.00447145
v -0.06437751 0.03100000 -0.00447145
v -0.06416795 0.02995649 -0.00328107
v -0.06408742 0.02929670 -0.00282370
v -0.06406498 0.02905954 -0.00269621
v -0.06400037 0.02805116 -0.00232923
v -0.06397873 0.02700005 -0.00220631
v -0.06446388 0.03053497 -0.00351569
v -0.06448264 0.03115725 -0.00435409
v -0.06459567 0.03116667 -0.00432827
v -0.06403561 0.02700005 -0.00202890
v -0.06399755 0.02700005 -0.00208074
v -0.06405737 0.02808957 -0.00215696
v -0.06408815 0.02700005 -0.00199180
v -0.06423475 0.02809495 -0.00210304
v -0.06421404 0.02700005 -0.00197534
v -0.06443566 0.03113163 -0.00437846
v -0.06422567 0.03005934 -0.00314624
v -0.06440067 0.03109463 -0.00440788
v -0.06416795 0.02995649 -0.00328107
v -0.06437751 0.03100000 -0.00447145
v -0.06446388 0.03053497 -0.00351569
v -0.06439511 0.03007967 -0.00309176
v -0.06448264 0.03115725 -0.00435409
v -0.06448264 0.03115725 -0.00435409
v -0.06439511 0.03007967 -0.00309176
v -0.06422567 0.03005934 -0.00314624
v -0.06448264 0.03115725 -0.00435409
v -0.06406498 0.02905954 -0.00269621
v -0.06400037 0.02805116 -0.00232923
v -0.06397873 0.02700005 -0.00220631
v -0.06431806 0.02939240 -0.00261666
v -0.06429658 0.02914535 -0.00248423
v -0.06414485 0.02937847 -0.00267138
v -0.06423475 0.02809495 -0.00210304
v -0.06408815 0.02700005 -0.00199180
v -0.06408742 0.02929670 -0.00282370
v -0.06439511 0.03007967 -0.00309176
v -0.06735244 0.03161939 -0.00573327
v -0.06513374 0.03180605 -0.00584432
v -0.06698562 0.03199999 -0.00761116
v -0.06590860 0.03199999 -0.00740078
v -0.06924088 0.03199999 -0.00805170
v -0.07072317 0.03193841 -0.00754418
v -0.07071576 0.03199999 -0.00833980
v -0.06766342 0.03053554 -0.00414126
v -0.07073721 0.03145894 -0.00603901
v -0.07073950 0.03132750 -0.00579258
v -0.07074921 0.03054316 -0.00475180
v -0.06735245 -0.00661891 -0.00573327
v -0.06924088 -0.00699951 -0.00805170
v -0.06698562 -0.00699951 -0.00761116
v -0.06590860 -0.00699951 -0.00740078
v -0.06536933 -0.00691027 -0.00633720
v -0.06513373 -0.00680556 -0.00584430
v -0.06485474 -0.00659865 -0.00519628
v -0.06421404 -0.00199957 -0.00197534
v -0.06794419 -0.00199957 -0.00270397
v -0.06423087 -0.00298749 -0.00207906
v -0.06787122 -0.00391297 -0.00307751
v -0.06431804 -0.00439161 -0.00261649
v -0.06766342 -0.00553506 -0.00414126
v -0.06446406 -0.00553554 -0.00351680
v -0.06414485 -0.00437803 -0.00267140
v -0.06446406 -0.00553554 -0.00351680
v -0.06430724 -0.00556069 -0.00362518
v -0.06431804 -0.00439161 -0.00261649
v -0.06446406 -0.00553554 -0.00351680
v -0.06414485 -0.00437803 -0.00267140
v -0.06403561 -0.00199957 -0.00202890
v -0.06405328 -0.00298268 -0.00213293
v -0.06399755 -0.00199957 -0.00208074
v -0.06408815 -0.00199957 -0.00199182
v -0.06408740 -0.00429593 -0.00282353
v -0.06399631 -0.00294797 -0.00230616
v -0.06397874 -0.00199957 -0.00220631
v -0.06431804 -0.00439161 -0.00261649
v -0.06423087 -0.00298749 -0.00207906
v -0.06408815 -0.00199957 -0.00199182
v -0.06440067 -0.00609416 -0.00440788
v -0.06437751 -0.00599952 -0.00447145
v -0.06424930 -0.00544353 -0.00374318
v -0.06421404 0.01250024 -0.00197534
v -0.06411820 0.01250024 -0.00198007
v -0.06411820 0.01250024 -0.00198007
v -0.06403561 0.01250024 -0.00202890
v -0.06398525 0.01250024 -0.00211057
v -0.06397873 0.01250024 -0.00220631
v -0.06794418 0.02700005 -0.00270397
v -0.06847004 0.01250024 -0.00280670
v -0.06847004 0.02700005 -0.00280670
v -0.07174460 0.02700006 -0.00344634
v -0.07272604 0.01250024 -0.00363804
v -0.07076317 0.02700006 -0.00325462
v -0.07272604 0.02700006 -0.00363804
v -0.07174460 -0.00199957 -0.00344634
v -0.07272604 -0.00199957 -0.00363804
v -0.07076317 -0.00199957 -0.00325462
v -0.06847004 -0.00199957 -0.00280670
v -0.07297996 0.03053554 -0.00508031
v -0.07272604 0.01250024 -0.00363804
v -0.07290884 0.03007103 -0.00467632
v -0.07305318 0.03091253 -0.00549623
v -0.07338012 0.03113883 -0.00735331
v -0.07305309 0.01250024 -0.00549568
v -0.07338012 0.03184696 -0.00735331
v -0.07338012 -0.00613836 -0.00735331
v -0.07311878 -0.00618530 -0.00586888
v -0.07338012 -0.00684648 -0.00735331
v -0.07297996 -0.00553506 -0.00508031
v -0.07305318 -0.00591205 -0.00549623
v -0.07290884 -0.00507054 -0.00467632
v -0.07311878 0.03118578 -0.00586889
v -0.07272604 0.02700006 -0.00363804
v -0.07277301 0.02862350 -0.00390484
v -0.07338012 0.01250024 -0.00735331
v -0.07272604 -0.00199957 -0.00363804
v -0.07277301 -0.00362302 -0.00390484
v -0.07259179 0.03113883 -0.00825849
v -0.07259235 0.03199867 -0.00825785
v -0.07180346 0.03199999 -0.00916367
v -0.07259235 0.03199867 -0.00825785
v -0.07163009 0.03199999 -0.00817883
v -0.07259235 -0.00699820 -0.00825785
v -0.07338012 -0.00684648 -0.00735331
v -0.07227976 -0.00661891 -0.00648613
v -0.07311878 -0.00618530 -0.00586888
v -0.07259235 -0.00699820 -0.00825785
v -0.07181059 -0.00391297 -0.00382117
v -0.07277301 -0.00362302 -0.00390484
v -0.07290884 -0.00507054 -0.00467632
v -0.07297996 -0.00553506 -0.00508031
v -0.07199852 -0.00553506 -0.00488860
v -0.07199852 -0.00553506 -0.00488860
v -0.07297996 -0.00553506 -0.00508031
v -0.07305318 -0.00591205 -0.00549623
v -0.07082916 -0.00391297 -0.00362946
v -0.07101708 -0.00553506 -0.00469689
v -0.07101708 -0.00553506 -0.00469689
v -0.07129833 -0.00661891 -0.00629442
v -0.07163009 -0.00699951 -0.00817883
v -0.07400886 -0.00599952 -0.03466723
v -0.07179296 -0.00599952 -0.03505735
v -0.07395807 -0.00670662 -0.03437878
v -0.07180400 -0.00630268 -0.03500762
v -0.07186157 -0.00670626 -0.03474823
v -0.07605136 -0.00699951 -0.03329228
v -0.07375570 -0.00699951 -0.03369644
v -0.07401411 -0.00699951 -0.02172039
v -0.07617397 -0.00670662 -0.03398867
v -0.07395807 -0.00670662 -0.03437878
v -0.07395807 0.03170710 -0.03437878
v -0.07617397 0.03170710 -0.03398867
v -0.07375570 0.03199999 -0.03369644
v -0.07187653 0.03176525 -0.03468089
v -0.07202751 0.03199999 -0.03400069
v -0.07186157 0.03170674 -0.03474823
v -0.07395807 0.03170710 -0.03437878
v -0.07186157 0.03170674 -0.03474823
v -0.07400886 0.03100000 -0.03466723
v -0.07180400 0.03130317 -0.03500762
v -0.07179296 0.03100000 -0.03505735
v -0.07605136 0.03199999 -0.03329228
v -0.07120853 -0.00699951 -0.03342690
v -0.07202751 -0.00699951 -0.03400069
v -0.07039043 -0.00699951 -0.03285374
v -0.07187653 -0.00676476 -0.03468089
v -0.07139263 -0.00699951 -0.02027389
v -0.07368829 -0.00699951 -0.01986973
v -0.07186157 -0.00670626 -0.03474823
v -0.07032297 -0.00699951 -0.02046195
v -0.06922921 -0.00699951 -0.01834833
v -0.06741193 -0.00699951 -0.01593988
v -0.06641282 -0.00699951 -0.01026483
v -0.07071577 -0.00699951 -0.00833980
v -0.07180346 -0.00699951 -0.00916367
v -0.07160364 -0.00699951 -0.02697107
v -0.07066662 -0.00670662 -0.02408662
v -0.07056203 -0.00699951 -0.02105513
v -0.07127556 -0.00699951 -0.02996985
v -0.07120853 0.03199999 -0.03342690
v -0.07039043 0.03199999 -0.03285374
v -0.06641282 0.03199999 -0.01026483
v -0.06741193 0.03199999 -0.01593988
v -0.06922921 0.03199999 -0.01834833
v -0.07139263 0.03199999 -0.02027389
v -0.07032297 0.03199999 -0.02046195
v -0.07056203 0.03199999 -0.02105513
v -0.07084118 -0.00661891 -0.00637491
v -0.07136301 0.03199999 -0.02396402
v -0.07160364 0.03199999 -0.02697107
v -0.07127556 0.03199999 -0.02996985
v -0.07117293 0.03199999 -0.00825931
v -0.07368829 0.03199999 -0.01986973
v -0.07401411 0.03199999 -0.02172039
v -0.07400886 0.01250024 -0.03466723
v -0.07179296 0.01250024 -0.03505735
v -0.07338012 0.03184696 -0.00735331
v -0.07227976 0.03161939 -0.00648612
v -0.07199852 0.03053554 -0.00488860
v -0.07305318 0.03091253 -0.00549623
v -0.07297996 0.03053554 -0.00508031
v -0.07311878 0.03118578 -0.00586889
v -0.07290884 0.03007103 -0.00467632
v -0.07199852 0.03053554 -0.00488860
v -0.07297996 0.03053554 -0.00508031
v -0.07181059 0.02891345 -0.00382117
v -0.07277301 0.02862350 -0.00390484
v -0.07101708 0.03053554 -0.00469689
v -0.07129833 0.03161939 -0.00629442
v -0.07117293 -0.00699951 -0.00825931
v -0.06766342 -0.00553506 -0.00414126
v -0.07101708 0.03053554 -0.00469689
v -0.07074921 0.03054316 -0.00475180
v -0.06935368 0.01250024 -0.03273674
v -0.07008175 0.01250024 -0.03066671
v -0.06935368 -0.00599952 -0.03273674
v -0.07025618 -0.00599952 -0.02995577
v -0.07050003 0.01250024 -0.02851261
v -0.07050003 -0.00599952 -0.02851261
v -0.07059954 0.01250024 -0.02632054
v -0.07060206 -0.00599952 -0.02705256
v -0.07037816 0.01250024 -0.02413741
v -0.07037816 -0.00599952 -0.02413741
v -0.06935368 0.03100000 -0.03273674
v -0.07025618 0.03100000 -0.02995577
v -0.07050003 0.03100000 -0.02851261
v -0.07060206 0.03100000 -0.02705256
v -0.07037816 0.03100000 -0.02413741
v -0.06499684 0.03176726 -0.00592070
v -0.06571643 0.03170710 -0.01038744
v -0.06495752 0.03174417 -0.00585103
v -0.06444934 0.03120593 -0.00475585
v -0.06489862 0.03170665 -0.00574476
v -0.06571643 0.03170710 -0.01038744
v -0.06489862 0.03170665 -0.00574476
v -0.06675210 0.03170757 -0.01626747
v -0.06652319 0.03130606 -0.01638243
v -0.07089488 0.03170710 -0.02705870
v -0.07054225 0.03170710 -0.03001860
v -0.07054225 0.03170710 -0.03001860
v -0.07089488 0.03170710 -0.02705870
v -0.07066662 0.03170710 -0.02408662
v -0.06852384 0.03170710 -0.01855378
v -0.06940345 0.03130606 -0.03274265
v -0.06965683 0.03170658 -0.03277241
v -0.07066662 0.03170710 -0.02408662
v -0.06986613 0.03170710 -0.02121528
v -0.06852384 0.03170710 -0.01855378
v -0.06675210 0.03170757 -0.01626747
v -0.06986613 0.03170710 -0.02121528
v -0.06965683 0.03170658 -0.03277241
v -0.06972028 0.03176297 -0.03277975
v -0.07066662 0.03170710 -0.02408662
v -0.06947651 0.03100000 -0.03343443
v -0.07063474 0.03100000 -0.03424588
v -0.06964717 0.03158215 -0.03332577
v -0.07080280 0.03170710 -0.03400600
v -0.07186157 0.03170674 -0.03474823
v -0.07080280 0.03170710 -0.03400600
v -0.07180400 0.03130317 -0.03500762
v -0.07179296 0.03100000 -0.03505735
v -0.07063474 0.01250024 -0.03424588
v -0.06947651 0.01250024 -0.03343443
v -0.07063474 -0.00599952 -0.03424588
v -0.06947651 -0.00599952 -0.03343443
v -0.07179296 0.01250024 -0.03505735
v -0.07179296 -0.00599952 -0.03505735
v -0.06974340 -0.00670604 -0.03326450
v -0.07080280 -0.00670662 -0.03400600
v -0.07080280 -0.00670662 -0.03400600
v -0.07186157 -0.00670626 -0.03474823
v -0.07180400 -0.00630268 -0.03500762
v -0.06974340 -0.00670604 -0.03326450
v -0.06964717 -0.00658166 -0.03332577
v -0.06444934 0.03120593 -0.00475585
v -0.06489862 0.03170665 -0.00574476
v -0.06481654 0.03164831 -0.00539509
v -0.06440067 0.03109463 -0.00440788
v -0.06444934 0.03120593 -0.00475585
v -0.06481654 0.03164831 -0.00539509
v -0.06505991 0.03180274 -0.00588102
v -0.06444934 0.03120593 -0.00475585
v -0.06443566 0.03113163 -0.00437846
v -0.06466115 0.03133827 -0.00462433
v -0.06499684 -0.00676678 -0.00592069
v -0.06489910 -0.00670649 -0.00574564
v -0.06505990 -0.00680225 -0.00588101
v -0.06467134 -0.00651848 -0.00530293
v -0.06456594 -0.00638771 -0.00480905
v -0.06467134 -0.00651848 -0.00530293
v -0.06527343 -0.00689241 -0.00638973
v -0.06941510 0.03100000 -0.03308558
v -0.06964717 0.03158215 -0.03332577
v -0.06965683 0.03170658 -0.03277241
v -0.06964717 0.03158215 -0.03332577
v -0.06941510 0.03100000 -0.03308558
v -0.06965683 0.03170658 -0.03277241
v -0.06940345 0.03130606 -0.03274265
v -0.06935368 0.03100000 -0.03273674
v -0.06467134 -0.00651848 -0.00530293
v -0.06571643 -0.00670662 -0.01038744
v -0.06680829 -0.00676250 -0.01623935
v -0.06675210 -0.00670709 -0.01626747
v -0.06571643 -0.00670662 -0.01038744
v -0.06675210 -0.00670709 -0.01626747
v -0.06542798 -0.00599952 -0.01043822
v -0.06675210 -0.00670709 -0.01626747
v -0.06652319 -0.00630558 -0.01638243
v -0.06652319 -0.00630558 -0.01638243
v -0.07054225 -0.00670662 -0.03001860
v -0.07089488 -0.00670662 -0.02705870
v -0.06986613 -0.00670662 -0.02121528
v -0.06852384 -0.00670662 -0.01855378
v -0.06986613 -0.00670662 -0.02121528
v -0.06852384 -0.00670662 -0.01855378
v -0.06941510 -0.00599952 -0.03308558
v -0.06940345 -0.00630558 -0.03274265
v -0.07066662 -0.00670662 -0.02408662
v -0.07066662 -0.00670662 -0.02408662
v -0.07089488 -0.00670662 -0.02705870
v -0.07054225 -0.00670662 -0.03001860
v -0.06940345 -0.00630558 -0.03274265
v -0.06941510 0.01250024 -0.03308558
v -0.06935368 -0.00599952 -0.03273674
v -0.06935368 0.01250024 -0.03273674
v -0.08014987 -0.00549953 -0.03358609
v -0.07762881 -0.00549953 -0.03656835
v -0.07867261 -0.00549953 -0.03384616
v -0.07719535 -0.00549953 -0.03410624
v -0.09530937 -0.00549953 -0.04402907
v -0.09101994 -0.00549953 -0.04274203
v -0.09535245 -0.00549953 -0.04207867
v -0.09042824 -0.00549953 -0.04294559
v -0.09187881 -0.00549953 -0.04185311
v -0.09452319 -0.00549953 -0.04581452
v -0.09311358 -0.00549953 -0.04716321
v -0.09129516 -0.00549953 -0.04786979
v -0.09205116 -0.00549953 -0.04062914
v -0.09357370 -0.00549953 -0.03197516
v -0.09147116 -0.00549953 -0.03953761
v -0.09036035 -0.00549953 -0.03899547
v -0.08973471 -0.00549953 -0.03900622
v -0.08769745 -0.00549953 -0.02743434
v -0.09262166 -0.00549953 -0.02656742
v -0.08409975 -0.00549953 -0.00699888
v -0.08557701 -0.00549953 -0.00673881
v -0.09136813 -0.00549953 -0.01079609
v -0.09715926 -0.00549953 -0.01485339
v -0.09741620 -0.00549953 -0.01631286
v -0.09767314 -0.00549953 -0.01777235
v -0.09644863 -0.00549953 -0.01952014
v -0.09522412 -0.00549953 -0.02126793
v -0.09350954 -0.00549953 -0.02156979
v -0.09179496 -0.00549953 -0.02187164
v -0.08443250 -0.00549953 -0.04349347
v -0.08869179 -0.00549953 -0.04241420
v -0.08980261 -0.00549953 -0.04295634
v -0.07806227 -0.00549953 -0.03903045
v -0.08914302 -0.00549953 -0.03920978
v -0.08828415 -0.00549953 -0.04009870
v -0.08811179 -0.00549953 -0.04132267
v -0.07932630 -0.00549953 -0.02890810
v -0.07837270 -0.00549953 -0.02349147
v -0.07659551 -0.00549953 -0.01339685
v -0.08311490 -0.00549953 -0.00717227
v -0.07862415 -0.00549953 -0.01050128
v -0.08065280 -0.00549953 -0.00760573
v -0.07996317 0.03100000 -0.03565973
v -0.08089625 0.03100000 -0.03484905
v -0.08053051 0.02875003 -0.03505166
v -0.08366962 0.03100000 -0.03651647
v -0.08366962 0.02875003 -0.03651647
v -0.08364685 0.03100000 -0.03634325
v -0.08252292 0.02875003 -0.03487788
v -0.08331580 0.02875003 -0.03554355
v -0.08309178 0.02650006 -0.03527643
v -0.07968480 0.02875003 -0.03686403
v -0.07968480 0.03100000 -0.03686403
v -0.07986484 0.02875003 -0.03584454
v -0.08150343 0.02875003 -0.03469784
v -0.08133041 0.03100000 -0.03472057
v -0.08150343 0.02875003 -0.03469784
v -0.08133041 0.03100000 -0.03472057
v -0.08150343 0.03100000 -0.03469784
v -0.08212763 0.03100000 -0.03474165
v -0.08318696 0.03100000 -0.03537855
v -0.08364685 0.03100000 -0.03634325
v -0.08366962 0.02875003 -0.03651647
v -0.07968480 0.02650006 -0.03686403
v -0.07994545 0.02650006 -0.03568980
v -0.08150343 0.02650006 -0.03469784
v -0.08083246 0.02650006 -0.03487743
v -0.08150343 0.02650006 -0.03469784
v -0.08202503 0.02650006 -0.03472075
v -0.08366962 0.02650006 -0.03651647
v -0.08331580 0.02875003 -0.03554355
v -0.08366962 0.02650006 -0.03651647
v -0.08364689 0.02650006 -0.03634348
v -0.08364689 0.02650006 -0.03634348
v -0.08339125 0.03100000 -0.03772077
v -0.08245817 0.03100000 -0.03853144
v -0.08282391 0.02875003 -0.03832884
v -0.07970757 0.03100000 -0.03703725
v -0.08083150 0.02875003 -0.03850262
v -0.08003862 0.02875003 -0.03783695
v -0.08026263 0.02650006 -0.03810407
v -0.08348958 0.02875003 -0.03753596
v -0.08185099 0.02875003 -0.03868266
v -0.08202401 0.03100000 -0.03865993
v -0.08185099 0.03100000 -0.03868266
v -0.08185099 0.02875003 -0.03868266
v -0.08185099 0.03100000 -0.03868266
v -0.08122680 0.03100000 -0.03863884
v -0.08016746 0.03100000 -0.03800195
v -0.07970757 0.03100000 -0.03703725
v -0.07968480 0.02875003 -0.03686403
v -0.08366962 0.02650006 -0.03651647
v -0.08340897 0.02650006 -0.03769070
v -0.08185099 0.02650006 -0.03868266
v -0.08252195 0.02650006 -0.03850307
v -0.08185099 0.02650006 -0.03868266
v -0.08132939 0.02650006 -0.03865975
v -0.07968480 0.02650006 -0.03686403
v -0.08003862 0.02875003 -0.03783695
v -0.07968480 0.02650006 -0.03686403
v -0.07970753 0.02650006 -0.03703702
v -0.07970753 0.02650006 -0.03703702
v -0.08185099 0.03100000 -0.03868266
v -0.08016746 0.03100000 -0.03800195
v -0.08122680 0.03100000 -0.03863884
v -0.08202401 0.03100000 -0.03865993
v -0.08150343 0.03100000 -0.03469784
v -0.08318696 0.03100000 -0.03537855
v -0.08212763 0.03100000 -0.03474165
v -0.08167721 0.03100000 -0.03669025
v -0.08133041 0.03100000 -0.03472057
v -0.07971502 0.03100000 -0.03703570
v -0.07970757 0.03100000 -0.03703725
v -0.08363940 0.03100000 -0.03634480
v -0.08364685 0.03100000 -0.03634325
v -0.08366962 0.03100000 -0.03651647
v -0.07968480 0.03100000 -0.03686403
v -0.08245817 0.03100000 -0.03853144
v -0.08339125 0.03100000 -0.03772077
v -0.07996317 0.03100000 -0.03565973
v -0.08089625 0.03100000 -0.03484905
v -0.07867261 0.02650006 -0.03384616
v -0.08014987 0.02650006 -0.03358609
v -0.07867261 0.01050027 -0.03384616
v -0.08014987 0.01050027 -0.03358609
v -0.07867261 -0.00549953 -0.03384616
v -0.08014987 -0.00549953 -0.03358609
v -0.07719535 0.02650006 -0.03410624
v -0.07719535 0.01050027 -0.03410624
v -0.07719535 -0.00549953 -0.03410624
v -0.07862415 0.03100000 -0.01050128
v -0.08311490 0.03100000 -0.00717227
v -0.08065280 0.03100000 -0.00760573
v -0.09741620 0.03100000 -0.01631286
v -0.09136813 0.03100000 -0.01079609
v -0.08557701 0.03100000 -0.00673881
v -0.08787434 0.03100000 -0.01978796
v -0.09767314 0.03100000 -0.01777235
v -0.09715926 0.03100000 -0.01485339
v -0.09350954 0.03100000 -0.02156979
v -0.09644863 0.03100000 -0.01952014
v -0.09744098 0.03100000 -0.01810373
v -0.09179496 0.03100000 -0.02187164
v -0.09522412 0.03100000 -0.02126793
v -0.09189514 0.03100000 -0.03253367
v -0.09017167 0.03100000 -0.03283710
v -0.09361861 0.03100000 -0.03223025
v -0.07659551 0.03100000 -0.01339685
v -0.08893851 0.03100000 -0.03090028
v -0.08974772 0.03100000 -0.03174605
v -0.07802593 0.03100000 -0.02152179
v -0.08893851 0.02875003 -0.03090028
v -0.08786724 0.03100000 -0.03042857
v -0.08786724 0.02875003 -0.03042857
v -0.08669700 0.03100000 -0.03040273
v -0.08669700 0.02875003 -0.03040273
v -0.08893851 0.03100000 -0.03090028
v -0.08974772 0.02875003 -0.03174605
v -0.08974772 0.03100000 -0.03174605
v -0.09017167 0.02875003 -0.03283710
v -0.09017167 0.03100000 -0.03283710
v -0.08893851 0.02650006 -0.03090028
v -0.08786724 0.02650006 -0.03042857
v -0.08669700 0.02650006 -0.03040273
v -0.08974772 0.02650006 -0.03174605
v -0.09017167 0.02650006 -0.03283710
v -0.07762881 -0.00549953 -0.03656835
v -0.07806227 -0.00549953 -0.03903045
v -0.07762881 0.01050027 -0.03656835
v -0.07806227 0.01050027 -0.03903045
v -0.07762881 0.02650006 -0.03656835
v -0.07806227 0.02650006 -0.03903045
v -0.07719535 -0.00549953 -0.03410624
v -0.07719535 0.01050027 -0.03410624
v -0.07719535 0.02650006 -0.03410624
v -0.08356384 0.00300036 -0.04288487
v -0.08443250 0.00300036 -0.04349347
v -0.08069277 0.00300036 -0.04087340
v -0.09080274 -0.00124958 -0.04795649
v -0.08893288 0.00300036 -0.04664645
v -0.08356384 0.01800017 -0.04288487
v -0.08037872 0.02650006 -0.04065337
v -0.08069277 0.01800017 -0.04087340
v -0.08443250 0.02650006 -0.04349347
v -0.08443250 0.01800017 -0.04349347
v -0.09080274 0.02225011 -0.04795649
v -0.08893288 0.01800017 -0.04664645
v -0.09080274 0.01800017 -0.04795649
v -0.08443250 -0.00549953 -0.04349347
v -0.09080274 -0.00549953 -0.04795649
v -0.09080274 0.00300036 -0.04795649
v -0.08761762 0.02650006 -0.04572498
v -0.09080274 0.02650006 -0.04795649
v -0.08069277 0.01050027 -0.04087340
v -0.08287215 0.01800017 -0.03961591
v -0.08069277 0.01800017 -0.04087340
v -0.08287215 0.01050027 -0.03961591
v -0.08069277 0.01050027 -0.04087340
v -0.08287215 0.00300036 -0.03961591
v -0.08069277 0.00300036 -0.04087340
v -0.08505152 0.01800017 -0.03835843
v -0.08505152 0.01050027 -0.03835843
v -0.08505152 0.00300036 -0.03835843
v -0.08487380 0.01800017 -0.03734897
v -0.08487380 0.01050027 -0.03734897
v -0.08469608 0.01800017 -0.03633950
v -0.08469608 0.01050027 -0.03633950
v -0.08487380 0.00300036 -0.03734897
v -0.08469608 0.00300036 -0.03633950
v -0.08937408 0.01050027 -0.03551593
v -0.08937408 0.01800017 -0.03551593
v -0.08937408 0.00300036 -0.03551593
v -0.08704550 0.01800017 -0.03592588
v -0.08704550 0.00300036 -0.03592588
v -0.08704550 0.01800017 -0.03592588
v -0.08487380 0.01800017 -0.03734897
v -0.08469608 0.01800017 -0.03633950
v -0.08937408 0.01800017 -0.03551593
v -0.08812915 0.01800017 -0.04208114
v -0.09513572 0.01800017 -0.04084762
v -0.09405207 0.01800017 -0.03469236
v -0.08287215 0.01800017 -0.03961591
v -0.08356384 0.01800017 -0.04288487
v -0.08069277 0.01800017 -0.04087340
v -0.08505152 0.01800017 -0.03835843
v -0.08893288 0.01800017 -0.04664645
v -0.08443250 0.01800017 -0.04349347
v -0.09129516 0.01800017 -0.04786979
v -0.09104895 0.01800017 -0.04791314
v -0.09080274 0.01800017 -0.04795649
v -0.09535245 0.01800017 -0.04207867
v -0.09530937 0.01800017 -0.04402907
v -0.09311358 0.01800017 -0.04716321
v -0.09452319 0.01800017 -0.04581452
v -0.09189514 0.02875003 -0.03253367
v -0.09189514 0.03100000 -0.03253367
v -0.09017167 0.02875003 -0.03283710
v -0.09017167 0.03100000 -0.03283710
v -0.09189514 0.02650006 -0.03253367
v -0.09017167 0.02650006 -0.03283710
v -0.08487380 0.00300036 -0.03734897
v -0.08704550 0.00300036 -0.03592588
v -0.08469608 0.00300036 -0.03633950
v -0.08505152 0.00300036 -0.03835843
v -0.08937408 0.00300036 -0.03551593
v -0.08914302 0.00300036 -0.03920978
v -0.09405207 0.00300036 -0.03469236
v -0.08287215 0.00300036 -0.03961591
v -0.08356384 0.00300036 -0.04288487
v -0.08069277 0.00300036 -0.04087340
v -0.08811179 0.00300036 -0.04132267
v -0.08812915 0.00300036 -0.04208114
v -0.08838559 0.00300036 -0.04203603
v -0.08443250 0.00300036 -0.04349347
v -0.08893288 0.00300036 -0.04664645
v -0.09101994 0.00300036 -0.04274203
v -0.09311358 0.00300036 -0.04716321
v -0.09187881 0.00300036 -0.04185311
v -0.09203745 0.00300036 -0.04139312
v -0.09205116 0.00300036 -0.04062914
v -0.09513572 0.00300036 -0.04084762
v -0.09080274 0.00300036 -0.04795649
v -0.09104895 0.00300036 -0.04791314
v -0.09042824 0.00300036 -0.04294559
v -0.08980261 0.00300036 -0.04295634
v -0.08869179 0.00300036 -0.04241420
v -0.09452319 0.00300036 -0.04581452
v -0.09530937 0.00300036 -0.04402907
v -0.09535245 0.00300036 -0.04207867
v -0.08973471 0.00300036 -0.03900622
v -0.09036035 0.00300036 -0.03899547
v -0.09147116 0.00300036 -0.03953761
v -0.08828415 0.00300036 -0.04009870
v -0.09129516 0.00300036 -0.04786979
v -0.09350954 -0.00549953 -0.02156979
v -0.09350954 0.01275024 -0.02156979
v -0.09350954 0.03100000 -0.02156979
v -0.09522412 -0.00549953 -0.02126793
v -0.09522412 0.01275024 -0.02126793
v -0.09522412 0.03100000 -0.02126793
v -0.09104895 0.00300036 -0.04791314
v -0.09104895 -0.00124958 -0.04791314
v -0.09129516 0.00300036 -0.04786979
v -0.09129516 -0.00124958 -0.04786979
v -0.09080274 0.00300036 -0.04795649
v -0.09080274 -0.00124958 -0.04795649
v -0.09080274 -0.00549953 -0.04795649
v -0.09129516 -0.00549953 -0.04786979
v -0.09530937 0.02225011 -0.04402907
v -0.09530937 0.02650006 -0.04402907
v -0.09452319 0.02225011 -0.04581452
v -0.09452319 0.02650006 -0.04581452
v -0.09311358 0.02225011 -0.04716321
v -0.09311358 0.02650006 -0.04716321
v -0.09129516 0.02225011 -0.04786979
v -0.09129516 0.02650006 -0.04786979
v -0.09530937 0.01800017 -0.04402907
v -0.09452319 0.01800017 -0.04581452
v -0.09311358 0.01800017 -0.04716321
v -0.09129516 0.01800017 -0.04786979
v -0.09104895 0.02650006 -0.04791314
v -0.09104895 0.02225011 -0.04791314
v -0.09104895 0.01800017 -0.04791314
v -0.09080274 0.02650006 -0.04795649
v -0.09080274 0.02225011 -0.04795649
v -0.09080274 0.01800017 -0.04795649
v -0.08311490 -0.00549953 -0.00717227
v -0.08311490 0.01275024 -0.00717227
v -0.08409975 -0.00549953 -0.00699888
v -0.08311490 0.03100000 -0.00717227
v -0.08065280 0.03100000 -0.00760573
v -0.08065280 0.01275024 -0.00760573
v -0.08065280 -0.00549953 -0.00760573
v -0.09715926 0.03100000 -0.01485339
v -0.09741620 0.03100000 -0.01631286
v -0.09715926 0.01275024 -0.01485339
v -0.09741620 0.01275024 -0.01631286
v -0.09715926 -0.00549953 -0.01485339
v -0.09741620 -0.00549953 -0.01631286
v -0.09767314 0.03100000 -0.01777235
v -0.09767314 0.01275024 -0.01777235
v -0.09767314 -0.00549953 -0.01777235
v -0.09744098 0.03100000 -0.01810373
v -0.09644863 0.03100000 -0.01952014
v -0.09644863 0.01275024 -0.01952014
v -0.09644863 -0.00549953 -0.01952014
v -0.09530937 -0.00124958 -0.04402907
v -0.09530937 0.00300036 -0.04402907
v -0.09452319 -0.00124958 -0.04581452
v -0.09452319 0.00300036 -0.04581452
v -0.09311358 -0.00124958 -0.04716321
v -0.09311358 0.00300036 -0.04716321
v -0.09530937 -0.00549953 -0.04402907
v -0.09452319 -0.00549953 -0.04581452
v -0.09311358 -0.00549953 -0.04716321
v -0.09076601 -0.00124958 -0.03909673
v -0.09147116 -0.00549953 -0.03953761
v -0.09161389 -0.00124958 -0.03969075
v -0.09205116 -0.00549953 -0.04062914
v -0.09205116 -0.00124958 -0.04062914
v -0.09036035 -0.00549953 -0.03899547
v -0.08973471 -0.00124958 -0.03900622
v -0.08973471 -0.00549953 -0.03900622
v -0.08828415 -0.00549953 -0.04009870
v -0.08914302 -0.00549953 -0.03920978
v -0.08879633 -0.00124958 -0.03944349
v -0.08973471 -0.00549953 -0.03900622
v -0.08973471 -0.00124958 -0.03900622
v -0.08820230 -0.00124958 -0.04029137
v -0.08811179 -0.00124958 -0.04132267
v -0.08811179 -0.00549953 -0.04132267
v -0.09147116 0.00300036 -0.03953761
v -0.09205116 0.00300036 -0.04062914
v -0.09036035 0.00300036 -0.03899547
v -0.08973471 0.00300036 -0.03900622
v -0.08828415 0.00300036 -0.04009870
v -0.08914302 0.00300036 -0.03920978
v -0.08973471 0.00300036 -0.03900622
v -0.08811179 0.00300036 -0.04132267
v -0.09205116 0.00300036 -0.04062914
v -0.09205116 -0.00124958 -0.04062914
v -0.09203745 0.00300036 -0.04139312
v -0.09196066 -0.00124958 -0.04166044
v -0.09187881 0.00300036 -0.04185311
v -0.08869179 0.00300036 -0.04241420
v -0.08854907 -0.00124958 -0.04226106
v -0.08838559 0.00300036 -0.04203603
v -0.08811179 -0.00124958 -0.04132267
v -0.08811179 0.00300036 -0.04132267
v -0.08939694 -0.00124958 -0.04285508
v -0.08869179 -0.00549953 -0.04241420
v -0.08811179 -0.00549953 -0.04132267
v -0.08980261 -0.00549953 -0.04295634
v -0.09042824 -0.00124958 -0.04294559
v -0.09042824 -0.00549953 -0.04294559
v -0.09187881 -0.00549953 -0.04185311
v -0.09101994 -0.00549953 -0.04274203
v -0.09136663 -0.00124958 -0.04250832
v -0.09042824 -0.00549953 -0.04294559
v -0.09042824 -0.00124958 -0.04294559
v -0.09205116 -0.00549953 -0.04062914
v -0.08980261 0.00300036 -0.04295634
v -0.09042824 0.00300036 -0.04294559
v -0.09101994 0.00300036 -0.04274203
v -0.09042824 0.00300036 -0.04294559
v -0.08669700 0.03100000 -0.03040273
v -0.07819931 0.03100000 -0.02250663
v -0.06787121 0.02891344 -0.00307751
v -0.06766342 0.03053554 -0.00414126
v -0.06510017 0.03178681 -0.00577116
v -0.06431806 0.02939240 -0.00261666
v -0.06439511 0.03007967 -0.00309176
v -0.06446406 -0.00553554 -0.00351680
v -0.06440067 -0.00609416 -0.00440788
v -0.07572288 0.02853557 -0.00843757
v -0.07980311 0.03100000 -0.03161641
v -0.08325005 0.03100000 -0.03100957
v -0.08786724 0.03100000 -0.03042857
v -0.06429658 0.02914535 -0.00248423
v -0.06446388 0.03053497 -0.00351569
v -0.06456594 -0.00638771 -0.00480905
v -0.06430724 -0.00556069 -0.00362518
v -0.07401411 -0.00699951 -0.02172039
v -0.07837270 -0.00499953 -0.02349147
v -0.07837270 -0.00549953 -0.02349147
v -0.07932630 -0.00549953 -0.02890810
v -0.09080274 -0.00549953 -0.04795649
v -0.06964717 -0.00658166 -0.03332577
v -0.06940345 -0.00630558 -0.03274265
v -0.06974340 -0.00670604 -0.03326450
v -0.06940345 -0.00630558 -0.03274265
v -0.07338012 0.01250024 -0.00735331
v -0.07337010 0.00000040 -0.00736481
v -0.07789589 -0.00499953 -0.02078316
v -0.06587493 0.03025910 -0.01418370
v -0.06606437 -0.00473359 -0.01419135
v -0.06587493 -0.00473359 -0.01418370
v -0.06606437 0.03025910 -0.01419135
v -0.06442428 0.02996425 -0.00484661
v -0.06442428 -0.00438956 -0.00484661
v -0.06415256 -0.00438956 -0.00484620
v -0.06415256 0.02996425 -0.00484620
v -0.08828424 0.02850000 -0.02338056
v -0.09976013 0.02850000 -0.00700058
v -0.08173225 0.02850000 -0.01879020
v -0.09320814 0.02850000 -0.00241022
v -0.08828424 0.02050000 -0.02338056
v -0.09976013 0.02050000 -0.00700058
v -0.08173225 0.02050000 -0.01879020
v -0.09320814 0.02050000 -0.00241022
v 0.04592730 0.01970032 -0.03581308
v 0.04626646 0.02020872 -0.03493136
v 0.04614530 0.01970032 -0.03589694
v 0.07582720 0.02043960 -0.04600752
v 0.07538941 0.01970032 -0.04714567
v 0.02865970 0.02300010 -0.02667115
v 0.04670594 0.02193994 -0.03378880
v 0.02234440 0.02300010 -0.02424197
v 0.01726040 0.02173085 -0.02254168
v 0.01730285 0.02300010 -0.02230274
v 0.07622708 0.02300010 -0.04496792
v 0.07612278 0.02160396 -0.04523907
v 0.05244339 0.02300010 -0.03581954
v 0.04676497 0.02300010 -0.03363533
v 0.07593493 0.02075641 -0.04572745
v 0.04653440 0.02097940 -0.03423477
v 0.07599651 0.02097940 -0.04556736
v 0.07593493 0.02075641 -0.04572745
v 0.04653440 0.02097940 -0.03423477
v 0.01670974 0.01983786 -0.02421743
v 0.01690119 0.01970032 -0.02464820
v 0.01716741 0.02097942 -0.02293876
v 0.01716308 0.02095640 -0.02295468
v 0.01716308 0.02095640 -0.02295468
v 0.01697536 0.02031072 -0.02352689
v 0.04632890 0.00079181 -0.03495537
v 0.04598974 0.00130022 -0.03583710
v 0.04614530 0.00130022 -0.03589694
v 0.04682741 -0.00199957 -0.03365935
v 0.04676838 -0.00093942 -0.03381282
v 0.05041310 -0.00199957 -0.03503858
v 0.01670974 0.00116267 -0.02421743
v 0.01690119 0.00130022 -0.02464820
v 0.01708897 0.00039106 -0.02323154
v 0.02459911 -0.00199957 -0.02510924
v 0.02344343 -0.00199957 -0.02466471
v 0.01742775 -0.00199957 -0.02235078
v 0.01733999 -0.00071450 -0.02257894
v 0.01719718 0.00002113 -0.02295022
v 0.04659684 0.00002113 -0.03425879
v 0.01708897 0.00039106 -0.02323154
v 0.04632890 0.00079181 -0.03495537
v 0.01719718 0.00002113 -0.02295022
v 0.01719718 0.00002113 -0.02295022
v 0.04659684 0.00002113 -0.03425879
v 0.07599651 0.00002113 -0.04556736
v 0.07593493 0.00024412 -0.04572745
v 0.07593493 0.00024412 -0.04572745
v 0.07582720 0.00056093 -0.04600752
v 0.07538941 0.00130022 -0.04714567
v 0.07612278 -0.00060343 -0.04523907
v 0.07622708 -0.00199957 -0.04496792
v 0.04590304 0.00166336 -0.03652675
v 0.01721032 0.00156709 -0.02534382
v 0.04175019 0.00365721 -0.03599205
v 0.01776198 0.00275662 -0.02658516
v 0.01785839 0.00365721 -0.02680208
v 0.04558912 0.00289995 -0.03734286
v 0.04554696 0.00365721 -0.03745248
v 0.06709065 0.00311920 -0.04567649
v 0.06564201 0.00365721 -0.04518203
v 0.06857273 0.00260128 -0.04605867
v 0.07531798 0.00138032 -0.04733137
v 0.07524928 0.00147717 -0.04750997
v 0.07184804 0.00187667 -0.04677084
v 0.04571166 0.00221385 -0.03702431
v 0.07001316 0.00221385 -0.04637187
v 0.04571166 0.00221385 -0.03702431
v 0.07184804 0.00187667 -0.04677084
v 0.07240902 0.00179443 -0.04689281
v 0.01728414 0.00165734 -0.02550993
v 0.01749014 0.00198546 -0.02597345
v 0.01749014 0.00198546 -0.02597345
v 0.01759472 0.00221337 -0.02620877
v 0.07512488 0.00148840 -0.04748333
v 0.06998550 0.00221997 -0.04636586
v 0.04590304 0.01933717 -0.03652675
v 0.01728414 0.01934319 -0.02550993
v 0.01721032 0.01943344 -0.02534382
v 0.06998506 0.01878046 -0.04636577
v 0.04571166 0.01878668 -0.03702431
v 0.07001637 0.01878739 -0.04637257
v 0.07531798 0.01962022 -0.04733137
v 0.01776198 0.01824392 -0.02658516
v 0.01759472 0.01878716 -0.02620877
v 0.04558912 0.01810058 -0.03734286
v 0.04554696 0.01734333 -0.03745248
v 0.04175019 0.01734333 -0.03599205
v 0.01785839 0.01734333 -0.02680208
v 0.07524928 0.01952336 -0.04750997
v 0.07512488 0.01951213 -0.04748333
v 0.07240728 0.01920586 -0.04689243
v 0.07184799 0.01912386 -0.04677083
v 0.04590304 0.01933717 -0.03652675
v 0.07184799 0.01912386 -0.04677083
v 0.04590304 0.01933717 -0.03652675
v 0.07001637 0.01878739 -0.04637257
v 0.04571166 0.01878668 -0.03702431
v 0.01759472 0.01878716 -0.02620877
v 0.04590304 0.01933717 -0.03652675
v 0.01759472 0.01878716 -0.02620877
v 0.01749014 0.01901508 -0.02597345
v 0.01749014 0.01901508 -0.02597345
v 0.06564201 0.01734333 -0.04518203
v 0.06709065 0.01788133 -0.04567649
v 0.06857273 0.01839925 -0.04605867
v 0.01850476 -0.00199957 -0.01955081
v 0.01719718 0.00002113 -0.02295022
v 0.01733999 -0.00071450 -0.02257894
v 0.02007348 0.01600019 -0.01547248
v 0.02029977 0.00915557 -0.01488420
v 0.02029977 0.01600019 -0.01488420
v 0.01850476 0.00915557 -0.01955081
v 0.01850476 0.01600019 -0.01955081
v 0.01697536 0.01950015 -0.02352689
v 0.01670974 0.01050027 -0.02421743
v 0.01697536 0.01600019 -0.02352689
v 0.01670974 0.01983786 -0.02421743
v 0.01697536 0.02031072 -0.02352689
v 0.01967151 -0.00199957 -0.01651752
v 0.02029977 0.00700031 -0.01488420
v 0.02029977 -0.00199957 -0.01488420
v 0.01670974 0.00915557 -0.02421743
v 0.01708897 0.00039106 -0.02323154
v 0.01742775 -0.00199957 -0.02235078
v 0.01670974 0.00116267 -0.02421743
v 0.04175019 0.01050027 -0.03599205
v 0.06564201 0.01050027 -0.04518203
v 0.01785839 0.01050027 -0.02680208
v 0.01759472 0.01878716 -0.02620877
v 0.01728414 0.01934319 -0.02550993
v 0.01749014 0.01901508 -0.02597345
v 0.01785839 0.01734333 -0.02680208
v 0.01776198 0.01824392 -0.02658516
v 0.01728414 0.00165734 -0.02550993
v 0.01728407 0.01050027 -0.02550975
v 0.01759472 0.00221337 -0.02620877
v 0.01785839 0.00365721 -0.02680208
v 0.01776198 0.00275662 -0.02658516
v 0.01749014 0.00198546 -0.02597345
v 0.01721032 0.01943344 -0.02534382
v 0.01690119 0.01970032 -0.02464820
v 0.01690119 0.00130022 -0.02464820
v 0.01721032 0.00156709 -0.02534382
v 0.01785839 0.01050027 -0.02680208
v 0.08606754 0.01800017 -0.03833961
v 0.08516829 0.01800017 -0.03983585
v 0.08516588 0.01800017 -0.03983441
v 0.09449777 0.01800017 -0.04342443
v 0.09449873 0.01800017 -0.04342542
v 0.09355161 0.01800017 -0.04497146
v 0.09453789 0.01800017 -0.04332011
v 0.08510847 0.01800017 -0.03999136
v 0.08529774 0.01800017 -0.04373626
v 0.08483874 0.01800017 -0.04188222
v 0.09162733 0.01800017 -0.03696326
v 0.08983303 0.01800017 -0.04163014
v 0.08757599 0.01800017 -0.03716799
v 0.08941370 0.01800017 -0.03664749
v 0.09053839 0.01800017 -0.03668004
v 0.09201491 0.01800017 -0.04612828
v 0.09015518 0.01800017 -0.04661937
v 0.08907875 0.01800017 -0.04657269
v 0.08803731 0.01800017 -0.04629648
v 0.09325622 0.01800017 -0.03798621
v 0.09437839 0.01800017 -0.03954839
v 0.09482779 0.01800017 -0.04141862
v 0.08641842 0.01800017 -0.04528291
v 0.09345679 0.01675019 -0.04507408
v 0.09186285 0.01675019 -0.04619893
v 0.09201491 0.01800017 -0.04612828
v 0.09440138 0.01675019 -0.03959934
v 0.09483063 0.01675019 -0.04150241
v 0.09482779 0.01800017 -0.04141862
v 0.09201491 0.01550020 -0.04612828
v 0.09482779 0.01550020 -0.04141862
v 0.09015518 0.01550020 -0.04661937
v 0.08907875 0.01550020 -0.04657269
v 0.08995979 0.01675019 -0.04662818
v 0.09186285 0.01675019 -0.04619893
v 0.09201491 0.01550020 -0.04612828
v 0.09015518 0.01800017 -0.04661937
v 0.09201491 0.01800017 -0.04612828
v 0.08907875 0.01800017 -0.04657269
v 0.08803731 0.01550020 -0.04629648
v 0.08803731 0.01580020 -0.04629648
v 0.08803731 0.01675019 -0.04629648
v 0.08803731 0.01800017 -0.04629648
v 0.09449873 0.01800017 -0.04342542
v 0.09449893 0.01675019 -0.04342488
v 0.09355161 0.01800017 -0.04497146
v 0.09453789 0.01800017 -0.04332011
v 0.09162733 0.01800017 -0.03696326
v 0.09162733 0.01675019 -0.03696326
v 0.09325622 0.01800017 -0.03798621
v 0.09327654 0.01675019 -0.03800541
v 0.09437839 0.01800017 -0.03954839
v 0.09440138 0.01675019 -0.03959934
v 0.09437839 0.01800017 -0.03954839
v 0.09449893 0.01550020 -0.04342488
v 0.09355161 0.01550020 -0.04497146
v 0.09453789 0.01550020 -0.04332011
v 0.09162733 0.01550020 -0.03696326
v 0.09325622 0.01550020 -0.03798621
v 0.09437839 0.01550020 -0.03954839
v 0.09437839 0.01550020 -0.03954839
v 0.08620785 0.01675019 -0.03818566
v 0.08780179 0.01675019 -0.03706081
v 0.08757599 0.01800017 -0.03716799
v 0.08526326 0.01675019 -0.04366040
v 0.08483401 0.01675019 -0.04175733
v 0.08483874 0.01800017 -0.04188222
v 0.08529774 0.01800017 -0.04373626
v 0.08638811 0.01675019 -0.04525434
v 0.08526326 0.01675019 -0.04366040
v 0.08529774 0.01800017 -0.04373626
v 0.08534564 0.01550020 -0.04383648
v 0.08645921 0.01550020 -0.04532061
v 0.08941370 0.01800017 -0.03664749
v 0.08757599 0.01800017 -0.03716799
v 0.08780179 0.01675019 -0.03706081
v 0.08970485 0.01675019 -0.03663156
v 0.09053839 0.01800017 -0.03668004
v 0.08934754 0.01550020 -0.03665349
v 0.09050549 0.01550020 -0.03667546
v 0.08749474 0.01550020 -0.03721002
v 0.09084223 0.01550020 -0.03673299
v 0.08534564 0.01550020 -0.04383648
v 0.08512207 0.01550020 -0.04330705
v 0.08493072 0.01550020 -0.04261663
v 0.08484994 0.01550020 -0.04204848
v 0.08516588 0.01800017 -0.03983441
v 0.08516571 0.01675019 -0.03983486
v 0.08606754 0.01800017 -0.03833961
v 0.08510847 0.01800017 -0.03999136
v 0.08641842 0.01800017 -0.04528291
v 0.08745933 0.01550020 -0.03722892
v 0.08745933 0.01550020 -0.03722892
v 0.08599187 0.01550020 -0.03842823
v 0.08516571 0.01550020 -0.03983486
v 0.08506398 0.01550020 -0.04012577
v 0.08963455 0.00425035 -0.04662590
v 0.08963455 0.00300036 -0.04662590
v 0.08882240 0.00425035 -0.04652675
v 0.08882240 0.00300036 -0.04652675
v 0.08803731 0.00425035 -0.04629648
v 0.08803731 0.00300036 -0.04629648
v 0.08963455 0.00550033 -0.04662590
v 0.08882240 0.00550033 -0.04652675
v 0.08803731 0.00550033 -0.04629648
v 0.08934754 0.01050027 -0.03665349
v 0.09084223 0.00925028 -0.03673299
v 0.08934754 0.00925028 -0.03665349
v 0.09423519 0.00925028 -0.04399927
v 0.09015518 0.01050027 -0.04661937
v 0.09146505 0.00925028 -0.04635570
v 0.09015518 0.00925028 -0.04661937
v 0.08800665 0.00300036 -0.04628458
v 0.08641842 0.00300036 -0.04528291
v 0.09159721 0.00300036 -0.03695178
v 0.09084223 0.00300036 -0.03673299
v 0.09255400 0.00925028 -0.03743561
v 0.09162733 0.00300036 -0.03696326
v 0.09449871 0.00300036 -0.04342546
v 0.09408143 0.00300036 -0.04426511
v 0.08516588 0.00300036 -0.03983441
v 0.08509617 0.00550033 -0.04002727
v 0.08510847 0.00300036 -0.03999136
v 0.08603648 0.00550033 -0.03837548
v 0.08606754 0.00300036 -0.03833961
v 0.08642538 0.00550033 -0.04528939
v 0.09136795 0.00300036 -0.04638814
v 0.09015518 0.00550033 -0.04661937
v 0.08483874 0.00300036 -0.04188222
v 0.08484027 0.00550033 -0.04191065
v 0.08493060 0.00550033 -0.04261606
v 0.09389302 0.00925028 -0.03871267
v 0.09312524 0.00300036 -0.03786742
v 0.09421992 0.00300036 -0.03923232
v 0.09467588 0.00925028 -0.04038925
v 0.09389302 0.00925028 -0.03871267
v 0.09421992 0.00300036 -0.03923232
v 0.09477732 0.00300036 -0.04089080
v 0.09479541 0.00925028 -0.04223575
v 0.09472920 0.00300036 -0.04263979
v 0.09307197 0.00925028 -0.04543828
v 0.08745788 0.00550033 -0.03722971
v 0.08757599 0.00300036 -0.03716799
v 0.08745788 0.00550033 -0.03722971
v 0.08757599 0.00300036 -0.03716799
v 0.08752534 0.00550033 -0.03719398
v 0.08530576 0.00550033 -0.04375345
v 0.08529774 0.00300036 -0.04373626
v 0.08530576 0.00550033 -0.04375345
v 0.08529774 0.00300036 -0.04373626
v 0.08512132 0.00550033 -0.04330495
v 0.08934754 0.00550033 -0.03665349
v 0.08941370 0.00300036 -0.03664749
v 0.09053839 0.00300036 -0.03668004
v 0.09291332 0.00300036 -0.04556772
v 0.09291332 0.00300036 -0.04556772
v 0.09146505 0.00925028 -0.04635570
v 0.02865970 0.02305010 -0.02667115
v 0.02875261 0.02440121 -0.02642959
v 0.02865970 0.02310010 -0.02667115
v 0.02865970 0.02300010 -0.02667115
v 0.03054446 0.02300010 -0.02177120
v 0.03054446 0.02475008 -0.02177120
v 0.02881307 0.02475013 -0.02627240
v 0.03054446 0.02650006 -0.02177120
v 0.02988030 0.02650006 -0.02349785
v 0.02941320 0.02624125 -0.02471222
v 0.02901720 0.02550423 -0.02574171
v 0.03153163 0.02300010 -0.01920480
v 0.03242922 0.02300010 -0.01687126
v 0.03242922 0.02475008 -0.01687126
v 0.03151376 0.02650006 -0.01925123
v 0.03242922 0.02650006 -0.01687126
v 0.03372155 0.02650006 -0.01629694
v 0.03372155 0.02475008 -0.01629694
v 0.03501387 0.02650006 -0.01572262
v 0.03501387 0.02475008 -0.01572262
v 0.03372155 0.02300010 -0.01629694
v 0.03501387 0.02300010 -0.01572262
v 0.03242922 0.02650006 -0.01687126
v 0.03242922 0.02475008 -0.01687126
v 0.03242922 0.02300010 -0.01687126
v 0.03054446 0.02300010 -0.02177120
v 0.02521633 0.02300010 -0.01677562
v 0.03153163 0.02300010 -0.01920480
v 0.02234440 0.02300010 -0.02424197
v 0.02865970 0.02300010 -0.02667115
v 0.02196968 0.02300010 -0.00891043
v 0.01703319 0.02300010 -0.01362754
v 0.02019360 0.02300010 -0.00975763
v 0.02244131 0.02300010 -0.00876917
v 0.03276413 0.02300010 -0.01485725
v 0.03372155 0.02300010 -0.01629694
v 0.03242922 0.02300010 -0.01687126
v 0.03238936 0.02300010 -0.01460331
v 0.03234861 0.02300010 -0.01455645
v 0.03265126 0.02300010 -0.01480558
v 0.03501387 0.02300010 -0.01572262
v 0.02488295 0.02300010 -0.00850900
v 0.02728847 0.02300010 -0.00900163
v 0.02807597 0.02300010 -0.00934368
v 0.01699395 0.02300010 -0.01926769
v 0.01675885 0.02300010 -0.01851892
v 0.01672022 0.02300010 -0.01836456
v 0.01671086 0.02300010 -0.01832509
v 0.01652412 0.02300010 -0.01587674
v 0.01730285 0.02300010 -0.02230274
v 0.01737524 0.02300010 -0.02140789
v 0.01734539 0.02300010 -0.02077411
v 0.01700012 0.02300010 -0.01928438
v 0.02943128 0.02300010 -0.01020066
v 0.03110948 0.02300010 -0.01199311
v 0.03216498 0.02300010 -0.01421013
v 0.01708875 0.02300010 -0.01348709
v 0.01835157 0.02300010 -0.01138125
v 0.03276413 0.02300010 -0.01485725
v 0.03276413 0.01950015 -0.01485725
v 0.03714400 0.02650006 -0.01654197
v 0.02793096 -0.00199957 -0.01299818
v 0.02611523 0.00700031 -0.01229976
v 0.02611523 -0.00199957 -0.01229976
v 0.03276413 0.01600019 -0.01485725
v 0.03162962 0.01600019 -0.01442086
v 0.03162962 0.01050027 -0.01442086
v 0.03714400 0.01050027 -0.01654197
v 0.03714400 0.01600019 -0.01654197
v 0.03394665 -0.00199957 -0.01531211
v 0.03394665 -0.00374955 -0.01531211
v 0.03394665 -0.00549953 -0.01531211
v 0.03714400 -0.00549953 -0.01654197
v 0.03162962 -0.00199957 -0.01442086
v 0.02611523 0.01050027 -0.01229976
v 0.02611523 0.01600019 -0.01229976
v 0.03238936 0.02300010 -0.01460331
v 0.03234861 0.02300010 -0.01455645
v 0.03238936 0.01950015 -0.01460331
v 0.03238936 0.01950015 -0.01460331
v 0.03234861 0.02300010 -0.01455645
v 0.03216498 0.02300010 -0.01421013
v 0.03216498 0.02300010 -0.01421013
v 0.03216498 0.01950015 -0.01421013
v 0.03265126 0.02300010 -0.01480558
v 0.03216498 0.01600019 -0.01421013
v 0.03238936 0.01600019 -0.01460331
v 0.01663022 0.01950015 -0.01506120
v 0.01682996 0.01600019 -0.01422527
v 0.01708875 0.01600019 -0.01348709
v 0.02618555 0.01950015 -0.00867946
v 0.02695884 0.01600019 -0.00888715
v 0.02728847 0.01600019 -0.00900163
v 0.01671086 0.02300010 -0.01832509
v 0.01652956 0.01950015 -0.01718887
v 0.01652412 0.02300010 -0.01587674
v 0.03110948 0.02300010 -0.01199311
v 0.02943128 0.02300010 -0.01020066
v 0.02993183 0.01950015 -0.01062684
v 0.02488295 0.02300010 -0.00850900
v 0.02406211 0.01950015 -0.00851179
v 0.01703319 0.02300010 -0.01362754
v 0.03110948 0.01600019 -0.01199311
v 0.02943128 0.01600019 -0.01020066
v 0.02818948 0.01950015 -0.00940154
v 0.02488295 0.01600019 -0.00850900
v 0.01835157 0.01600019 -0.01138125
v 0.01728878 0.01950015 -0.01303550
v 0.01652412 0.01600019 -0.01587674
v 0.01671086 0.01600019 -0.01832509
v 0.01699395 0.01950015 -0.01926769
v 0.01672022 0.02300010 -0.01836456
v 0.01675885 0.02300010 -0.01851892
v 0.01699395 0.02300010 -0.01926769
v 0.03216498 0.01950015 -0.01421013
v 0.03216498 0.02300010 -0.01421013
v 0.03128907 0.01950015 -0.01226850
v 0.03110948 0.02300010 -0.01199311
v 0.03128907 0.01950015 -0.01226850
v 0.02807597 0.02300010 -0.00934368
v 0.02728847 0.02300010 -0.00900163
v 0.02196968 0.02300010 -0.00891043
v 0.02196968 0.01950015 -0.00891043
v 0.02244131 0.02300010 -0.00876917
v 0.02005663 0.01950015 -0.00984710
v 0.02019360 0.02300010 -0.00975763
v 0.02005663 0.01950015 -0.00984710
v 0.02019360 0.02300010 -0.00975763
v 0.01845856 0.01950015 -0.01125540
v 0.01835157 0.02300010 -0.01138125
v 0.01708875 0.02300010 -0.01348709
v 0.03216498 0.01600019 -0.01421013
v 0.03110948 0.01600019 -0.01199311
v 0.02196968 0.01600019 -0.00891043
v 0.02244131 0.01600019 -0.00876917
v 0.02019360 0.01600019 -0.00975763
v 0.02019360 0.01600019 -0.00975763
v 0.01675885 0.01600019 -0.01851892
v 0.01675885 0.01800017 -0.01851892
v 0.01686988 0.01800017 -0.01890468
v 0.01699395 0.01800017 -0.01926769
v 0.01700012 0.01950015 -0.01928438
v 0.01700012 0.01600019 -0.01928438
v 0.01686988 0.01600019 -0.01890468
v 0.01700012 0.02300010 -0.01928438
v 0.01737524 0.01950015 -0.02140789
v 0.01737524 0.02300010 -0.02140789
v 0.01730285 0.02300010 -0.02230274
v 0.01726040 0.02173085 -0.02254168
v 0.01716741 0.02097942 -0.02293876
v 0.01716308 0.02095640 -0.02295468
v 0.01734539 0.02300010 -0.02077411
v 0.01737524 0.01600019 -0.02140789
v 0.02935410 -0.00374955 -0.01908509
v 0.02908395 -0.00374955 -0.01953846
v 0.02935410 -0.00549953 -0.01908509
v 0.02908395 -0.00549953 -0.01953846
v 0.02877160 -0.00374955 -0.01996385
v 0.02877160 -0.00549953 -0.01996385
v 0.02935410 -0.00199957 -0.01908509
v 0.02908395 -0.00199957 -0.01953846
v 0.02877160 -0.00199957 -0.01996385
v 0.03010835 -0.00374955 -0.01766889
v 0.02964787 -0.00549953 -0.01853351
v 0.03010835 -0.00549953 -0.01766889
v 0.03086260 -0.00549953 -0.01625269
v 0.03086260 -0.00374955 -0.01625269
v 0.03010835 -0.00199957 -0.01766889
v 0.03086260 -0.00199957 -0.01625269
v 0.03240463 -0.00549953 -0.01578240
v 0.03240463 -0.00374955 -0.01578240
v 0.03240463 -0.00199957 -0.01578240
v 0.03086260 -0.00549953 -0.01625269
v 0.03086260 -0.00374955 -0.01625269
v 0.03086260 -0.00199957 -0.01625269
v 0.09408143 0.00300036 -0.04426511
v 0.09449871 0.00300036 -0.04342546
v 0.09443646 0.00300036 -0.04340085
v 0.08606754 0.00300036 -0.03833961
v 0.08516588 0.00300036 -0.03983441
v 0.08516829 0.00300036 -0.03983585
v 0.09472920 0.00300036 -0.04263979
v 0.08803731 0.00300036 -0.04629648
v 0.08882240 0.00300036 -0.04652675
v 0.08800665 0.00300036 -0.04628458
v 0.09162733 0.00300036 -0.03696326
v 0.09421992 0.00300036 -0.03923232
v 0.09312524 0.00300036 -0.03786742
v 0.09159721 0.00300036 -0.03695178
v 0.09084223 0.00300036 -0.03673299
v 0.09053839 0.00300036 -0.03668004
v 0.08941370 0.00300036 -0.03664749
v 0.08757599 0.00300036 -0.03716799
v 0.08980237 0.00300036 -0.04161835
v 0.08963455 0.00300036 -0.04662590
v 0.09136795 0.00300036 -0.04638814
v 0.09291332 0.00300036 -0.04556772
v 0.09477732 0.00300036 -0.04089080
v 0.08510847 0.00300036 -0.03999136
v 0.08483874 0.00300036 -0.04188222
v 0.08529774 0.00300036 -0.04373626
v 0.08641842 0.00300036 -0.04528291
v 0.02538287 -0.00467771 -0.02414273
v 0.02582351 -0.00512507 -0.02359934
v 0.02525859 -0.00450367 -0.02429599
v 0.02488225 -0.00375015 -0.02476008
v 0.02502027 -0.00407944 -0.02458988
v 0.02459911 -0.00209957 -0.02510924
v 0.02474819 -0.00331614 -0.02492540
v 0.02459911 -0.00204957 -0.02510924
v 0.02459911 -0.00199957 -0.02510924
v 0.02668508 -0.00549031 -0.02253688
v 0.02685078 -0.00549953 -0.02233254
v 0.02668535 -0.00374955 -0.02253655
v 0.02668535 -0.00199957 -0.02253655
v 0.02873821 -0.00199957 -0.02000502
v 0.03394665 -0.00199957 -0.01531211
v 0.03162962 -0.00199957 -0.01442086
v 0.03240463 -0.00199957 -0.01578240
v 0.03086260 -0.00199957 -0.01625269
v 0.02793096 -0.00199957 -0.01299818
v 0.03010835 -0.00199957 -0.01766889
v 0.02935410 -0.00199957 -0.01908509
v 0.02873821 -0.00199957 -0.02000502
v 0.02568720 -0.00199957 -0.01883145
v 0.02668535 -0.00199957 -0.02253655
v 0.02344343 -0.00199957 -0.02466471
v 0.02459911 -0.00199957 -0.02510924
v 0.02908395 -0.00199957 -0.01953846
v 0.02877160 -0.00199957 -0.01996385
v 0.01967151 -0.00199957 -0.01651752
v 0.02611523 -0.00199957 -0.01229976
v 0.02438500 -0.00199957 -0.01200123
v 0.02267224 -0.00199957 -0.01238756
v 0.02123770 -0.00199957 -0.01339992
v 0.02029977 -0.00199957 -0.01488420
v 0.01850476 -0.00199957 -0.01955081
v 0.01742775 -0.00199957 -0.02235078
v 0.02569918 0.01600019 -0.01216257
v 0.02438500 0.01600019 -0.01200123
v 0.02438500 0.00700031 -0.01200123
v 0.02123770 0.00700031 -0.01339992
v 0.02123770 -0.00199957 -0.01339992
v 0.02267224 0.00700031 -0.01238756
v 0.02267224 -0.00199957 -0.01238756
v 0.02267224 0.00700031 -0.01238756
v 0.02267224 -0.00199957 -0.01238756
v 0.02438500 -0.00199957 -0.01200123
v 0.02123770 0.01600019 -0.01339992
v 0.02267224 0.01600019 -0.01238756
v 0.02267224 0.01600019 -0.01238756
v 0.02459911 -0.00204957 -0.02510924
v 0.05041310 -0.00204957 -0.03503858
v 0.05204574 -0.00209957 -0.03566658
v 0.07622708 -0.00204957 -0.04496792
v 0.07622708 -0.00209957 -0.04496792
v 0.05041310 -0.00209957 -0.03503858
v 0.02459911 -0.00209957 -0.02510924
v 0.05407604 0.02310010 -0.03644753
v 0.05244339 0.02305010 -0.03581954
v 0.05244339 0.02310010 -0.03581954
v 0.07622708 0.02305010 -0.04496792
v 0.07622708 0.02310010 -0.04496792
v 0.02865970 0.02305010 -0.02667115
v 0.02865970 0.02310010 -0.02667115
v 0.03813874 0.01050027 -0.01717223
v 0.03813874 -0.00549953 -0.01717223
v 0.03881425 0.01050027 -0.01813680
v 0.03881425 -0.00549953 -0.01813680
v 0.03813874 0.02650006 -0.01717223
v 0.03881425 0.02650006 -0.01813680
v 0.02029977 0.01600019 -0.01488420
v 0.02123770 0.01600019 -0.01339992
v 0.02244131 0.01600019 -0.00876917
v 0.01697536 0.01600019 -0.02352689
v 0.01850476 0.01600019 -0.01955081
v 0.01737524 0.01600019 -0.02140789
v 0.03216498 0.01600019 -0.01421013
v 0.03162962 0.01600019 -0.01442086
v 0.03238936 0.01600019 -0.01460331
v 0.03276413 0.01600019 -0.01485725
v 0.02007348 0.01600019 -0.01547248
v 0.01682996 0.01600019 -0.01422527
v 0.01652412 0.01600019 -0.01587674
v 0.01671086 0.01600019 -0.01832509
v 0.01675885 0.01600019 -0.01851892
v 0.01686988 0.01600019 -0.01890468
v 0.01700012 0.01600019 -0.01928438
v 0.02196968 0.01600019 -0.00891043
v 0.02019360 0.01600019 -0.00975763
v 0.01835157 0.01600019 -0.01138125
v 0.01708875 0.01600019 -0.01348709
v 0.02488295 0.01600019 -0.00850900
v 0.02267224 0.01600019 -0.01238756
v 0.02695884 0.01600019 -0.00888715
v 0.02438500 0.01600019 -0.01200123
v 0.02569918 0.01600019 -0.01216257
v 0.02728847 0.01600019 -0.00900163
v 0.02611523 0.01600019 -0.01229976
v 0.02943128 0.01600019 -0.01020066
v 0.03110948 0.01600019 -0.01199311
v 0.08997533 0.00550033 -0.04663182
v 0.08931729 0.00550033 -0.04669131
v 0.08931729 0.01050027 -0.04669131
v 0.08848316 0.00550033 -0.04679841
v 0.08848316 0.01050027 -0.04679841
v 0.08848316 0.01550020 -0.04679841
v 0.08931729 0.01550020 -0.04669131
v 0.08097235 0.02100013 -0.04238031
v 0.08034516 0.02190007 -0.04401085
v 0.08075022 0.02300010 -0.04295780
v 0.07996482 0.02100046 -0.04499965
v 0.08097235 0.01550020 -0.04238031
v 0.07883661 0.01550020 -0.04793274
v 0.07883661 0.01955609 -0.04793274
v 0.07929119 0.01990630 -0.04675093
v 0.07949397 0.02016388 -0.04622376
v 0.07973036 0.02054273 -0.04560919
v 0.07984508 0.02075670 -0.04531094
v 0.08075022 0.02475008 -0.04295780
v 0.08075022 0.02650006 -0.04295780
v 0.08097235 0.02650006 -0.04238031
v 0.08234778 0.02650006 -0.03880451
v 0.08310809 0.02650006 -0.03682788
v 0.08310809 0.02100013 -0.03682788
v 0.08310809 0.01550020 -0.03682788
v 0.08140366 0.01550020 -0.04125901
v 0.08097235 0.00550033 -0.04238031
v 0.08493060 0.00550033 -0.04261606
v 0.08140366 0.00550033 -0.04125901
v 0.08233770 0.00550033 -0.04771919
v 0.07883661 0.00550033 -0.04793274
v 0.08461220 0.00550033 -0.03546939
v 0.08745788 0.00550033 -0.03722971
v 0.08782666 0.00550033 -0.03627318
v 0.08279386 0.00550033 -0.03525444
v 0.08207198 0.00550033 -0.03483420
v 0.08931729 0.00550033 -0.04669131
v 0.08963455 0.00550033 -0.04662590
v 0.08848316 0.00550033 -0.04679841
v 0.08997533 0.00550033 -0.04663182
v 0.08882240 0.00550033 -0.04652675
v 0.08803731 0.00550033 -0.04629648
v 0.08303908 0.00550033 -0.03559767
v 0.08603648 0.00550033 -0.03837548
v 0.08317904 0.00550033 -0.03599561
v 0.09015518 0.00550033 -0.04661937
v 0.08484027 0.00550033 -0.04191065
v 0.08509617 0.00550033 -0.04002727
v 0.08934754 0.00550033 -0.03665349
v 0.08752534 0.00550033 -0.03719398
v 0.08642538 0.00550033 -0.04528939
v 0.08541044 0.00550033 -0.04725880
v 0.08310809 0.00550033 -0.03682788
v 0.08349039 0.00550033 -0.04754648
v 0.08530576 0.00550033 -0.04375345
v 0.08512132 0.00550033 -0.04330495
v 0.08034516 -0.00089954 -0.04401085
v 0.07996482 0.00000007 -0.04499965
v 0.08097235 0.00000040 -0.04238031
v 0.08075022 -0.00199957 -0.04295780
v 0.07984508 0.00024383 -0.04531094
v 0.07973036 0.00045781 -0.04560919
v 0.07949397 0.00083665 -0.04622376
v 0.07929119 0.00109423 -0.04675093
v 0.07883661 0.00144444 -0.04793274
v 0.07883661 0.00550033 -0.04793274
v 0.08097235 0.00550033 -0.04238031
v 0.08075022 -0.00549953 -0.04295780
v 0.08075022 -0.00374955 -0.04295780
v 0.08097235 -0.00549953 -0.04238031
v 0.08140366 0.00550033 -0.04125901
v 0.08310809 0.00550033 -0.03682788
v 0.08310809 0.00000040 -0.03682788
v 0.08310809 -0.00549953 -0.03682788
v 0.08234778 -0.00549953 -0.03880451
v 0.08320574 0.00000040 -0.03620536
v 0.08317904 0.00550033 -0.03599561
v 0.08303908 0.00000040 -0.03559767
v 0.08303908 0.00550033 -0.03559767
v 0.08303908 0.00000040 -0.03559767
v 0.08303908 0.00550033 -0.03559767
v 0.08263755 0.00000040 -0.03511205
v 0.08279386 0.00550033 -0.03525444
v 0.08207198 0.00000040 -0.03483420
v 0.08207198 0.00550033 -0.03483420
v 0.08317904 -0.00549953 -0.03599561
v 0.08303908 -0.00549953 -0.03559767
v 0.08303908 -0.00549953 -0.03559767
v 0.08279386 -0.00549953 -0.03525444
v 0.08207198 -0.00549953 -0.03483420
v 0.04664129 0.01050027 -0.02787954
v 0.04875826 -0.00549953 -0.02926024
v 0.04930931 0.01050027 -0.02956998
v 0.05217621 -0.00549953 -0.03089541
v 0.05217621 0.01050027 -0.03089541
v 0.04564025 -0.00549953 -0.02710752
v 0.04421835 0.01050027 -0.02585337
v 0.04421835 -0.00549953 -0.02585337
v 0.04184407 -0.00549953 -0.02322491
v 0.04289989 -0.00549953 -0.02449090
v 0.04208247 0.01050027 -0.02352658
v 0.04027065 0.01050027 -0.02093945
v 0.04060550 -0.00549953 -0.02147561
v 0.04027065 0.01050027 -0.02093945
v 0.03881425 0.01050027 -0.01813680
v 0.04060550 -0.00549953 -0.02147561
v 0.03881425 -0.00549953 -0.01813680
v 0.04875826 0.02650006 -0.02926024
v 0.05217621 0.02650006 -0.03089541
v 0.04564025 0.02650006 -0.02710752
v 0.04421835 0.02650006 -0.02585337
v 0.04184407 0.02650006 -0.02322491
v 0.04289989 0.02650006 -0.02449090
v 0.04060550 0.02650006 -0.02147561
v 0.04060550 0.02650006 -0.02147561
v 0.03881425 0.02650006 -0.01813680
v 0.08461220 0.01050027 -0.03546939
v 0.07987684 -0.00549953 -0.03428529
v 0.07987684 0.01050027 -0.03428529
v 0.08461220 0.00550033 -0.03546939
v 0.08461220 0.01550020 -0.03546939
v 0.08207198 0.01550020 -0.03483420
v 0.07987684 0.02650006 -0.03428529
v 0.08207198 0.02100013 -0.03483420
v 0.08207198 0.02650006 -0.03483420
v 0.08782666 0.00550033 -0.03627318
v 0.08782666 0.01550020 -0.03627318
v 0.08263755 0.02100013 -0.03511205
v 0.08279386 0.01550020 -0.03525444
v 0.08303908 0.02100013 -0.03559767
v 0.08303908 0.01550020 -0.03559767
v 0.08303908 0.02100013 -0.03559767
v 0.08303908 0.01550020 -0.03559767
v 0.08320574 0.02100013 -0.03620536
v 0.08317904 0.01550020 -0.03599561
v 0.08279386 0.02650006 -0.03525444
v 0.08303908 0.02650006 -0.03559767
v 0.08303908 0.02650006 -0.03559767
v 0.08317904 0.02650006 -0.03599561
v 0.08097235 0.01550020 -0.04238031
v 0.08233770 0.01550020 -0.04771919
v 0.07883661 0.01550020 -0.04793274
v 0.08493072 0.01550020 -0.04261663
v 0.08140366 0.01550020 -0.04125901
v 0.08461220 0.01550020 -0.03546939
v 0.08279386 0.01550020 -0.03525444
v 0.08207198 0.01550020 -0.03483420
v 0.08782666 0.01550020 -0.03627318
v 0.08516571 0.01550020 -0.03983486
v 0.08317904 0.01550020 -0.03599561
v 0.08599187 0.01550020 -0.03842823
v 0.08310809 0.01550020 -0.03682788
v 0.08506398 0.01550020 -0.04012577
v 0.08931729 0.01550020 -0.04669131
v 0.08907875 0.01550020 -0.04657269
v 0.09015518 0.01550020 -0.04661937
v 0.08848316 0.01550020 -0.04679841
v 0.08303908 0.01550020 -0.03559767
v 0.08541044 0.01550020 -0.04725880
v 0.08803731 0.01550020 -0.04629648
v 0.08349039 0.01550020 -0.04754648
v 0.08484994 0.01550020 -0.04204848
v 0.08934754 0.01550020 -0.03665349
v 0.08749474 0.01550020 -0.03721002
v 0.08745933 0.01550020 -0.03722892
v 0.08645921 0.01550020 -0.04532061
v 0.08534564 0.01550020 -0.04383648
v 0.08512207 0.01550020 -0.04330705
v 0.07512488 0.01050027 -0.04748333
v 0.07689560 0.01960351 -0.04778578
v 0.07856424 0.01956774 -0.04792356
v 0.07657035 0.01959849 -0.04774245
v 0.07524928 0.01952336 -0.04750997
v 0.07689624 0.00139703 -0.04778586
v 0.07657012 0.00140205 -0.04774242
v 0.07856421 0.00143279 -0.04792356
v 0.07512488 0.00148840 -0.04748333
v 0.07512488 0.00148840 -0.04748333
v 0.07657012 0.00140205 -0.04774242
v 0.07524928 0.00147717 -0.04750997
v 0.07872039 0.01956109 -0.04792928
v 0.07872056 0.01050027 -0.04792928
v 0.07512488 0.01951213 -0.04748333
v 0.08233770 0.01050027 -0.04771919
v 0.08233770 0.00550033 -0.04771919
v 0.07883661 0.00550033 -0.04793274
v 0.07872039 0.00143943 -0.04792928
v 0.07883661 0.00144444 -0.04793274
v 0.08233770 0.01550020 -0.04771919
v 0.07883661 0.01550020 -0.04793274
v 0.07883661 0.01955609 -0.04793274
v 0.08097235 -0.00549953 -0.04238031
v 0.07338523 -0.00549953 -0.03535724
v 0.08075022 -0.00549953 -0.04295780
v 0.08234778 -0.00549953 -0.03880451
v 0.03010835 -0.00549953 -0.01766889
v 0.04060550 -0.00549953 -0.02147561
v 0.03086260 -0.00549953 -0.01625269
v 0.04184407 -0.00549953 -0.02322491
v 0.02964787 -0.00549953 -0.01853351
v 0.05326635 -0.00549953 -0.03249328
v 0.05417745 -0.00549953 -0.03166518
v 0.02685078 -0.00549953 -0.02233254
v 0.05378255 -0.00549953 -0.03269184
v 0.05637617 -0.00549953 -0.03251092
v 0.06057612 -0.00549953 -0.03412643
v 0.04421835 -0.00549953 -0.02585337
v 0.02908395 -0.00549953 -0.01953846
v 0.04564025 -0.00549953 -0.02710752
v 0.02935410 -0.00549953 -0.01908509
v 0.04289989 -0.00549953 -0.02449090
v 0.08071299 -0.00549953 -0.04305062
v 0.07296221 -0.00549953 -0.03542841
v 0.06877842 -0.00549953 -0.03572281
v 0.06460726 -0.00549953 -0.03528435
v 0.05217621 -0.00549953 -0.03089541
v 0.04875826 -0.00549953 -0.02926024
v 0.02877160 -0.00549953 -0.01996385
v 0.08279386 -0.00549953 -0.03525444
v 0.08207198 -0.00549953 -0.03483420
v 0.08303908 -0.00549953 -0.03559767
v 0.07987684 -0.00549953 -0.03428529
v 0.08317904 -0.00549953 -0.03599561
v 0.07844478 -0.00549953 -0.03414075
v 0.08310809 -0.00549953 -0.03682788
v 0.07703087 -0.00549953 -0.03441015
v 0.03714400 -0.00549953 -0.01654197
v 0.03394665 -0.00549953 -0.01531211
v 0.03813874 -0.00549953 -0.01717223
v 0.03240463 -0.00549953 -0.01578240
v 0.03881425 -0.00549953 -0.01813680
v 0.06057612 0.02650006 -0.03412643
v 0.05637617 0.02650006 -0.03251092
v 0.06057612 0.01050027 -0.03412643
v 0.05637617 0.01050027 -0.03251092
v 0.06057612 -0.00549953 -0.03412643
v 0.05637617 -0.00549953 -0.03251092
v 0.05569222 0.02650006 -0.03224784
v 0.05417745 -0.00549953 -0.03166518
v 0.07296221 -0.00549953 -0.03542841
v 0.07338523 -0.00549953 -0.03535724
v 0.07296221 0.01050027 -0.03542841
v 0.07703087 -0.00549953 -0.03441015
v 0.07703087 0.01050027 -0.03441015
v 0.06877842 0.01050027 -0.03572281
v 0.06877842 -0.00549953 -0.03572281
v 0.06460726 0.01050027 -0.03528435
v 0.06460726 -0.00549953 -0.03528435
v 0.07296221 0.02650006 -0.03542841
v 0.07338523 0.02650006 -0.03535724
v 0.07703087 0.02650006 -0.03441015
v 0.06877842 0.02650006 -0.03572281
v 0.06460726 0.02650006 -0.03528435
v 0.07844478 0.01050027 -0.03414075
v 0.07844478 -0.00549953 -0.03414075
v 0.07844478 0.02650006 -0.03414075
v 0.06709058 0.01050027 -0.04567647
v 0.06857273 0.01050027 -0.04605867
v 0.07184881 0.01050027 -0.04677100
v 0.07240902 0.00179443 -0.04689281
v 0.07240728 0.01920586 -0.04689243
v 0.07956070 -0.00499419 -0.04451827
v 0.05240325 -0.00450370 -0.03473714
v 0.07890419 -0.00453205 -0.04489998
v 0.07888422 -0.00451694 -0.04490878
v 0.07886602 -0.00450312 -0.04491666
v 0.05279924 -0.00524072 -0.03370765
v 0.08017538 -0.00534246 -0.04393825
v 0.05213865 -0.00340067 -0.03542503
v 0.07769740 -0.00353136 -0.04519471
v 0.07794363 -0.00374886 -0.04517089
v 0.07886602 -0.00450312 -0.04491666
v 0.05240325 -0.00450370 -0.03473714
v 0.02668508 -0.00549031 -0.02253688
v 0.02582351 -0.00512507 -0.02359934
v 0.02538287 -0.00467771 -0.02414273
v 0.02525859 -0.00450367 -0.02429599
v 0.02525859 -0.00450367 -0.02429599
v 0.02502027 -0.00407944 -0.02458988
v 0.02474819 -0.00331614 -0.02492540
v 0.02474819 -0.00331614 -0.02492540
v 0.02502027 -0.00407944 -0.02458988
v 0.02488225 -0.00375015 -0.02476008
v 0.07890496 -0.00374955 -0.04489964
v 0.07757282 -0.00199957 -0.04520011
v 0.07888422 -0.00451694 -0.04490878
v 0.07890419 -0.00453205 -0.04489998
v 0.07890496 -0.00199957 -0.04489964
v 0.07890496 -0.00374955 -0.04489964
v 0.07890496 -0.00199957 -0.04489964
v 0.08002072 -0.00374955 -0.04411224
v 0.08002072 -0.00199957 -0.04411224
v 0.07890419 -0.00453205 -0.04489998
v 0.07956070 -0.00499419 -0.04451827
v 0.08017538 -0.00534246 -0.04393825
v 0.08071299 -0.00549953 -0.04305062
v 0.02881307 0.02475013 -0.02627240
v 0.05416895 0.02440121 -0.03620598
v 0.02875261 0.02440121 -0.02642959
v 0.05443355 0.02550423 -0.03551810
v 0.02901720 0.02550423 -0.02574171
v 0.05443355 0.02550423 -0.03551810
v 0.05482954 0.02624125 -0.03448860
v 0.08017538 0.02634299 -0.04393825
v 0.07956070 0.02599473 -0.04451827
v 0.07890419 0.02553258 -0.04489998
v 0.07888422 0.02551747 -0.04490878
v 0.07886602 0.02550365 -0.04491666
v 0.08071299 0.02650006 -0.04305062
v 0.05529664 0.02650006 -0.03327424
v 0.07886602 0.02550365 -0.04491666
v 0.07794363 0.02474940 -0.04517089
v 0.07769740 0.02453190 -0.04519471
v 0.02988030 0.02650006 -0.02349785
v 0.02941320 0.02624125 -0.02471222
v 0.02901720 0.02550423 -0.02574171
v 0.08075022 0.02650006 -0.04295780
v 0.07338523 0.02650006 -0.03535724
v 0.08097235 0.02650006 -0.04238031
v 0.08234778 0.02650006 -0.03880451
v 0.03151376 0.02650006 -0.01925123
v 0.04184407 0.02650006 -0.02322491
v 0.03054446 0.02650006 -0.02177120
v 0.03501387 0.02650006 -0.01572262
v 0.03881425 0.02650006 -0.01813680
v 0.03372155 0.02650006 -0.01629694
v 0.04060550 0.02650006 -0.02147561
v 0.03242922 0.02650006 -0.01687126
v 0.06057612 0.02650006 -0.03412643
v 0.05637617 0.02650006 -0.03251092
v 0.05569222 0.02650006 -0.03224784
v 0.04564025 0.02650006 -0.02710752
v 0.04421835 0.02650006 -0.02585337
v 0.04289989 0.02650006 -0.02449090
v 0.06460726 0.02650006 -0.03528435
v 0.06877842 0.02650006 -0.03572281
v 0.07296221 0.02650006 -0.03542841
v 0.04875826 0.02650006 -0.02926024
v 0.05217621 0.02650006 -0.03089541
v 0.03714400 0.02650006 -0.01654197
v 0.03813874 0.02650006 -0.01717223
v 0.08317904 0.02650006 -0.03599561
v 0.07987684 0.02650006 -0.03428529
v 0.08303908 0.02650006 -0.03559767
v 0.08207198 0.02650006 -0.03483420
v 0.08279386 0.02650006 -0.03525444
v 0.07844478 0.02650006 -0.03414075
v 0.08310809 0.02650006 -0.03682788
v 0.07703087 0.02650006 -0.03441015
v 0.07890496 0.02475008 -0.04489964
v 0.07888422 0.02551747 -0.04490878
v 0.07890419 0.02553258 -0.04489998
v 0.07757282 0.02300010 -0.04520011
v 0.07890496 0.02475008 -0.04489964
v 0.07890419 0.02553258 -0.04489998
v 0.08002072 0.02475008 -0.04411224
v 0.07956070 0.02599473 -0.04451827
v 0.08017538 0.02634299 -0.04393825
v 0.08071299 0.02650006 -0.04305062
v 0.07890496 0.02300010 -0.04489964
v 0.07890496 0.02300010 -0.04489964
v 0.08002072 0.02300010 -0.04411224
v 0.08349039 0.00550033 -0.04754648
v 0.08541044 0.01050027 -0.04725880
v 0.08541044 0.00550033 -0.04725880
v 0.08541044 0.01550020 -0.04725880
v 0.08349039 0.01550020 -0.04754648
v 0.07689560 0.01960351 -0.04778578
v 0.07696160 0.01966106 -0.04762924
v 0.07788682 0.01961002 -0.04781787
v 0.07856424 0.01956774 -0.04792356
v 0.07657035 0.01959849 -0.04774245
v 0.07657012 0.00140205 -0.04774242
v 0.07675221 0.00133021 -0.04757778
v 0.07689624 0.00139703 -0.04778586
v 0.07696160 0.00133949 -0.04762926
v 0.07856421 0.00143279 -0.04792356
v 0.07693233 0.01997498 -0.04691193
v 0.07981620 0.02180675 -0.04458586
v 0.07806141 0.02180675 -0.04536570
v 0.07973036 0.02054273 -0.04560919
v 0.07949397 0.02016388 -0.04622376
v 0.07923545 0.02075641 -0.04564329
v 0.07984508 0.02075670 -0.04531094
v 0.07872039 0.01956109 -0.04792928
v 0.07929119 0.01990630 -0.04675093
v 0.07883661 0.01955609 -0.04793274
v 0.07829973 0.01997498 -0.04687706
v 0.07709330 0.02180675 -0.04539039
v 0.07702975 0.02075641 -0.04599109
v 0.07899014 0.02180675 -0.04509129
v 0.07899014 0.02180675 -0.04509129
v 0.07984508 0.02075670 -0.04531094
v 0.07923545 0.02075641 -0.04564329
v 0.07702975 0.02075641 -0.04599109
v 0.07815549 0.02075641 -0.04596238
v 0.07815549 0.02075641 -0.04596238
v 0.07702975 0.00024412 -0.04599109
v 0.07709330 -0.00080622 -0.04539039
v 0.07981620 -0.00080622 -0.04458586
v 0.07829973 0.00102556 -0.04687706
v 0.07693233 0.00102556 -0.04691193
v 0.07806141 -0.00080622 -0.04536570
v 0.07899014 -0.00080622 -0.04509129
v 0.07929119 0.00109423 -0.04675093
v 0.07872039 0.00143943 -0.04792928
v 0.07883661 0.00144444 -0.04793274
v 0.07923545 0.00024412 -0.04564329
v 0.07949397 0.00083665 -0.04622376
v 0.07973036 0.00045781 -0.04560919
v 0.07984508 0.00024383 -0.04531094
v 0.07923545 0.00024412 -0.04564329
v 0.07984508 0.00024383 -0.04531094
v 0.07899014 -0.00080622 -0.04509129
v 0.07702975 0.00024412 -0.04599109
v 0.07815549 0.00024412 -0.04596238
v 0.07815549 0.00024412 -0.04596238
v 0.06573390 0.03068724 -0.01598744
v 0.06622285 -0.00507712 -0.01661106
v 0.06592999 -0.00507712 -0.01663660
v 0.06592999 -0.00507712 -0.01663660
v 0.06398161 -0.00435929 -0.00576821
v 0.06398161 0.03044076 -0.00576821
v 0.06544080 0.03068724 -0.01601300
v 0.06398161 0.03044076 -0.00576821
v 0.06424490 -0.00435929 -0.00574525
v 0.06398161 -0.00435929 -0.00576821
v 0.06424490 0.03044076 -0.00574525
v 0.06544080 0.03068724 -0.01601300
v 0.09314769 0.02650003 -0.03161879
v 0.08467597 0.02650003 -0.03107945
v 0.09280091 0.02650003 -0.02964903
v 0.08727151 0.02650003 -0.04582245
v 0.09483202 0.02650003 -0.04118600
v 0.08125540 0.02650003 -0.03535242
v 0.08218152 0.02650003 -0.03549175
v 0.08117943 0.02650003 -0.03536051
v 0.08625135 0.02650003 -0.01840003
v 0.08190801 0.02650003 -0.01535706
v 0.09146336 0.02650003 -0.02205158
v 0.07734619 0.02650003 -0.01539866
v 0.07686934 0.02650003 -0.02055944
v 0.07600242 0.02650003 -0.01563522
v 0.08045690 0.02650003 -0.03182222
v 0.08103934 0.02650003 -0.01474846
v 0.08329471 0.02650003 -0.04303629
v 0.08167892 0.02650003 -0.03932915
v 0.09259315 0.02650003 -0.04627053
v 0.08887327 0.02650003 -0.04694465
v 0.09261845 0.02650003 -0.04625432
v 0.09081416 0.02650003 -0.04697002
v 0.07771615 0.02650003 -0.03912792
v 0.07986686 0.02650003 -0.03859346
v 0.08067684 0.02650003 -0.03919790
v 0.07912331 0.02650003 -0.03336237
v 0.08024111 0.02650003 -0.03573597
v 0.07749833 0.02650003 -0.03364845
v 0.07890041 0.02650003 -0.03209625
v 0.08261723 0.02650003 -0.03895369
v 0.08325217 0.02650003 -0.03816739
v 0.07677393 0.02650003 -0.03377598
v 0.07960618 0.02650003 -0.03652227
v 0.07943677 0.02650003 -0.03751861
v 0.08342159 0.02650003 -0.03717105
v 0.08299149 0.02650003 -0.03609620
v 0.09479110 0.02650003 -0.04312662
v 0.09401422 0.02650003 -0.04490542
v 0.07781424 0.01030025 -0.03968503
v 0.07677393 0.01050025 -0.03377598
v 0.07781424 0.01050025 -0.03968503
v 0.07781424 -0.00549954 -0.03968503
v 0.07655104 -0.00549954 -0.03250993
v 0.07573363 -0.00499955 -0.02786694
v 0.07573363 -0.00499955 -0.02786694
v 0.07655104 -0.00549954 -0.03250993
v 0.07573363 -0.00549954 -0.02786694
v 0.07677393 0.01250022 -0.03377598
v 0.07677393 0.02650003 -0.03377598
v 0.07771615 0.02650003 -0.03912792
v 0.07776520 0.02630004 -0.03940648
v 0.07781424 0.02610004 -0.03968503
v 0.07625379 -0.00499955 -0.03082146
v 0.07645284 -0.00477120 -0.03195211
v 0.07662158 -0.00412089 -0.03291062
v 0.07673434 -0.00314764 -0.03355108
v 0.07677393 -0.00199959 -0.03377598
v 0.07365303 -0.00549954 -0.01604884
v 0.07365303 -0.00499955 -0.01604884
v 0.07573363 -0.00549954 -0.02786694
v 0.07469333 -0.00499955 -0.02195789
v 0.07469333 -0.00499955 -0.02195789
v 0.07734619 0.01050025 -0.01539866
v 0.07734619 -0.00549954 -0.01539866
v 0.08103934 0.01050025 -0.01474846
v 0.08103934 -0.00549954 -0.01474846
v 0.07600242 0.01050025 -0.01563522
v 0.07600242 -0.00499955 -0.01563522
v 0.07365303 -0.00549954 -0.01604884
v 0.07437743 -0.00499955 -0.01592131
v 0.07365303 -0.00499955 -0.01604884
v 0.07734619 0.02650003 -0.01539866
v 0.08103934 0.02650003 -0.01474846
v 0.07600242 0.02650003 -0.01563522
v 0.07461534 0.00000038 -0.00775650
v 0.07600242 0.01050025 -0.01563522
v 0.07461534 0.01250022 -0.00775650
v 0.07600242 -0.00499955 -0.01563522
v 0.07912331 0.02650003 -0.03336237
v 0.07686934 0.02999999 -0.02055944
v 0.07890041 0.02650003 -0.03209625
v 0.07686934 0.02650003 -0.02055944
v 0.07880222 0.02977163 -0.03153850
v 0.07704271 0.02999999 -0.02154427
v 0.07860316 0.02999999 -0.03040785
v 0.07600242 0.02650003 -0.01563522
v 0.07468133 0.02691345 -0.00813133
v 0.07461534 0.02500005 -0.00775650
v 0.07548226 0.02999999 -0.01268070
v 0.07515050 0.02961939 -0.01079630
v 0.07486926 0.02853554 -0.00919876
v 0.07912331 0.02700003 -0.03336237
v 0.07908371 0.02814806 -0.03313746
v 0.07897097 0.02912132 -0.03249701
v 0.07625379 -0.00499955 -0.03082146
v 0.07573363 -0.00499955 -0.02786694
v 0.07580349 -0.00499955 -0.03090074
v 0.07469333 -0.00499955 -0.02195789
v 0.07383609 -0.00499955 -0.02236265
v 0.07535319 -0.00499955 -0.03098001
v 0.07379274 -0.00499955 -0.02211644
v 0.07365303 -0.00499955 -0.01604884
v 0.07223229 -0.00499955 -0.01325286
v 0.07437743 -0.00499955 -0.01592131
v 0.07385728 -0.00499955 -0.01296679
v 0.07548226 -0.00499955 -0.01268070
v 0.07600242 -0.00499955 -0.01563522
v 0.07600254 -0.00477120 -0.03203138
v 0.07555224 -0.00477120 -0.03211066
v 0.07617128 -0.00412089 -0.03298990
v 0.07572100 -0.00412089 -0.03306917
v 0.07617128 -0.00412089 -0.03298990
v 0.07572100 -0.00412089 -0.03306917
v 0.07628404 -0.00314764 -0.03363036
v 0.07583374 -0.00314764 -0.03370964
v 0.07632364 -0.00199959 -0.03385526
v 0.07587334 -0.00199959 -0.03393453
v 0.07645284 -0.00477120 -0.03195211
v 0.07662158 -0.00412089 -0.03291062
v 0.07662158 -0.00412089 -0.03291062
v 0.07673434 -0.00314764 -0.03355108
v 0.07677393 -0.00199959 -0.03377598
v 0.07677393 0.01050025 -0.03377598
v 0.07677393 0.01250022 -0.03377598
v 0.07912331 0.02700003 -0.03336237
v 0.07912331 0.02650003 -0.03336237
v 0.07749833 0.02700003 -0.03364845
v 0.07749833 0.02650003 -0.03364845
v 0.07587334 0.01250022 -0.03393453
v 0.07587334 0.02700003 -0.03393453
v 0.07677393 0.02650003 -0.03377598
v 0.08703888 0.02610004 -0.04614786
v 0.08703888 0.02225009 -0.04614786
v 0.08306520 0.02610004 -0.04336388
v 0.07781424 0.02610004 -0.03968503
v 0.08242656 0.02610004 -0.04291644
v 0.08242656 0.01800015 -0.04291644
v 0.08240598 0.01800015 -0.04290203
v 0.08044474 0.01800015 -0.04152798
v 0.08044474 0.01050025 -0.04152798
v 0.07781424 0.01050025 -0.03968503
v 0.07781424 0.01030025 -0.03968503
v 0.08044474 0.01030025 -0.04152798
v 0.07781424 -0.00549954 -0.03968503
v 0.08044474 0.00300034 -0.04152798
v 0.08242656 -0.00549954 -0.04291644
v 0.08242656 0.00300034 -0.04291644
v 0.08242656 0.00300034 -0.04291644
v 0.08480348 0.00300034 -0.03901301
v 0.08774491 0.00300034 -0.04196210
v 0.08703888 0.01800015 -0.04614786
v 0.08703888 -0.00124960 -0.04614786
v 0.08736656 -0.00549954 -0.04635889
v 0.08703888 0.00300034 -0.04614786
v 0.09314769 0.02650003 -0.03161879
v 0.09314769 0.01050025 -0.03161879
v 0.09380404 0.01050025 -0.03534694
v 0.09380404 0.01800015 -0.03534694
v 0.09475149 0.01800015 -0.04072857
v 0.09483202 0.01800015 -0.04118600
v 0.09483202 0.02225009 -0.04118600
v 0.09483202 0.02650003 -0.04118600
v 0.09483202 -0.00549954 -0.04118600
v 0.09483202 -0.00124960 -0.04118600
v 0.09314769 -0.00549954 -0.03161879
v 0.09380404 0.00300034 -0.03534694
v 0.09146336 0.01050025 -0.02205158
v 0.09146336 -0.00549954 -0.02205158
v 0.09280092 -0.00549954 -0.02964911
v 0.09280091 0.02650003 -0.02964903
v 0.09146336 0.02650003 -0.02205158
v 0.08242656 -0.00549954 -0.04291644
v 0.08467598 -0.00549954 -0.03107953
v 0.07781424 -0.00549954 -0.03968503
v 0.08736656 -0.00549954 -0.04635889
v 0.09314769 -0.00549954 -0.03161879
v 0.09180312 -0.00549954 -0.04128372
v 0.09483202 -0.00549954 -0.04118600
v 0.09280092 -0.00549954 -0.02964911
v 0.08103934 -0.00549954 -0.01474846
v 0.07734619 -0.00549954 -0.01539866
v 0.08190801 -0.00549954 -0.01535706
v 0.09163077 -0.00549954 -0.04250769
v 0.08787672 -0.00549954 -0.03051603
v 0.08948668 -0.00549954 -0.03966080
v 0.09011231 -0.00549954 -0.03965005
v 0.09122312 -0.00549954 -0.04019219
v 0.08786376 -0.00549954 -0.04197725
v 0.08803611 -0.00549954 -0.04075328
v 0.08889498 -0.00549954 -0.03986436
v 0.08882433 -0.00549954 -0.04693404
v 0.09077473 -0.00549954 -0.04697712
v 0.09018021 -0.00549954 -0.04360017
v 0.08955457 -0.00549954 -0.04361092
v 0.08844376 -0.00549954 -0.04306878
v 0.07655104 -0.00549954 -0.03250993
v 0.07573363 -0.00549954 -0.02786694
v 0.07365303 -0.00549954 -0.01604884
v 0.08625135 -0.00549954 -0.01840003
v 0.09146336 -0.00549954 -0.02205158
v 0.09259315 -0.00549954 -0.04627053
v 0.09400275 -0.00549954 -0.04492185
v 0.09478894 -0.00549954 -0.04313640
v 0.09077190 -0.00549954 -0.04339661
v 0.07943677 0.02875000 -0.03751861
v 0.07943677 0.03099998 -0.03751861
v 0.07979059 0.02875000 -0.03849153
v 0.07991943 0.03099998 -0.03865653
v 0.08058347 0.02875000 -0.03915720
v 0.08160295 0.03099998 -0.03933724
v 0.08160295 0.02875000 -0.03933724
v 0.08097876 0.03099998 -0.03929342
v 0.08058347 0.02875000 -0.03915720
v 0.07991943 0.03099998 -0.03865653
v 0.08257588 0.02875000 -0.03898342
v 0.08221014 0.03099998 -0.03918602
v 0.08314322 0.03099998 -0.03837535
v 0.08342159 0.03099998 -0.03717105
v 0.08342159 0.02875000 -0.03717105
v 0.08314322 0.03099998 -0.03837535
v 0.08324154 0.02875000 -0.03819054
v 0.08324154 0.02875000 -0.03819054
v 0.07943677 0.02650003 -0.03751861
v 0.07986686 0.02650003 -0.03859346
v 0.08067684 0.02650003 -0.03919790
v 0.08067684 0.02650003 -0.03919790
v 0.08160295 0.02650003 -0.03933724
v 0.08167892 0.02650003 -0.03932915
v 0.08261723 0.02650003 -0.03895369
v 0.08325217 0.02650003 -0.03816739
v 0.08325217 0.02650003 -0.03816739
v 0.08342159 0.02650003 -0.03717105
v 0.08306777 0.02875000 -0.03619813
v 0.08293893 0.03099998 -0.03603313
v 0.08227489 0.02875000 -0.03553246
v 0.08125540 0.03099998 -0.03535242
v 0.08125540 0.02875000 -0.03535242
v 0.08187959 0.03099998 -0.03539623
v 0.08227489 0.02875000 -0.03553246
v 0.08293893 0.03099998 -0.03603313
v 0.08028247 0.02875000 -0.03570624
v 0.08064822 0.03099998 -0.03550363
v 0.07971514 0.03099998 -0.03631431
v 0.07971514 0.03099998 -0.03631431
v 0.07961681 0.02875000 -0.03649912
v 0.07961681 0.02875000 -0.03649912
v 0.08299149 0.02650003 -0.03609620
v 0.08299149 0.02650003 -0.03609620
v 0.08306777 0.02875000 -0.03619813
v 0.08218152 0.02650003 -0.03549175
v 0.08218152 0.02650003 -0.03549175
v 0.08218152 0.02650003 -0.03549175
v 0.08125540 0.02650003 -0.03535242
v 0.08117943 0.02650003 -0.03536051
v 0.08024111 0.02650003 -0.03573597
v 0.08024111 0.02650003 -0.03573597
v 0.08028247 0.02875000 -0.03570624
v 0.07960618 0.02650003 -0.03652227
v 0.07960618 0.02650003 -0.03652227
v 0.07960618 0.02650003 -0.03652227
v 0.08160295 0.03099998 -0.03933724
v 0.08097876 0.03099998 -0.03929342
v 0.07991943 0.03099998 -0.03865653
v 0.07943677 0.03099998 -0.03751861
v 0.08142917 0.03099998 -0.03734483
v 0.08064822 0.03099998 -0.03550363
v 0.08125540 0.03099998 -0.03535242
v 0.07971514 0.03099998 -0.03631431
v 0.08187959 0.03099998 -0.03539623
v 0.08293893 0.03099998 -0.03603313
v 0.08342159 0.03099998 -0.03717105
v 0.08314322 0.03099998 -0.03837535
v 0.08221014 0.03099998 -0.03918602
v 0.08854829 -0.00124960 -0.04009807
v 0.08795426 -0.00124960 -0.04094595
v 0.08803611 0.00300034 -0.04075328
v 0.09122312 0.00300034 -0.04019219
v 0.09136585 -0.00124960 -0.04034533
v 0.09051797 -0.00124960 -0.03975131
v 0.08803611 -0.00549954 -0.04075328
v 0.08786376 -0.00549954 -0.04197725
v 0.08786376 -0.00124960 -0.04197725
v 0.08803611 -0.00549954 -0.04075328
v 0.08854829 -0.00124960 -0.04009807
v 0.08889498 -0.00549954 -0.03986436
v 0.08948668 -0.00124960 -0.03966080
v 0.08948668 -0.00549954 -0.03966080
v 0.09122312 -0.00549954 -0.04019219
v 0.09011231 -0.00549954 -0.03965005
v 0.09122312 -0.00549954 -0.04019219
v 0.09136585 -0.00124960 -0.04034533
v 0.09180312 -0.00124960 -0.04128372
v 0.09180312 -0.00549954 -0.04128372
v 0.08785790 0.00300034 -0.04194213
v 0.08786376 0.00300034 -0.04197725
v 0.08803611 0.00300034 -0.04075328
v 0.08889498 0.00300034 -0.03986436
v 0.08948668 0.00300034 -0.03966080
v 0.09011231 0.00300034 -0.03965005
v 0.09111859 -0.00124960 -0.04316290
v 0.09163077 -0.00549954 -0.04250769
v 0.09171262 -0.00124960 -0.04231502
v 0.09163077 -0.00549954 -0.04250769
v 0.09111859 -0.00124960 -0.04316290
v 0.09077190 -0.00549954 -0.04339661
v 0.09018021 -0.00124960 -0.04360017
v 0.09018021 -0.00549954 -0.04360017
v 0.08844376 -0.00549954 -0.04306878
v 0.08955457 -0.00549954 -0.04361092
v 0.08914891 -0.00124960 -0.04350966
v 0.08830103 -0.00124960 -0.04291564
v 0.08844376 -0.00549954 -0.04306878
v 0.08830103 -0.00124960 -0.04291564
v 0.09163077 0.00300034 -0.04250769
v 0.09180312 0.00300034 -0.04128372
v 0.09163077 0.00300034 -0.04250769
v 0.09077190 0.00300034 -0.04339661
v 0.09018021 0.00300034 -0.04360017
v 0.08844376 0.00300034 -0.04306878
v 0.08955457 0.00300034 -0.04361092
v 0.08844376 0.00300034 -0.04306878
v 0.08480348 0.00300034 -0.03901301
v 0.08480348 0.01050025 -0.03901301
v 0.08462577 0.00300034 -0.03800355
v 0.08462577 0.01050025 -0.03800355
v 0.08444805 0.00300034 -0.03699408
v 0.08444805 0.01050025 -0.03699408
v 0.08480348 0.01800015 -0.03901301
v 0.08462577 0.01800015 -0.03800355
v 0.08444805 0.01800015 -0.03699408
v 0.08262411 0.00300034 -0.04027049
v 0.08262411 0.01050025 -0.04027049
v 0.08262411 0.01800015 -0.04027049
v 0.08480348 0.00300034 -0.03901301
v 0.08480348 0.01050025 -0.03901301
v 0.08480348 0.01800015 -0.03901301
v 0.08242656 0.01800015 -0.04291644
v 0.08774491 0.01800015 -0.04196210
v 0.08240598 0.01800015 -0.04290203
v 0.08861020 0.01800015 -0.04688153
v 0.08703888 0.01800015 -0.04614786
v 0.08462577 0.01800015 -0.03800355
v 0.08679746 0.01800015 -0.03658046
v 0.08444805 0.01800015 -0.03699408
v 0.08480348 0.01800015 -0.03901301
v 0.08262411 0.01800015 -0.04027049
v 0.08044474 0.01800015 -0.04152798
v 0.09475149 0.01800015 -0.04072857
v 0.08882433 0.01800015 -0.04693404
v 0.09077473 0.01800015 -0.04697712
v 0.09259315 0.01800015 -0.04627053
v 0.09400275 0.01800015 -0.04492185
v 0.09478894 0.01800015 -0.04313640
v 0.09483202 0.01800015 -0.04118600
v 0.08912604 0.01800015 -0.03617051
v 0.09380404 0.01800015 -0.03534694
v 0.08912604 0.01800015 -0.03617051
v 0.08912604 0.01050025 -0.03617051
v 0.08679746 0.01800015 -0.03658046
v 0.08444805 0.01050025 -0.03699408
v 0.08444805 0.01800015 -0.03699408
v 0.08912604 0.00300034 -0.03617051
v 0.09380404 0.00300034 -0.03534694
v 0.09380404 0.01050025 -0.03534694
v 0.09380404 0.01800015 -0.03534694
v 0.08679746 0.00300034 -0.03658046
v 0.08444805 0.00300034 -0.03699408
v 0.08861020 0.00300034 -0.04688153
v 0.08703888 0.00300034 -0.04614786
v 0.08262411 0.00300034 -0.04027049
v 0.08912604 0.00300034 -0.03617051
v 0.08948668 0.00300034 -0.03966080
v 0.08889498 0.00300034 -0.03986436
v 0.09018021 0.00300034 -0.04360017
v 0.09077473 0.00300034 -0.04697712
v 0.08955457 0.00300034 -0.04361092
v 0.09077190 0.00300034 -0.04339661
v 0.08679746 0.00300034 -0.03658046
v 0.08462577 0.00300034 -0.03800355
v 0.08444805 0.00300034 -0.03699408
v 0.08044474 0.00300034 -0.04152798
v 0.09011231 0.00300034 -0.03965005
v 0.09380404 0.00300034 -0.03534694
v 0.08786376 0.00300034 -0.04197725
v 0.08844376 0.00300034 -0.04306878
v 0.08882433 0.00300034 -0.04693404
v 0.09483202 0.00300034 -0.04118600
v 0.09180312 0.00300034 -0.04128372
v 0.09483202 0.00300034 -0.04118600
v 0.09478894 0.00300034 -0.04313640
v 0.09259315 0.00300034 -0.04627053
v 0.09400275 0.00300034 -0.04492185
v 0.09163077 0.00300034 -0.04250769
v 0.08785790 0.00300034 -0.04194213
v 0.09122312 0.00300034 -0.04019219
v 0.08803611 0.00300034 -0.04075328
v 0.08882433 -0.00124960 -0.04693404
v 0.08882433 -0.00549954 -0.04693404
v 0.08861020 0.00300034 -0.04688153
v 0.08882433 0.00300034 -0.04693404
v 0.09478894 -0.00124960 -0.04313640
v 0.09478894 -0.00549954 -0.04313640
v 0.09400275 -0.00124960 -0.04492185
v 0.09400275 -0.00549954 -0.04492185
v 0.09400275 -0.00124960 -0.04492185
v 0.09400275 -0.00549954 -0.04492185
v 0.09259315 -0.00124960 -0.04627053
v 0.09259315 -0.00549954 -0.04627053
v 0.09077473 -0.00124960 -0.04697712
v 0.09077473 -0.00549954 -0.04697712
v 0.09478894 0.00300034 -0.04313640
v 0.09400275 0.00300034 -0.04492185
v 0.09400275 0.00300034 -0.04492185
v 0.09259315 0.00300034 -0.04627053
v 0.09077473 0.00300034 -0.04697712
v 0.08625135 -0.00549954 -0.01840003
v 0.08625135 0.01050025 -0.01840003
v 0.08190801 -0.00549954 -0.01535706
v 0.08625135 0.02650003 -0.01840003
v 0.08190801 0.02650003 -0.01535706
v 0.09146336 0.02650003 -0.02205158
v 0.09146336 0.01050025 -0.02205158
v 0.09146336 -0.00549954 -0.02205158
v 0.07781424 0.02610004 -0.03968503
v 0.07776520 0.02630004 -0.03940648
v 0.08242656 0.02610004 -0.04291644
v 0.08317996 0.02630004 -0.04320008
v 0.08306520 0.02610004 -0.04336388
v 0.08829873 0.02629960 -0.04678686
v 0.08774617 0.02616717 -0.04656142
v 0.08703888 0.02610004 -0.04614786
v 0.08861020 0.01800015 -0.04688153
v 0.08882433 0.02225009 -0.04693404
v 0.08882433 0.01800015 -0.04693404
v 0.08829873 0.02629960 -0.04678686
v 0.08774617 0.02616717 -0.04656142
v 0.08887327 0.02650003 -0.04694465
v 0.09081416 0.02650003 -0.04697002
v 0.09077473 0.02225009 -0.04697712
v 0.09478894 0.02225009 -0.04313640
v 0.09478894 0.01800015 -0.04313640
v 0.09400275 0.02225009 -0.04492185
v 0.09400275 0.01800015 -0.04492185
v 0.09400275 0.02225009 -0.04492185
v 0.09400275 0.01800015 -0.04492185
v 0.09259315 0.02225009 -0.04627053
v 0.09259315 0.01800015 -0.04627053
v 0.09077473 0.01800015 -0.04697712
v 0.09479110 0.02650003 -0.04312662
v 0.09401422 0.02650003 -0.04490542
v 0.09401422 0.02650003 -0.04490542
v 0.09261845 0.02650003 -0.04625432
v 0.09259315 0.02650003 -0.04627053
v 0.07319208 0.01250022 -0.00800706
v 0.07390371 0.01250022 -0.00788179
v 0.07319208 0.02500005 -0.00800706
v 0.07390371 0.02500005 -0.00788179
v 0.07319208 0.00000038 -0.00800706
v 0.07390371 0.00000038 -0.00788179
v 0.07319208 0.01246590 -0.00800706
v 0.07461534 0.02500005 -0.00775650
v 0.07461534 0.01250022 -0.00775650
v 0.07461534 0.00000038 -0.00775650
v 0.07272501 -0.00206648 -0.00854337
v 0.07305635 -0.00191301 -0.00841742
v 0.07301943 -0.00127465 -0.00820530
v 0.07302072 -0.00126994 -0.00820382
v 0.07468133 -0.00191301 -0.00813133
v 0.07324427 -0.00353511 -0.00948485
v 0.07241343 -0.00262627 -0.00890113
v 0.07232801 -0.00275435 -0.00899921
v 0.07166231 -0.00353535 -0.00976360
v 0.07190454 -0.00462847 -0.01139123
v 0.07352552 -0.00461896 -0.01108237
v 0.07162544 -0.00357029 -0.00980593
v 0.07324427 -0.00353511 -0.00948485
v 0.07162544 -0.00357029 -0.00980593
v 0.07486926 -0.00353511 -0.00919876
v 0.07486926 -0.00353511 -0.00919876
v 0.07515050 -0.00461896 -0.01079630
v 0.07305635 0.02691345 -0.00841742
v 0.07241343 0.02762671 -0.00890113
v 0.07272501 0.02706691 -0.00854337
v 0.07301943 0.02627508 -0.00820530
v 0.07468133 0.02691345 -0.00813133
v 0.07302072 0.02627038 -0.00820382
v 0.07385728 0.02999999 -0.01296679
v 0.07223229 0.02999999 -0.01325286
v 0.07352552 0.02961939 -0.01108237
v 0.07190454 0.02962890 -0.01139123
v 0.07324427 0.02853554 -0.00948485
v 0.07162544 0.02857072 -0.00980593
v 0.07166231 0.02853578 -0.00976360
v 0.07324427 0.02853554 -0.00948485
v 0.07166231 0.02853578 -0.00976360
v 0.07305635 0.02691345 -0.00841742
v 0.07166231 0.02853578 -0.00976360
v 0.07232801 0.02775478 -0.00899921
v 0.07305635 0.02691345 -0.00841742
v 0.07232801 0.02775478 -0.00899921
v 0.07241343 0.02762671 -0.00890113
v 0.07548226 0.02999999 -0.01268070
v 0.07515050 0.02961939 -0.01079630
v 0.07486926 0.02853554 -0.00919876
v 0.07486926 0.02853554 -0.00919876
v 0.07301943 0.02627508 -0.00820530
v 0.07320210 0.03027765 -0.00799556
v 0.07302072 0.02627038 -0.00820382
v 0.07272501 0.02706691 -0.00854337
v 0.07162544 0.03035409 -0.00980593
v 0.07166231 0.02853578 -0.00976360
v 0.07162544 0.02857072 -0.00980593
v 0.07301943 -0.00127465 -0.00820530
v 0.07320210 -0.00527722 -0.00799556
v 0.07272501 -0.00206648 -0.00854337
v 0.07302072 -0.00126994 -0.00820382
v 0.07166231 -0.00353535 -0.00976360
v 0.07241320 -0.00549773 -0.00890140
v 0.07162544 -0.00357029 -0.00980593
v 0.07232801 -0.00275435 -0.00899921
v 0.07320210 0.01246590 -0.00799556
v 0.07319208 0.01250022 -0.00800706
v 0.07319208 0.02500005 -0.00800706
v 0.07320210 0.01250022 -0.00799556
v 0.07319208 0.01246590 -0.00800706
v 0.07232801 0.02775478 -0.00899921
v 0.07241343 0.02762671 -0.00890113
v 0.07241395 0.03049812 -0.00890053
v 0.07319208 0.00000038 -0.00800706
v 0.07241343 -0.00262627 -0.00890113
v 0.07162544 -0.00535366 -0.00980593
v 0.07181899 0.03042374 -0.00958369
v 0.07121461 0.03199996 -0.02091614
v 0.07162544 0.03199996 -0.00980593
v 0.07383609 0.03199996 -0.02236265
v 0.07223229 -0.00499955 -0.01325286
v 0.07351027 -0.00699953 -0.02051198
v 0.07379274 -0.00499955 -0.02211644
v 0.07162544 -0.00699953 -0.00980593
v 0.07162544 -0.00613838 -0.00980593
v 0.07190454 -0.00462847 -0.01139123
v 0.07162544 -0.00535366 -0.00980593
v 0.07162544 0.02857072 -0.00980593
v 0.07190454 0.02962890 -0.01139123
v 0.07162544 0.03035409 -0.00980593
v 0.07379274 0.02999999 -0.02211644
v 0.07697818 0.02999999 -0.03069393
v 0.07535319 0.02999999 -0.03098001
v 0.07587334 0.03199996 -0.03393453
v 0.07535319 0.02999999 -0.03098001
v 0.07555224 0.02977163 -0.03211066
v 0.07572100 0.02912132 -0.03306917
v 0.07583374 0.02814806 -0.03370964
v 0.07587334 0.02700003 -0.03393453
v 0.07599594 0.03170707 -0.03463092
v 0.07587334 -0.00699953 -0.03393453
v 0.07599594 -0.00670664 -0.03463092
v 0.07587334 -0.00199959 -0.03393453
v 0.07583374 -0.00314764 -0.03370964
v 0.07572100 -0.00412089 -0.03306917
v 0.07555224 -0.00477120 -0.03211066
v 0.07535319 -0.00499955 -0.03098001
v 0.07383609 -0.00499955 -0.02236265
v 0.07383609 -0.00699953 -0.02236265
v 0.07587334 0.01250022 -0.03393453
v 0.07604672 0.01250022 -0.03491938
v 0.07604672 0.03099998 -0.03491938
v 0.07162544 0.03113881 -0.00980593
v 0.07223229 0.02999999 -0.01325286
v 0.07162544 0.03199996 -0.00980593
v 0.07604672 -0.00599954 -0.03491938
v 0.07162544 -0.00357029 -0.00980593
v 0.07541773 0.02999999 -0.02183036
v 0.07704271 0.02999999 -0.02154427
v 0.07686934 0.02999999 -0.02055944
v 0.07860316 0.02999999 -0.03040785
v 0.07745874 0.02814806 -0.03342355
v 0.07583374 0.02814806 -0.03370964
v 0.07734598 0.02912132 -0.03278308
v 0.07572100 0.02912132 -0.03306917
v 0.07734598 0.02912132 -0.03278308
v 0.07572100 0.02912132 -0.03306917
v 0.07717723 0.02977163 -0.03182457
v 0.07555224 0.02977163 -0.03211066
v 0.07908371 0.02814806 -0.03313746
v 0.07897097 0.02912132 -0.03249701
v 0.07897097 0.02912132 -0.03249701
v 0.07880222 0.02977163 -0.03153850
v 0.07241377 -0.00613838 -0.00890074
v 0.07320210 -0.00613838 -0.00799556
v 0.07320210 -0.00684651 -0.00799556
v 0.07241433 -0.00699822 -0.00890010
v 0.07162544 -0.00613838 -0.00980593
v 0.07162544 -0.00699953 -0.00980593
v 0.07233324 -0.00699953 -0.00899321
v 0.07320210 -0.00613838 -0.00799556
v 0.07287507 0.01250022 -0.00613794
v 0.07320210 -0.00684651 -0.00799556
v 0.07320210 -0.00527722 -0.00799556
v 0.07320210 0.01246590 -0.00799556
v 0.07320210 0.01250022 -0.00799556
v 0.07287501 -0.00591138 -0.00613762
v 0.07294076 -0.00618533 -0.00651114
v 0.07254802 0.01250021 -0.00428030
v 0.07254802 -0.00199960 -0.00428030
v 0.07259499 -0.00362304 -0.00454709
v 0.07273081 -0.00507057 -0.00531858
v 0.07280194 -0.00553509 -0.00572257
v 0.07294076 0.03118575 -0.00651114
v 0.07287501 0.03091181 -0.00613762
v 0.07320210 0.03027765 -0.00799556
v 0.07320210 0.03113881 -0.00799556
v 0.07320210 0.03184693 -0.00799556
v 0.07280194 0.03053552 -0.00572257
v 0.07273081 0.03007100 -0.00531858
v 0.07259499 0.02862347 -0.00454709
v 0.07254802 0.02700003 -0.00428030
v 0.07287501 0.03091181 -0.00613762
v 0.07182050 0.03053552 -0.00553086
v 0.07280194 0.03053552 -0.00572257
v 0.07210174 0.03161937 -0.00712838
v 0.07294076 0.03118575 -0.00651114
v 0.07320210 0.03184693 -0.00799556
v 0.07241433 0.03199865 -0.00890010
v 0.07156658 0.02700003 -0.00408859
v 0.07254802 0.02700003 -0.00428030
v 0.07163257 0.02891342 -0.00446342
v 0.07259499 0.02862347 -0.00454709
v 0.07273081 0.03007100 -0.00531858
v 0.07280194 0.03053552 -0.00572257
v 0.07182050 0.03053552 -0.00553086
v 0.07058515 0.02700003 -0.00389688
v 0.07065113 0.02891342 -0.00427171
v 0.07083905 0.03053552 -0.00533915
v 0.07083905 0.03053552 -0.00533915
v 0.07112030 0.03161937 -0.00693667
v 0.07145206 0.03199996 -0.00882108
v 0.07233324 0.03199996 -0.00899322
v 0.06428586 -0.00553451 -0.00415794
v 0.06430462 -0.00615680 -0.00499634
v 0.06441765 -0.00616621 -0.00497052
v 0.06385758 -0.00199959 -0.00267115
v 0.06381953 -0.00199959 -0.00272300
v 0.06387935 -0.00308912 -0.00279922
v 0.06391013 -0.00199959 -0.00263406
v 0.06405673 -0.00309450 -0.00274529
v 0.06403602 -0.00199959 -0.00261759
v 0.06425763 -0.00613118 -0.00502072
v 0.06404765 -0.00505889 -0.00378849
v 0.06422265 -0.00609418 -0.00505013
v 0.06398992 -0.00495603 -0.00392332
v 0.06419949 -0.00599954 -0.00511370
v 0.06428586 -0.00553451 -0.00415794
v 0.06421709 -0.00507922 -0.00373401
v 0.06430462 -0.00615680 -0.00499634
v 0.06421709 -0.00507922 -0.00373401
v 0.06404765 -0.00505889 -0.00378849
v 0.06425763 -0.00613118 -0.00502072
v 0.06388696 -0.00405908 -0.00333846
v 0.06382235 -0.00305070 -0.00297150
v 0.06380070 -0.00199959 -0.00284856
v 0.06414004 -0.00439194 -0.00325892
v 0.06411856 -0.00414490 -0.00312649
v 0.06396683 -0.00437801 -0.00331363
v 0.06387935 -0.00308912 -0.00279922
v 0.06385758 -0.00199959 -0.00267115
v 0.06396683 -0.00437801 -0.00331363
v 0.06390940 -0.00429624 -0.00346596
v 0.06404765 -0.00505889 -0.00378849
v 0.06421709 -0.00507922 -0.00373401
v 0.07365745 0.03199996 -0.03432465
v 0.07587334 0.03199996 -0.03393453
v 0.07021241 0.03199996 -0.03349599
v 0.07109754 0.03199996 -0.03061210
v 0.07103050 0.03199996 -0.03406915
v 0.07014494 0.03199996 -0.02110420
v 0.06905119 0.03199996 -0.01899059
v 0.06723389 0.03199996 -0.01658213
v 0.06573057 0.03199996 -0.00804303
v 0.06680760 0.03199996 -0.00825342
v 0.06623480 0.03199996 -0.01090708
v 0.07099491 0.03199996 -0.00890157
v 0.07053774 0.03199996 -0.00898205
v 0.06906286 0.03199996 -0.00869396
v 0.07357768 0.03199996 -0.03433869
v 0.07142562 0.03199996 -0.02761333
v 0.07118499 0.03199996 -0.02460628
v 0.07038401 0.03199996 -0.02169738
v 0.07184949 0.03199996 -0.03464294
v 0.07254802 0.01250021 -0.00428030
v 0.06829202 0.01250021 -0.00344895
v 0.06829202 -0.00199959 -0.00344895
v 0.07058515 -0.00199960 -0.00389688
v 0.07156658 -0.00199960 -0.00408859
v 0.07254802 -0.00199960 -0.00428030
v 0.06829202 0.02700003 -0.00344895
v 0.06403602 0.01250022 -0.00261759
v 0.06776615 0.02700003 -0.00334622
v 0.06403602 0.02700003 -0.00261759
v 0.06776615 -0.00199959 -0.00334622
v 0.07054516 0.03193839 -0.00818643
v 0.06717442 0.03161937 -0.00637552
v 0.06769320 0.02891342 -0.00371977
v 0.07058457 0.02777484 -0.00395830
v 0.07056150 0.03132748 -0.00643485
v 0.07055920 0.03145892 -0.00668126
v 0.06519131 0.03191072 -0.00697946
v 0.06495571 0.03180602 -0.00648655
v 0.06467672 0.03159911 -0.00583853
v 0.06441765 0.03116664 -0.00497052
v 0.06429496 0.03058748 -0.00421403
v 0.06428603 0.03053600 -0.00415905
v 0.06748540 0.03053552 -0.00478351
v 0.07057995 0.02927436 -0.00445341
v 0.07057126 0.03053553 -0.00538631
v 0.06748540 0.03053552 -0.00478351
v 0.07057119 0.03054313 -0.00539406
v 0.07057126 0.03053553 -0.00538631
v 0.06405284 0.02798795 -0.00272131
v 0.06414002 0.02939207 -0.00325875
v 0.06428603 0.03053600 -0.00415905
v 0.07066314 0.03161937 -0.00701715
v 0.07058515 0.02700003 -0.00389688
v 0.07065113 0.02891342 -0.00427171
v 0.07058457 0.02777484 -0.00395830
v 0.07066314 0.03161937 -0.00701715
v 0.07053774 0.03199996 -0.00898205
v 0.07054516 0.03193839 -0.00818643
v 0.07065113 0.02891342 -0.00427171
v 0.07057126 0.03053553 -0.00538631
v 0.07057995 0.02927436 -0.00445341
v 0.07320210 0.03113881 -0.00799556
v 0.07241377 0.03113881 -0.00890074
v 0.07320210 0.03184693 -0.00799556
v 0.07241433 0.03199865 -0.00890010
v 0.07515050 -0.00461896 -0.01079630
v 0.07548226 -0.00499955 -0.01268070
v 0.07162544 0.03113881 -0.00980593
v 0.07162544 0.03199996 -0.00980593
v 0.07233324 0.03199996 -0.00899322
v 0.07169851 0.03176522 -0.03532314
v 0.07383084 0.03099998 -0.03530949
v 0.07161494 0.03099998 -0.03569960
v 0.07378005 0.03170707 -0.03502104
v 0.07162598 0.03130314 -0.03564987
v 0.07168355 0.03170672 -0.03539049
v 0.07378005 0.03170707 -0.03502104
v 0.07168355 0.03170672 -0.03539049
v 0.07365745 0.03199996 -0.03432465
v 0.07168355 0.03170672 -0.03539049
v 0.07169851 0.03176522 -0.03532314
v 0.07604672 0.03099998 -0.03491938
v 0.07599594 0.03170707 -0.03463092
v 0.07599594 0.03170707 -0.03463092
v 0.07383084 0.01250022 -0.03530949
v 0.07161494 0.01250022 -0.03569960
v 0.07383084 -0.00599954 -0.03530949
v 0.07161494 -0.00599954 -0.03569960
v 0.07604672 0.01250022 -0.03491938
v 0.07604672 -0.00599954 -0.03491938
v 0.07378005 -0.00670664 -0.03502104
v 0.07169851 -0.00676479 -0.03532314
v 0.07168355 -0.00670629 -0.03539049
v 0.07365745 -0.00699953 -0.03432465
v 0.07357768 -0.00699953 -0.03433869
v 0.07184949 -0.00699953 -0.03464294
v 0.07378005 -0.00670664 -0.03502104
v 0.07168355 -0.00670629 -0.03539049
v 0.07162598 -0.00630272 -0.03564987
v 0.07587334 -0.00699953 -0.03393453
v 0.07599594 -0.00670664 -0.03463092
v 0.07599594 -0.00670664 -0.03463092
v 0.07383609 -0.00699953 -0.02236265
v 0.07351027 -0.00699953 -0.02051198
v 0.07121461 -0.00699953 -0.02091614
v 0.07118499 -0.00699953 -0.02460628
v 0.07038401 -0.00699953 -0.02169738
v 0.06573057 -0.00699953 -0.00804303
v 0.06623480 -0.00699953 -0.01090708
v 0.06680760 -0.00699953 -0.00825342
v 0.06905119 -0.00699953 -0.01899059
v 0.07014494 -0.00699953 -0.02110420
v 0.07142562 -0.00699953 -0.02761333
v 0.07109754 -0.00699953 -0.03061210
v 0.07020892 -0.00699953 -0.03349701
v 0.07103050 -0.00699953 -0.03406915
v 0.07162544 -0.00699953 -0.00980593
v 0.07233324 -0.00699953 -0.00899321
v 0.07145206 -0.00699953 -0.00882108
v 0.07099489 -0.00699953 -0.00890156
v 0.07053773 -0.00699953 -0.00898205
v 0.06906286 -0.00699953 -0.00869396
v 0.06723389 -0.00699953 -0.01658213
v 0.06394018 0.01250022 -0.00262233
v 0.06391013 0.02700003 -0.00263406
v 0.06385758 0.01250022 -0.00267115
v 0.06385758 0.02700003 -0.00267115
v 0.06385758 0.01250022 -0.00267115
v 0.06385758 0.02700003 -0.00267115
v 0.06380722 0.01250022 -0.00275283
v 0.06381953 0.02700003 -0.00272300
v 0.06380070 0.01250022 -0.00284856
v 0.06380070 0.02700003 -0.00284856
v 0.07287501 -0.00591138 -0.00613762
v 0.07210174 -0.00661893 -0.00712838
v 0.07294076 -0.00618533 -0.00651114
v 0.07182050 -0.00553509 -0.00553085
v 0.07280194 -0.00553509 -0.00572257
v 0.07320210 -0.00684651 -0.00799556
v 0.07241433 -0.00699822 -0.00890010
v 0.07182050 -0.00553509 -0.00553085
v 0.07280194 -0.00553509 -0.00572257
v 0.07163257 -0.00391299 -0.00446342
v 0.07273081 -0.00507057 -0.00531858
v 0.07259499 -0.00362304 -0.00454709
v 0.07083905 -0.00553509 -0.00533915
v 0.07112030 -0.00661893 -0.00693667
v 0.07057995 -0.00427392 -0.00445341
v 0.07083905 -0.00553509 -0.00533915
v 0.07054515 -0.00693796 -0.00818644
v 0.07056148 -0.00632704 -0.00643485
v 0.07055919 -0.00645848 -0.00668126
v 0.07057125 -0.00553511 -0.00538631
v 0.06769319 -0.00391299 -0.00371976
v 0.07058457 -0.00277441 -0.00395830
v 0.06717442 -0.00661893 -0.00637552
v 0.06748540 -0.00553509 -0.00478351
v 0.06428586 -0.00553451 -0.00415794
v 0.06748540 -0.00553509 -0.00478351
v 0.06488188 -0.00680228 -0.00652328
v 0.06492214 -0.00678635 -0.00641342
v 0.07020014 0.01250022 -0.02477966
v 0.06966262 0.01250022 -0.02265218
v 0.07020014 0.03099998 -0.02477966
v 0.06941498 0.03099998 -0.02196332
v 0.06882045 0.01250022 -0.02062589
v 0.06882045 0.03099998 -0.02062589
v 0.06769167 0.01250022 -0.01874415
v 0.06809841 0.03099998 -0.01935279
v 0.06630042 0.01250022 -0.01704724
v 0.06630042 0.03099998 -0.01704724
v 0.07020014 -0.00599954 -0.02477966
v 0.06941498 -0.00599954 -0.02196332
v 0.06882045 -0.00599954 -0.02062589
v 0.06809841 -0.00599954 -0.01935279
v 0.06630042 -0.00599954 -0.01704724
v 0.06412922 0.03056115 -0.00426743
v 0.06396683 0.02937848 -0.00331365
v 0.06412922 0.03056115 -0.00426743
v 0.06387526 0.02798314 -0.00277519
v 0.06390938 0.02929639 -0.00346580
v 0.06381829 0.02794843 -0.00294841
v 0.06396683 0.02937848 -0.00331365
v 0.06387526 0.02798314 -0.00277519
v 0.06425763 0.03113161 -0.00502072
v 0.06422265 0.03109461 -0.00505013
v 0.06412922 0.03056115 -0.00426743
v 0.06419949 0.03099998 -0.00511370
v 0.06407128 0.03044398 -0.00438543
v 0.06430462 0.03115722 -0.00499634
v 0.06425763 0.03113161 -0.00502072
v 0.06524995 -0.00599954 -0.01108047
v 0.06505056 0.01250022 -0.00994790
v 0.06505056 -0.00599954 -0.00994790
v 0.06524995 0.03099998 -0.01108047
v 0.06505056 0.03099998 -0.00994790
v 0.06917566 0.01250022 -0.03337899
v 0.06990373 0.01250022 -0.03130896
v 0.06917566 0.03099998 -0.03337899
v 0.07007816 0.03099998 -0.03059803
v 0.07032200 0.01250022 -0.02915487
v 0.07032200 0.03099998 -0.02915487
v 0.07042151 0.01250022 -0.02696279
v 0.07042403 0.03099998 -0.02769481
v 0.06917566 -0.00599954 -0.03337899
v 0.07007816 -0.00599954 -0.03059803
v 0.07032200 -0.00599954 -0.02915487
v 0.07042403 -0.00599954 -0.02769481
v 0.06481882 -0.00676681 -0.00656296
v 0.06553840 -0.00670664 -0.01102969
v 0.06477950 -0.00674372 -0.00649328
v 0.06427132 -0.00620548 -0.00539811
v 0.06472060 -0.00670619 -0.00638702
v 0.06553840 -0.00670664 -0.01102969
v 0.06472060 -0.00670619 -0.00638702
v 0.06657408 -0.00670712 -0.01690972
v 0.06657408 -0.00670712 -0.01690972
v 0.06634517 -0.00630560 -0.01702469
v 0.06968811 -0.00670664 -0.02185753
v 0.06834582 -0.00670664 -0.01919603
v 0.07071685 -0.00670664 -0.02770095
v 0.07036423 -0.00670664 -0.03066086
v 0.07048859 -0.00670664 -0.02472887
v 0.06834582 -0.00670664 -0.01919603
v 0.07036423 -0.00670664 -0.03066086
v 0.06922543 -0.00630560 -0.03338491
v 0.06947881 -0.00670612 -0.03341466
v 0.06968811 -0.00670664 -0.02185753
v 0.06947881 -0.00670612 -0.03341466
v 0.06954224 -0.00676252 -0.03342201
v 0.07071685 -0.00670664 -0.02770095
v 0.07048859 -0.00670664 -0.02472887
v 0.07007981 -0.00698908 -0.03357922
v 0.07062477 -0.00670664 -0.03464827
v 0.06979826 -0.00689124 -0.03375849
v 0.06956538 -0.00670606 -0.03390675
v 0.07062477 -0.00670664 -0.03464827
v 0.06956538 -0.00670606 -0.03390675
v 0.07045672 -0.00599954 -0.03488814
v 0.06946915 -0.00658169 -0.03396803
v 0.06929849 -0.00599954 -0.03407669
v 0.07162598 -0.00630272 -0.03564987
v 0.07062477 -0.00670664 -0.03464827
v 0.07045672 -0.00599954 -0.03488814
v 0.07045672 0.01250022 -0.03488814
v 0.06929849 0.01250022 -0.03407669
v 0.07045672 0.03099998 -0.03488814
v 0.06929849 0.03099998 -0.03407669
v 0.06952006 0.03158212 -0.03394695
v 0.07062477 0.03170707 -0.03464827
v 0.06979826 0.03189167 -0.03375849
v 0.07007981 0.03198950 -0.03357922
v 0.07062477 0.03170707 -0.03464827
v 0.07045672 0.03099998 -0.03488814
v 0.07168355 0.03170672 -0.03539049
v 0.07162598 0.03130314 -0.03564987
v 0.06463852 -0.00664786 -0.00603735
v 0.06422265 -0.00609418 -0.00505013
v 0.06427132 -0.00620548 -0.00539811
v 0.06463852 -0.00664786 -0.00603735
v 0.06463852 -0.00664786 -0.00603735
v 0.06481881 0.03176723 -0.00656294
v 0.06472108 0.03170694 -0.00638789
v 0.06488188 0.03180271 -0.00652327
v 0.06438791 0.03138816 -0.00545131
v 0.06449332 0.03151894 -0.00594518
v 0.06438791 0.03138816 -0.00545131
v 0.06449332 0.03151894 -0.00594518
v 0.06509541 0.03189287 -0.00703199
v 0.06952454 -0.00670564 -0.03367722
v 0.06952454 -0.00670564 -0.03367722
v 0.06923707 -0.00599954 -0.03372784
v 0.07007981 -0.00698908 -0.03357922
v 0.06956538 -0.00670606 -0.03390675
v 0.06979826 -0.00689124 -0.03375849
v 0.06956538 -0.00670606 -0.03390675
v 0.06946915 -0.00658169 -0.03396803
v 0.06929849 -0.00599954 -0.03407669
v 0.06922543 0.03130603 -0.03338491
v 0.06966062 0.03170550 -0.03389894
v 0.06920270 0.03099998 -0.03373084
v 0.06920270 0.03099998 -0.03373084
v 0.06966062 0.03170550 -0.03389894
v 0.06952006 0.03158212 -0.03394695
v 0.06952006 0.03158212 -0.03394695
v 0.06929849 0.03099998 -0.03407669
v 0.06553840 0.03170707 -0.01102969
v 0.06663027 0.03176295 -0.01688161
v 0.06657408 0.03170755 -0.01690972
v 0.06553840 0.03170707 -0.01102969
v 0.06657408 0.03170755 -0.01690972
v 0.06634517 0.03130603 -0.01702469
v 0.06472108 0.03170694 -0.00638789
v 0.06968811 0.03170707 -0.02185753
v 0.07036423 0.03170707 -0.03066086
v 0.06947832 0.03170608 -0.03341461
v 0.07071685 0.03170707 -0.02770095
v 0.06968811 0.03170707 -0.02185753
v 0.06834582 0.03170707 -0.01919603
v 0.06834582 0.03170707 -0.01919603
v 0.07048859 0.03170707 -0.02472887
v 0.07036423 0.03170707 -0.03066086
v 0.06947832 0.03170608 -0.03341461
v 0.07048859 0.03170707 -0.02472887
v 0.07071685 0.03170707 -0.02770095
v 0.06929849 0.01250022 -0.03407669
v 0.06923707 0.01250022 -0.03372784
v 0.07383609 -0.00699953 -0.02236265
v 0.07379274 -0.00499955 -0.02211644
v 0.07351027 -0.00699953 -0.02051198
v 0.07057125 -0.00553511 -0.00538631
v 0.07486926 -0.00353511 -0.00919876
v 0.07468133 -0.00191301 -0.00813133
v 0.08160295 0.02650003 -0.03933724
v 0.09122312 0.00300034 -0.04019219
v 0.07383609 -0.00499955 -0.02236265
f 1 2 3
f 4 5 6
f 7 8 9
f 10 11 12
f 12 11 13
f 6 5 14
f 15 16 17
f 8 18 19
f 8 19 20
f 8 20 21
f 8 21 22
f 8 22 11
f 18 6 14
f 18 14 23
f 18 23 24
f 18 24 25
f 18 25 26
f 8 7 27
f 4 28 5
f 28 4 29
f 30 31 32
f 33 34 35
f 18 17 6
f 22 36 37
f 22 21 36
f 18 26 38
f 11 10 8
f 39 40 41
f 42 43 44
f 42 44 38
f 45 37 36
f 46 25 47
f 16 48 49
f 16 49 17
f 8 27 50
f 8 50 15
f 44 43 51
f 51 43 45
f 51 45 52
f 52 45 36
f 29 53 28
f 53 29 54
f 53 54 55
f 55 54 47
f 18 15 17
f 18 8 15
f 56 57 58
f 59 60 61
f 62 63 64
f 65 66 67
f 63 62 68
f 69 70 71
f 72 69 71
f 72 71 61
f 72 61 60
f 72 60 73
f 74 75 56
f 73 67 76
f 73 76 77
f 73 77 78
f 73 78 68
f 73 68 62
f 65 67 73
f 79 80 81
f 82 83 84
f 85 73 62
f 85 62 86
f 85 86 87
f 63 68 88
f 63 88 89
f 61 90 91
f 61 91 59
f 72 92 93
f 72 93 94
f 72 94 95
f 72 95 96
f 72 96 69
f 97 93 92
f 97 92 98
f 73 60 99
f 73 99 100
f 101 73 100
f 101 100 75
f 101 75 74
f 102 103 104
f 105 106 107
f 85 108 73
f 109 66 65
f 110 111 89
f 89 111 109
f 109 111 66
f 110 89 88
f 56 58 74
f 91 90 57
f 57 90 58
f 112 113 114
f 115 116 117
f 118 119 120
f 121 122 123
f 124 125 126
f 127 128 129
f 130 131 132
f 133 134 135
f 136 137 138
f 139 140 141
f 142 143 144
f 145 146 147
f 148 149 150
f 151 152 153
f 154 155 156
f 157 158 159
f 160 161 162
f 163 164 165
f 166 167 168
f 169 170 171
f 172 173 174
f 175 176 177
f 178 179 180
f 181 182 183
f 184 185 186
f 187 188 189
f 190 191 192
f 193 194 195
f 196 197 198
f 199 200 201
f 202 203 204
f 205 206 207
f 208 209 210
f 211 212 213
f 214 215 216
f 215 214 217
f 215 217 212
f 211 213 218
f 211 218 219
f 214 216 220
f 219 218 221
f 213 212 217
f 218 222 223
f 222 214 223
f 223 214 220
f 221 218 223
f 224 225 226
f 227 228 229
f 230 231 232
f 233 234 235
f 236 237 238
f 239 240 241
f 242 243 244
f 245 246 247
f 248 249 250
f 251 252 253
f 254 255 256
f 256 257 254
f 258 259 260
f 258 260 261
f 260 259 262
f 254 263 264
f 254 264 255
f 265 263 259
f 258 265 259
f 257 256 262
f 262 256 260
f 263 254 266
f 263 266 259
f 267 268 269
f 270 271 272
f 273 274 275
f 276 277 278
f 279 280 281
f 282 283 284
f 285 286 287
f 288 289 290
f 291 292 293
f 294 295 296
f 297 298 299
f 300 301 302
f 303 304 305
f 306 307 308
f 309 310 311
f 312 313 314
f 315 316 317
f 318 319 320
f 321 322 323
f 324 325 326
f 327 328 329
f 330 331 332
f 333 334 335
f 336 337 338
f 339 340 341
f 342 343 344
f 345 346 347
f 348 349 350
f 351 352 353
f 354 355 356
f 357 358 359
f 360 361 362
f 363 364 365
f 366 367 368
f 369 370 371
f 369 372 373
f 372 369 374
f 374 375 376
f 376 377 374
f 369 373 370
f 378 375 379
f 376 375 378
f 380 374 381
f 378 382 370
f 369 381 374
f 375 374 380
f 382 371 370
f 378 379 382
f 383 384 385
f 386 387 388
f 389 390 391
f 392 393 394
f 395 396 397
f 398 399 400
f 401 402 403
f 404 405 406
f 407 408 409
f 410 411 412
f 413 414 415
f 416 417 418
f 419 420 421
f 422 423 424
f 425 426 427
f 427 428 425
f 429 430 431
f 429 431 432
f 431 430 433
f 425 434 435
f 425 435 426
f 436 437 438
f 436 438 430
f 429 436 430
f 439 427 433
f 433 427 431
f 434 438 437
f 427 439 428
f 434 425 440
f 434 440 438
f 441 442 443
f 444 445 446
f 447 448 449
f 450 451 452
f 453 454 455
f 448 447 456
f 448 456 457
f 446 445 458
f 446 458 459
f 446 459 441
f 442 441 459
f 442 459 460
f 442 460 461
f 442 461 462
f 463 464 465
f 455 466 467
f 455 467 468
f 455 468 469
f 455 469 470
f 455 470 453
f 466 459 467
f 471 472 466
f 471 466 473
f 459 466 472
f 459 472 474
f 459 474 460
f 475 476 462
f 475 462 461
f 477 478 479
f 477 479 475
f 475 479 476
f 471 473 477
f 471 477 475
f 466 455 480
f 466 480 481
f 466 481 482
f 466 482 473
f 453 483 454
f 456 447 484
f 450 485 486
f 450 486 451
f 485 450 463
f 487 459 488
f 487 488 489
f 459 458 490
f 459 490 488
f 485 463 487
f 487 463 465
f 487 465 459
f 459 465 467
f 478 477 491
f 491 477 492
f 491 492 483
f 483 492 454
f 456 484 493
f 493 484 452
f 493 452 494
f 452 451 494
f 445 444 495
f 495 444 448
f 448 444 449
f 457 456 488
f 488 456 489
f 496 497 498
f 499 500 501
f 502 503 504
f 505 506 507
f 508 506 505
f 509 502 504
f 504 503 510
f 511 512 513
f 514 515 516
f 517 518 514
f 517 514 519
f 520 514 521
f 520 521 499
f 522 523 514
f 514 507 506
f 514 506 524
f 514 524 525
f 514 525 522
f 526 527 528
f 529 530 531
f 514 532 533
f 514 533 519
f 534 514 518
f 534 518 535
f 534 535 536
f 534 536 537
f 534 537 538
f 536 535 539
f 540 541 542
f 543 544 545
f 519 543 546
f 519 546 547
f 519 547 517
f 548 549 550
f 548 550 551
f 548 551 515
f 514 516 552
f 514 552 521
f 514 520 553
f 514 553 510
f 514 510 503
f 514 503 507
f 534 554 511
f 534 511 514
f 554 555 556
f 554 556 511
f 514 511 515
f 511 513 515
f 515 513 548
f 557 558 523
f 557 523 522
f 545 559 558
f 545 558 557
f 545 544 559
f 499 501 520
f 550 549 500
f 500 549 501
f 560 561 562
f 563 564 565
f 566 567 568
f 569 570 571
f 572 573 574
f 575 576 577
f 578 579 580
f 581 582 583
f 584 585 586
f 587 588 589
f 590 591 592
f 593 594 595
f 596 597 598
f 598 597 599
f 600 601 602
f 603 604 605
f 606 607 608
f 609 610 611
f 612 613 614
f 615 616 617
f 618 619 620
f 621 622 623
f 624 625 626
f 627 628 629
f 630 631 632
f 633 634 635
f 636 637 638
f 639 640 641
f 642 643 644
f 645 646 647
f 648 649 650
f 651 652 653
f 654 655 656
f 657 658 659
f 658 657 652
f 651 653 660
f 651 660 661
f 662 663 664
f 657 659 665
f 666 667 668
f 669 660 670
f 661 660 669
f 653 652 671
f 670 672 673
f 657 671 652
f 672 674 673
f 675 676 677
f 669 670 673
f 678 679 680
f 681 682 683
f 684 685 686
f 687 688 689
f 690 691 692
f 693 694 695
f 696 697 698
f 699 700 701
f 702 703 704
f 705 706 707
f 708 709 710
f 711 712 713
f 714 715 716
f 717 718 719
f 720 721 722
f 722 723 724
f 722 724 720
f 725 726 723
f 725 723 727
f 720 728 729
f 720 729 721
f 730 728 726
f 725 730 726
f 731 723 732
f 728 733 734
f 723 731 724
f 723 726 732
f 728 720 733
f 728 734 726
f 735 736 737
f 738 739 740
f 741 742 743
f 744 745 746
f 747 748 749
f 750 751 752
f 753 754 755
f 756 757 758
f 759 760 761
f 762 763 764
f 765 766 767
f 768 769 770
f 771 772 773
f 774 775 776
f 777 778 779
f 780 781 782
f 783 784 785
f 786 787 788
f 789 790 791
f 792 793 794
f 795 796 797
f 798 799 800
f 801 802 803
f 804 805 806
f 807 808 809
f 810 811 812
f 813 814 815
f 816 817 818
f 819 820 821
f 822 823 824
f 825 826 827
f 828 829 830
f 831 832 833
f 834 835 836
f 837 838 839
f 837 840 841
f 840 837 842
f 840 842 835
f 834 836 843
f 834 843 844
f 837 841 838
f 844 843 845
f 836 835 842
f 846 839 838
f 846 847 839
f 843 847 845
f 845 847 846
f 848 849 850
f 851 852 853
f 854 855 856
f 857 858 859
f 860 861 862
f 863 864 865
f 866 867 868
f 869 870 871
f 872 873 874
f 875 876 877
f 878 879 880
f 881 882 883
f 884 885 886
f 886 887 888
f 886 888 884
f 889 890 887
f 889 887 891
f 884 892 893
f 884 893 885
f 894 895 890
f 889 894 890
f 892 896 895
f 895 896 897
f 887 898 888
f 898 887 890
f 892 884 896
f 895 897 890
f 899 900 901
f 900 902 901
f 903 904 905
f 903 906 904
f 907 905 908
f 905 907 903
f 903 907 909
f 910 911 912
f 912 911 913
f 914 915 916
f 917 918 919
f 919 918 920
f 921 922 923
f 924 925 926
f 927 928 929
f 930 931 932
f 933 934 935
f 933 935 936
f 937 938 933
f 939 940 941
f 942 939 941
f 943 944 945
f 946 947 948
f 949 950 951
f 952 953 954
f 955 956 957
f 958 959 960
f 961 962 963
f 964 965 966
f 967 968 969
f 967 969 970
f 971 972 969
f 971 969 968
f 973 974 975
f 976 977 978
f 979 980 981
f 982 983 984
f 985 986 987
f 988 989 986
f 986 989 987
f 990 991 992
f 992 991 993
f 993 991 994
f 995 996 997
f 995 998 996
f 999 1000 1001
f 1002 1003 1004
f 1005 1006 1007
f 1008 1009 1010
f 1011 1012 1013
f 1014 1015 1016
f 1017 1018 1019
f 1020 1021 1022
f 1023 1024 1025
f 1026 1027 1028
f 1029 1030 1031
f 1032 1033 1034
f 1035 1036 1037
f 1038 1039 1040
f 1041 1042 1043
f 1044 1045 1046
f 1047 1048 1049
f 1050 1051 1052
f 1053 1054 1055
f 1056 1057 1058
f 1059 1060 1061
f 1062 1063 1064
f 1065 1066 1067
f 1068 1069 1070
f 1071 1072 1073
f 1074 1075 1076
f 1077 1078 1079
f 1080 1081 1082
f 1083 1084 1085
f 1083 1085 1086
f 1087 1088 1089
f 1090 1091 1092
f 1090 1093 1091
f 1093 1087 1089
f 1087 1094 1088
f 1087 1095 1096
f 1087 1096 1094
f 1090 1087 1093
f 1087 1090 1097
f 1098 1099 1100
f 1098 1101 1099
f 1102 1103 1104
f 1105 1100 1099
f 1106 1102 1104
f 1106 1104 1107
f 1106 1108 1102
f 1109 1108 1106
f 1099 1106 1110
f 1106 1099 1101
f 1106 1101 1109
f 1109 1101 1111
f 1109 1111 1112
f 1110 1106 1107
f 1113 1114 1115
f 1116 1107 1117
f 1118 1119 1120
f 1118 1121 1122
f 1123 1124 1125
f 1118 1126 1127
f 1120 1128 1121
f 1120 1121 1118
f 1129 1130 1131
f 1131 1132 1129
f 1133 1134 1135
f 1136 1137 1138
f 1139 1140 1141
f 1142 1143 1144
f 1145 1146 1147
f 1148 1149 1150
f 1151 1152 1153
f 1154 1155 1156
f 1157 1158 1159
f 1160 1161 1162
f 1160 1162 1163
f 1164 1165 1166
f 1167 1168 1169
f 1170 1171 1150
f 1170 1150 1149
f 1172 1173 1174
f 1175 1176 1177
f 1178 1179 1180
f 1181 1182 1183
f 1184 1185 1186
f 1187 1188 1189
f 1190 1191 1192
f 1193 1194 1195
f 1196 1197 1198
f 1199 1200 1201
f 1202 1203 1204
f 1205 1206 1207
f 1208 1209 1210
f 1211 1212 1213
f 1214 1215 1216
f 1217 1218 1219
f 1220 1221 1222
f 1223 1224 1225
f 1226 1227 1228
f 1229 1230 1231
f 1232 1233 1234
f 1235 1236 1237
f 1238 1239 1240
f 1241 1242 1243
f 1244 1245 1246
f 1247 1248 1249
f 1250 1251 1252
f 1253 1254 1255
f 1256 1257 1258
f 1259 1260 1261
f 1262 1263 1264
f 1265 1266 1267
f 1268 1269 1270
f 1271 1272 1273
f 1274 1275 1276
f 1277 1278 1279
f 1280 1281 1282
f 1280 1282 1283
f 1284 1285 1286
f 1287 1288 1289
f 1290 1291 1292
f 1293 1294 1295
f 1296 1297 1298
f 1299 1300 1301
f 1302 1303 1304
f 1305 1306 1307
f 1308 1309 1310
f 1311 1312 1313
f 1314 1315 1316
f 1317 1318 1319
f 1320 1321 1322
f 1323 1324 1325
f 1326 1327 1328
f 1329 1330 1331
f 1332 1333 1334
f 1335 1336 1337
f 1338 1339 1340
f 1341 1342 1343
f 1344 1345 1346
f 1347 1348 1349
f 1350 1351 1352
f 1353 1354 1355
f 1356 1357 1358
f 1359 1360 1361
f 1362 1363 1364
f 1365 1366 1367
f 1368 1369 1370
f 1371 1372 1373
f 1374 1375 1376
f 1377 1378 1379
f 1380 1381 1382
f 1383 1384 1385
f 1386 1387 1388
f 1389 1390 1391
f 1392 1393 1394
f 1395 1396 1397
f 1398 1399 1400
f 1401 1402 1403
f 1404 1405 1406
f 1407 1408 1409
f 1410 1407 1411
f 1412 1413 1414
f 1415 1416 1417
f 1418 1419 1420
f 1421 1422 1423
f 1424 1425 1426
f 1427 1428 1429
f 1430 1431 1432
f 1433 1434 1435
f 1436 1437 1438
f 1439 1440 1441
f 1442 1443 1444
f 1445 1446 1447
f 1448 1449 1450
f 1451 1452 1453
f 1454 1455 1456
f 1457 1458 1459
f 1460 1461 1462
f 1463 1464 1465
f 1466 1467 1468
f 1469 1470 1471
f 1472 1473 1474
f 1475 1476 1477
f 1478 1479 1480
f 1481 1482 1483
f 1484 1485 1486
f 1487 1488 1489
f 1490 1491 1492
f 1493 1494 1495
f 1496 1497 1498
f 1499 1500 1501
f 1502 1503 1504
f 1505 1506 1507
f 1508 1509 1510
f 1511 1512 1513
f 1514 1515 1516
f 1517 1518 1519
f 1520 1521 1522
f 1523 1524 1525
f 1526 1527 1528
f 1524 1523 1529
f 1530 1531 1532
f 1531 1533 1532
f 1534 1535 1536
f 1537 1538 1539
f 1530 1532 1540
f 1541 1537 1542
f 1543 1544 1545
f 1546 1529 1523
f 1529 1546 1547
f 1548 1543 1545
f 1548 1549 1543
f 1550 1549 1548
f 1551 1552 1553
f 1554 1555 1556
f 1557 1558 1559
f 1560 1561 1562
f 1551 1563 1564
f 1562 1565 1560
f 1539 1566 1537
f 1567 1560 1565
f 1568 1569 1570
f 1571 1572 1573
f 1574 1575 1576
f 1577 1578 1579
f 1578 1577 1580
f 1581 1582 1583
f 1579 1578 1584
f 1585 1580 1586
f 1581 1586 1580
f 1587 1579 1584
f 1580 1585 1578
f 1588 1589 1590
f 1583 1591 1592
f 1587 1590 1593
f 1593 1590 1594
f 1588 1590 1587
f 1583 1592 1581
f 1588 1586 1581
f 1588 1581 1589
f 1587 1593 1579
f 1595 1596 1597
f 1597 1596 1598
f 1599 1600 1601
f 1601 1600 1602
f 1603 1604 1605
f 1606 1607 1608
f 1609 1610 1611
f 1612 1613 1614
f 1615 1616 1617
f 1618 1619 1620
f 1621 1622 1623
f 1621 1623 1624
f 1625 1626 1627
f 1628 1629 1630
f 1628 1630 1631
f 1628 1631 1622
f 1632 1633 1634
f 1628 1635 1629
f 1618 1620 1636
f 1637 1638 1639
f 1640 1641 1642
f 1643 1644 1645
f 1646 1647 1648
f 1646 1648 1649
f 1650 1629 1651
f 1650 1651 1647
f 1652 1653 1654
f 1598 1655 1597
f 1597 1655 1656
f 1655 1598 1657
f 1655 1657 1658
f 1659 1656 1660
f 1660 1656 1655
f 1661 1662 1663
f 1664 1665 1666
f 1667 1668 1669
f 1670 1671 1672
f 1673 1674 1675
f 1674 1676 1677
f 1678 1679 1680
f 1679 1678 1681
f 1674 1682 1676
f 1677 1676 1683
f 1677 1683 1684
f 1677 1684 1679
f 1685 1679 1686
f 1685 1686 1687
f 1685 1687 1688
f 1685 1688 1689
f 1685 1689 1675
f 1674 1673 1690
f 1674 1690 1682
f 1675 1689 1691
f 1675 1691 1673
f 1685 1692 1679
f 1679 1681 1677
f 1677 1681 1693
f 1679 1692 1680
f 1694 1695 1696
f 1694 1697 1698
f 1694 1696 1697
f 1699 1700 1701
f 1702 1703 1704
f 1698 1705 1694
f 1706 1707 1708
f 1708 1707 1709
f 1710 1711 1712
f 1712 1711 1713
f 1714 1715 1716
f 1717 1718 1719
f 1720 1721 1722
f 1721 1720 1723
f 1724 1725 1726
f 1727 1728 1729
f 1730 1731 1732
f 1733 1734 1735
f 1736 1737 1738
f 1739 1740 1741
f 1742 1743 1744
f 1745 1746 1747
f 1748 1749 1750
f 1751 1752 1753
f 1754 1755 1756
f 1757 1758 1759
f 1760 1761 1762
f 1763 1760 1762
f 1764 1765 1766
f 1767 1768 1769
f 1770 1771 1772
f 1773 1774 1775
f 1776 1777 1778
f 1779 1780 1781
f 1782 1783 1784
f 1784 1783 1785
f 1786 1787 1788
f 1789 1790 1791
f 1792 1793 1794
f 1795 1796 1797
f 1798 1799 1800
f 1801 1802 1803
f 1804 1805 1806
f 1807 1808 1809
f 1810 1811 1812
f 1813 1814 1815
f 1816 1817 1818
f 1819 1820 1821
f 1822 1823 1824
f 1825 1826 1827
f 1828 1829 1830
f 1831 1832 1833
f 1834 1835 1836
f 1837 1838 1839
f 1840 1841 1842
f 1843 1844 1845
f 1846 1847 1848
f 1849 1850 1851
f 1852 1853 1854
f 1855 1856 1857
f 1855 1857 1858
f 1859 1860 1861
f 1862 1863 1864
f 1865 1866 1867
f 1868 1869 1870
f 1871 1872 1873
f 1874 1875 1876
f 1877 1878 1879
f 1880 1881 1882
f 1883 1884 1885
f 1886 1887 1888
f 1889 1890 1891
f 1892 1890 1889
f 1893 1894 1895
f 1896 1897 1898
f 1899 1900 1901
f 1902 1903 1904
f 1905 1906 1907
f 1908 1909 1910
f 1911 1912 1913
f 1914 1915 1916
f 1917 1918 1919
f 1920 1918 1917
f 1918 1920 1915
f 1915 1920 1916
f 1921 1922 1923
f 1923 1922 1924
f 1925 1921 1926
f 1926 1921 1923
f 1927 1928 1929
f 1930 1931 1932
f 1933 1934 1935
f 1933 1935 1936
f 1937 1938 1939
f 1940 1941 1942
f 1943 1944 1945
f 1946 1947 1948
f 1949 1950 1951
f 1952 1953 1954
f 1955 1956 1957
f 1958 1959 1960
f 1961 1962 1963
f 1956 1964 1965
f 1966 1956 1967
f 1966 1967 1948
f 1966 1948 1947
f 1942 1941 1968
f 1942 1968 1956
f 1969 1970 1971
f 1972 1973 1974
f 1975 1976 1977
f 1978 1979 1980
f 1981 1982 1983
f 1984 1985 1986
f 1987 1988 1989
f 1990 1991 1992
f 1993 1994 1995
f 1996 1997 1998
f 1996 1998 1999
f 1996 1999 2000
f 1998 1997 2001
f 2002 1998 2003
f 2003 1998 2001
f 2004 2005 2006
f 2007 2008 2009
f 2010 2011 2012
f 2013 2014 2015
f 2016 2017 2018
f 2019 2020 2021
f 2022 2023 2024
f 2025 2026 2027
f 2028 2017 2016
f 2029 2030 2031
f 2032 2033 2034
f 2035 2036 2037
f 2035 2037 2038
f 2039 2040 2041
f 2042 2043 2044
f 2045 2046 2047
f 2048 2049 2050
f 2051 2052 2053
f 2054 2055 2056
f 2057 2058 2059
f 2060 2061 2062
f 2063 2064 2065
f 2063 2065 2066
f 2063 2066 2067
f 2068 2069 2070
f 2071 2072 2073
f 2074 2075 2076
f 2077 2078 2079
f 2080 2076 2081
f 2082 2083 2084
f 2085 2086 2087
f 2088 2089 2090
f 2091 2092 2093
f 2094 2095 2096
f 2097 2098 2099
f 2100 2101 2102
f 2103 2104 2105
f 2102 2106 2107
f 2102 2107 2108
f 2106 2102 2109
f 2109 2102 2101
f 2110 2111 2112
f 2113 2114 2115
f 2116 2117 2118
f 2119 2120 2121
f 2122 2123 2124
f 2125 2126 2127
f 2128 2129 2130
f 2131 2132 2133
f 2134 2135 2136
f 2137 2138 2139
f 2140 2141 2142
f 2143 2144 2145
f 2143 2145 2146
f 2147 2148 2149
f 2150 2151 2152
f 2153 2154 2155
f 2156 2157 2158
f 2159 2160 2161
f 2162 2163 2164
f 2165 2166 2167
f 2168 2169 2170
f 2171 2172 2173
f 2174 2175 2176
f 2177 2178 2179
f 2180 2181 2182
f 2183 2184 2185
f 2186 2187 2188
f 2189 2190 2191
f 2192 2193 2194
f 2195 2196 2197
f 2198 2199 2200
f 2201 2202 2203
f 2204 2205 2206
f 2207 2208 2209
f 2210 2211 2212
f 2213 2214 2215
f 2216 2217 2218
f 2219 2220 955
f 2221 2222 2223
f 2224 2225 2226
f 2227 2228 2229
f 2230 2231 2232
f 2233 2234 2235
f 2236 2237 2238
f 2239 2240 2241
f 2242 2243 2244
f 2245 2246 2247
f 2248 2249 2250
f 2251 2252 2253
f 2254 2255 2256
f 2257 2258 2259
f 2260 2261 2262
f 2263 2264 2265
f 2265 2264 2266
f 2267 2268 2269
f 2270 2271 2272
f 2273 2274 2275
f 2276 2277 2278
f 2279 2280 2281
f 2282 2283 2284
f 2283 2282 2285
f 2286 2287 2288
f 2288 2287 2289
f 2290 2291 2292
f 2293 2291 2290
f 2294 2295 2296
f 2296 2295 2297
f 2298 2299 2300
f 2301 2302 2303
f 2304 2305 2306
f 2307 2308 2309
f 2310 2311 2312
f 2313 2314 2315
f 2316 2317 2318
f 2319 2320 2321
f 2322 2323 2324
f 2325 2326 2327
f 2328 2329 2330
f 2331 2332 2333
f 2334 2335 2336
f 2337 2338 2339
f 2337 2339 2340
f 2341 2338 2337
f 2338 2342 2339
f 2343 2344 2345
f 2346 2347 2348
f 2349 2350 2351
f 2352 2353 2354
f 2355 2356 2357
f 2358 2359 2360
f 2361 2362 2363
f 2364 2365 2366
f 2367 2368 2369
f 2370 2371 2372
f 2373 2374 2375
f 2376 2377 2378
f 2379 2380 2381
f 2382 2383 2384
f 2385 2383 2382
f 2385 2382 2386
f 2383 2387 2384
f 2385 2388 2383
f 2389 2390 2391
f 2392 2393 2394
f 2395 2396 2397
f 2398 2395 2399
f 2400 2401 2398
f 2402 2403 2396
f 2398 2399 2404
f 2398 2404 2405
f 2398 2405 2400
f 2395 2397 2399
f 2406 2407 2408
f 2409 2410 2411
f 2412 2413 2414
f 2415 2416 2417
f 2418 2419 2420
f 2421 2422 2423
f 2424 2425 2426
f 2426 2427 2424
f 2425 2428 2426
f 2426 2428 2429
f 2430 2431 2432
f 2433 2434 2435
f 2436 2437 2438
f 2439 2440 2441
f 2442 2443 2444
f 2445 2446 2439
f 2447 2448 2449
f 2450 2451 2452
f 2453 2454 2455
f 2456 2457 2458
f 2459 2460 2461
f 2462 2463 2464
f 2465 2466 2467
f 2468 2469 2470
f 2471 2472 2473
f 2474 2475 2476
f 2477 2478 2479
f 2480 2481 2482
f 2483 2484 2485
f 2486 2487 2488
f 2489 2490 2491
f 2492 2493 2494
f 2495 2496 2497
f 2498 2499 2500
f 2501 2502 2503
f 2504 2505 2506
f 2507 2508 2509
f 2510 2511 2512
f 2513 2514 2515
f 2516 2517 2518
f 2519 2520 2521
f 2522 2523 2524
f 2525 2526 2527
f 2527 2526 2528
f 2529 2530 2531
f 2531 2527 2532
f 2531 2532 2533
f 2531 2533 2529
f 2534 2535 2536
f 2531 2534 2536
f 2531 2536 2527
f 2537 2535 2538
f 2527 2528 2532
f 2532 2528 2539
f 2535 2534 2538
f 2540 2541 2542
f 2543 2544 2545
f 2546 2547 2548
f 2549 2550 2547
f 2546 2551 2549
f 2546 2549 2547
f 2547 2552 2548
f 2553 2554 2555
f 2556 2557 2558
f 2559 2560 2561
f 2562 2563 2564
f 2563 2559 2561
f 2559 2563 2562
f 2558 2565 2559
f 2566 2567 2557
f 2558 2562 2556
f 2558 2559 2562
f 2557 2556 2566
f 2568 2569 2570
f 2571 2572 2573
f 2574 2575 2576
f 2577 2578 2579
f 2580 2581 2582
f 2582 2581 2583
f 2584 2585 2586
f 2582 2587 2580
f 2588 2589 2590
f 2591 2592 2593
f 2594 2595 2596
f 2597 2598 2599
f 2600 2601 2602
f 2603 2604 2605
f 2606 2604 2603
f 2607 2608 2609
f 2610 2611 2612
f 2613 2614 2615
f 2616 2617 2618
f 2619 2620 2621
f 2622 2623 2624
f 2625 2626 2627
f 2628 2625 2627
f 2629 2630 2631
f 2632 2629 2631
f 2633 2634 2635
f 2636 2634 2633
f 2637 2638 2639
f 2640 2641 2642
f 2643 2644 2645
f 2646 2647 2648
f 2649 2650 2651
f 2652 2653 2654
f 2655 2656 2657
f 2658 2659 2660
f 2661 2662 2663
f 2664 2665 2666
f 2667 2668 2669
f 2670 2671 2672
f 2673 2674 2675
f 2676 2673 2677
f 2677 2673 2675
f 2678 2679 2680
f 2681 2682 2683
f 2684 2685 2686
f 2687 2688 2689
f 2690 2691 2692
f 2693 2694 2695
f 2696 2697 2698
f 2691 2699 2700
f 2701 2702 2703
f 2704 2705 2706
f 2707 2708 2709
f 2710 2711 2712
f 2713 2714 2715
f 2716 2717 2718
f 2719 2720 2721
f 2722 2723 2724
f 2724 2723 2725
f 2726 2727 2728
f 2729 2730 2731
f 2732 2733 2734
f 2735 2736 2737
f 2738 2739 2740
f 2741 2742 2743
f 2744 2745 2746
f 2747 2748 2749
f 2750 2751 2752
f 2753 2754 2755
f 2756 2757 2758
f 2759 2760 2761
f 2762 2763 2764
f 2765 2766 2767
f 2768 2769 2770
f 2771 2772 2773
f 2774 2775 2776
f 2777 2778 2779
f 2780 2781 2782
f 2783 2784 2785
f 2786 2787 2788
f 2789 2790 2791
f 2792 2793 2794
f 2795 2796 2797
f 2798 2799 2800
f 2801 2802 2803
f 2803 2804 2801
f 2805 2806 2807
f 2808 2809 2810
f 2811 2812 2813
f 2814 2815 2816
f 2817 2818 2819
f 2820 2821 2822
f 2823 2824 2825
f 2826 2827 2828
f 2829 2830 2831
f 2832 2833 2834
f 2835 2836 2837
f 2838 2839 2840
f 2841 2842 2843
f 2844 2845 2846
f 2847 2848 2849
f 2850 2851 2852
f 2852 2851 2853
f 2850 2852 2854
f 2855 2850 2856
f 2851 2850 2855
f 2857 2858 2859
f 2858 2860 2859
f 2861 2862 2863
f 2863 2864 2861
f 2865 2866 2867
f 2868 2869 2870
f 2871 2872 2873
f 2873 2872 2874
f 2875 2876 2877
f 2878 2877 2876
f 2879 2880 2881
f 2882 2883 2884
f 2885 2886 2887
f 2888 2889 2890
f 2891 2892 2893
f 2893 2892 2894
f 2893 2894 2895
f 2893 2895 2896
f 2897 2898 2899
f 2893 2900 2901
f 2902 2903 2904
f 2904 2903 2905
f 2906 2907 2908
f 2909 2910 2911
f 2912 2913 2914
f 2915 2916 2917
f 2918 2919 2920
f 2921 2922 2923
f 2924 2925 2926
f 2927 2928 2929
f 2930 2931 2932
f 2933 2934 2935
f 2936 2937 2935
f 2933 2935 2937
f 2935 2934 2938
f 2939 2940 2941
f 2942 2943 2944
f 2942 2944 2945
f 2944 2943 2946
f 2947 2944 2946
f 2948 2949 2950
f 2951 2952 2945
f 2953 2954 2949
f 2953 2949 2955
f 2953 2955 2956
f 2953 2956 2957
f 2953 2957 2958
f 2942 2945 2952
f 2942 2952 2959
f 2942 2959 2960
f 2942 2960 2961
f 2942 2961 2962
f 2963 2964 2950
f 2965 2966 2967
f 2967 2968 2965
f 2969 2970 2971
f 2942 2972 2943
f 2973 2956 2974
f 2974 2956 2955
f 2974 2955 2975
f 2975 2955 2949
f 2975 2949 2948
f 2944 2976 2945
f 2977 2945 2976
f 2951 2945 2977
f 2978 2979 2980
f 2981 2980 2979
f 2982 2980 2981
f 2983 2984 2985
f 2979 2985 2984
f 2986 2985 2979
f 2977 2976 2987
f 2988 2987 2976
f 2989 2990 2991
f 2992 2944 2947
f 2986 2979 2978
f 2991 2979 2989
f 2989 2979 2984
f 2988 2993 2994
f 2995 2996 2997
f 2993 2976 2944
f 2993 2944 2992
f 2998 2981 2991
f 2991 2981 2979
f 2999 3000 3001
f 3002 3003 3004
f 3005 3006 2997
f 3000 2999 3007
f 3008 2999 3001
f 3009 3010 3011
f 3009 3011 3012
f 3009 3012 3013
f 3009 3013 3006
f 3009 3006 3005
f 3014 3015 3011
f 3011 3015 3016
f 3011 3016 3012
f 3014 3011 3003
f 3003 3011 2999
f 3003 2999 3004
f 3011 3010 2999
f 2999 3010 3017
f 2999 3017 3007
f 3018 3019 3020
f 3021 3022 3023
f 3024 3025 3019
f 3024 3019 3018
f 3024 3018 3026
f 3022 3021 3027
f 3022 3027 3028
f 3022 3028 3029
f 3022 3029 3030
f 3022 3030 3031
f 3022 3031 3032
f 3033 3034 3035
f 3036 3018 3037
f 3038 3032 3039
f 3040 3037 3018
f 3040 3018 3041
f 3041 3018 3020
f 3041 3020 3042
f 3038 3043 3032
f 3032 3043 3022
f 3043 3044 3022
f 3022 3044 3023
f 3019 3045 3020
f 3045 3019 3046
f 3046 3019 3025
f 3047 3045 3048
f 3045 3047 3020
f 3020 3047 3042
f 3049 3050 3051
f 3052 3053 3045
f 3045 3053 3054
f 3055 3056 3057
f 3056 3055 3058
f 3058 3055 3059
f 3058 3060 3056
f 3045 3046 3061
f 3045 3061 3052
f 3052 3061 3062
f 3050 3063 3064
f 3050 3064 3058
f 3058 3064 3065
f 3058 3065 3060
f 3060 3065 3066
f 3048 3045 3067
f 3045 3054 3067
f 3058 3059 3050
f 3050 3059 3068
f 3050 3068 3051
f 2956 3069 2957
f 3069 2956 3070
f 3070 2956 2973
f 3056 3070 3057
f 3070 3056 3069
f 3069 3056 3060
f 2957 3069 2958
f 2958 3069 3071
f 3069 3060 3071
f 3071 3060 3066
f 3072 3073 3074
f 3073 3072 3075
f 3075 3072 3076
f 3010 3077 3017
f 3077 3010 3078
f 3078 3010 3009
f 3079 3080 3081
f 3080 3079 3077
f 3077 3079 3082
f 3078 3083 3077
f 3077 3083 3080
f 3083 3078 3075
f 3075 3078 3073
f 3017 3077 3084
f 3084 3077 3085
f 3078 3009 3073
f 3073 3009 3005
f 3073 3005 3086
f 3086 3005 3087
f 3088 3089 3090
f 3091 3089 3092
f 3093 3094 3095
f 3096 3089 3097
f 3089 3098 3099
f 3089 3099 3100
f 3089 3100 3101
f 3089 3101 3102
f 3089 3102 3103
f 3092 3089 3103
f 3104 3089 3091
f 3089 3104 3105
f 3106 3089 3105
f 3107 3108 3109
f 3109 3108 3094
f 3109 3094 3093
f 3110 3107 3111
f 3111 3107 3109
f 3111 3109 3112
f 3112 3109 3093
f 3113 3114 3115
f 3114 3113 3116
f 3116 3113 3117
f 3118 3119 3120
f 3121 3122 3123
f 3122 3121 3124
f 3124 3121 3125
f 3093 3095 3126
f 3127 3116 3128
f 3116 3127 3129
f 3106 3097 3089
f 3130 3131 3132
f 3133 3134 3135
f 3133 3135 3136
f 3136 3135 3137
f 3093 3138 3112
f 3138 3093 3126
f 3107 3139 3108
f 3139 3107 3140
f 3140 3107 3110
f 3134 3141 3142
f 3143 3129 3144
f 3144 3145 3143
f 3146 3147 3148
f 3148 3149 3146
f 3150 3146 3149
f 3149 3151 3150
f 3130 3150 3151
f 3131 3130 3151
f 3152 3130 3132
f 3153 3129 3143
f 3153 3143 3154
f 3147 3146 3155
f 3119 3155 3146
f 3146 3150 3119
f 3156 3150 3130
f 3150 3156 3119
f 3156 3130 3157
f 3130 3152 3157
f 3158 3157 3152
f 3136 3137 3159
f 3159 3137 3160
f 3161 3162 3163
f 3138 3126 3164
f 3164 3126 3165
f 3166 3167 3168
f 3168 3167 3134
f 3168 3134 3142
f 3141 3134 3133
f 3163 3162 3169
f 3169 3162 3170
f 3117 3169 3170
f 3117 3170 3116
f 3116 3170 3128
f 3129 3127 3144
f 3140 3123 3139
f 3139 3123 3122
f 3139 3122 3171
f 3172 3173 3152
f 3172 3152 3132
f 3114 3116 3174
f 3174 3116 3175
f 3175 3116 3129
f 3175 3129 3153
f 3173 3158 3152
f 3176 3177 3178
f 3179 3180 3181
f 3179 3181 3182
f 3179 3182 3177
f 3179 3177 3176
f 3182 3181 3183
f 3182 3183 3184
f 3182 3184 3185
f 3182 3185 3186
f 3180 3187 3181
f 3181 3187 3188
f 3181 3188 3189
f 3183 3181 3190
f 3190 3181 3189
f 3190 3189 3191
f 3192 3193 3194
f 3194 3193 3195
f 3193 3196 3195
f 3195 3196 3197
f 3198 3199 3192
f 3192 3199 3193
f 3199 3200 3193
f 3193 3200 3196
f 3201 3202 3203
f 3202 3201 3204
f 3205 3202 3206
f 3202 3205 3207
f 3207 3205 3208
f 3209 3210 3211
f 3210 3209 3212
f 3213 3214 3215
f 3216 3202 3217
f 3202 3216 3218
f 3213 3215 3206
f 3214 3213 3219
f 3202 3204 3220
f 3210 3212 3221
f 3210 3221 3222
f 3210 3222 3223
f 3210 3223 3202
f 3202 3218 3213
f 3202 3213 3206
f 3220 3210 3202
f 3224 3210 3225
f 3202 3207 3203
f 3202 3223 3226
f 3202 3226 3227
f 3202 3227 3228
f 3202 3228 3217
f 3210 3229 3230
f 3210 3230 3211
f 3194 3195 3231
f 3232 3233 3234
f 3235 3236 3234
f 3232 3234 3236
f 3237 3234 3233
f 3238 3239 3240
f 3241 3240 3239
f 3242 3240 3241
f 3243 3244 3197
f 3197 3231 3195
f 3245 3246 3236
f 3245 3236 3241
f 3245 3241 3247
f 3245 3247 3231
f 3245 3231 3197
f 3245 3197 3244
f 3241 3236 3242
f 3242 3236 3235
f 3232 3236 3248
f 3248 3236 3246
f 2995 3249 3250
f 2995 3250 3251
f 2995 3251 2996
f 2995 2997 3006
f 3252 3253 3254
f 3254 3253 3249
f 3254 3249 2995
f 3013 3255 3006
f 3006 3255 2995
f 3255 3256 2995
f 2995 3256 3254
f 3257 3258 3254
f 3259 3260 3261
f 3262 3263 3264
f 3265 3266 3267
f 3257 3267 3266
f 3268 3261 3269
f 3269 3261 3270
f 3271 3272 3262
f 3262 3264 3271
f 3273 3267 3274
f 3274 3267 3257
f 3275 3274 3257
f 3252 3254 3258
f 3276 3277 3278
f 3278 3277 3279
f 3280 3259 3261
f 3261 3260 3270
f 3270 3260 3281
f 3270 3281 3262
f 3262 3281 3282
f 3262 3282 3263
f 3283 3284 3285
f 3285 3284 3264
f 3285 3264 3263
f 3284 3283 3286
f 3286 3283 3287
f 3288 3289 3290
f 3290 3289 3291
f 3290 3291 3292
f 3265 3267 3293
f 3293 3267 3292
f 3293 3292 3291
f 3294 3276 3295
f 3295 3276 3278
f 3268 3280 3261
f 3262 3272 3270
f 3270 3272 3296
f 3270 3296 3269
f 3284 3297 3264
f 3264 3297 3298
f 3264 3298 3271
f 3297 3284 3299
f 3299 3284 3286
f 3300 3288 3301
f 3301 3288 3290
f 3301 3290 3292
f 3267 3273 3292
f 3292 3273 3302
f 3292 3302 3301
f 3303 3304 3305
f 3254 3275 3257
f 3306 3307 3308
f 3309 3310 3311
f 3308 3312 3313
f 3243 3314 3244
f 3244 3314 3306
f 3244 3306 3308
f 3315 3316 3313
f 3313 3316 3308
f 3316 3245 3308
f 3308 3245 3244
f 3317 3318 3319
f 3318 3320 3321
f 3322 3323 3318
f 3324 3320 3318
f 3324 3318 3323
f 3321 3325 3318
f 3318 3325 3326
f 3318 3326 3327
f 3322 3318 3328
f 3328 3318 3329
f 3330 3318 3331
f 3331 3318 3327
f 3331 3327 3332
f 3330 3319 3318
f 3317 3329 3318
f 3333 3334 3335
f 3336 3118 3337
f 3158 3334 3333
f 3119 3118 3336
f 3125 3338 3339
f 3125 3339 3340
f 3125 3340 3124
f 3341 3342 3340
f 3341 3340 3339
f 3341 3339 3343
f 3339 3338 3344
f 3339 3344 3345
f 3339 3345 3346
f 3343 3339 3347
f 3347 3339 3346
f 3348 3120 3349
f 3349 3120 3333
f 3349 3333 3335
f 3120 3348 3118
f 3350 3351 3352
f 3352 3351 3353
f 3352 3353 3354
f 3354 3353 3355
f 3356 3336 3337
f 3120 3156 3333
f 3333 3156 3157
f 3333 3157 3158
f 3120 3119 3156
f 3351 3175 3353
f 3353 3175 3153
f 3353 3153 3355
f 3355 3153 3154
f 3336 3155 3119
f 3357 3358 3359
f 3360 3361 3362
f 3362 3363 3360
f 3364 3365 3366
f 3367 3364 3368
f 3369 3370 3371
f 3369 3371 3372
f 3369 3372 3373
f 3115 3114 3372
f 3115 3372 3371
f 3115 3371 3374
f 3372 3114 3174
f 3372 3174 3175
f 3372 3175 3351
f 3365 3364 3367
f 3360 3375 3376
f 3360 3376 3377
f 3360 3377 3378
f 3360 3378 3361
f 3373 3372 3350
f 3350 3372 3351
f 3379 3380 3381
f 3381 3380 3357
f 3381 3357 3359
f 3380 3379 3361
f 3362 3361 3379
f 3347 3346 3382
f 3382 3346 3364
f 3382 3364 3366
f 3374 3371 3383
f 3384 3358 3357
f 3384 3357 3385
f 3380 3386 3357
f 3357 3386 3385
f 3386 3380 3387
f 3387 3380 3361
f 3387 3361 3378
f 3364 3346 3368
f 3368 3346 3345
f 3368 3345 3344
f 3388 3389 3390
f 3391 3390 3392
f 3393 3388 3390
f 3390 3389 3394
f 3394 3389 3395
f 3394 3395 3396
f 3394 3396 3397
f 3398 3392 3390
f 3390 3391 3399
f 3390 3399 3400
f 3390 3400 3401
f 3390 3401 3402
f 3394 3403 3404
f 3394 3404 3398
f 3348 3337 3118
f 3394 3398 3390
f 3390 3402 3405
f 3405 3393 3390
f 3405 3402 3406
f 3407 3408 3409
f 3409 3408 3410
f 3408 3327 3410
f 3410 3327 3326
f 3411 3412 3407
f 3407 3412 3408
f 3412 3332 3408
f 3408 3332 3327
f 3413 3407 3409
f 3407 3413 3414
f 3414 3413 3415
f 3414 3415 3416
f 3416 3415 3417
f 3411 3407 3418
f 3418 3407 3414
f 3418 3414 3419
f 3419 3414 3416
f 3420 3238 3421
f 3421 3238 3240
f 3421 3240 3422
f 3422 3240 3242
f 3423 3420 3424
f 3424 3420 3421
f 3424 3421 3425
f 3425 3421 3422
f 3426 3427 3428
f 3429 3428 3427
f 3430 3428 3429
f 3431 3429 3432
f 3427 3432 3429
f 3433 3432 3427
f 3434 3435 3436
f 3437 3434 3436
f 3438 3436 3435
f 3439 3440 3441
f 3437 3440 3439
f 3437 3439 3434
f 3430 3429 3442
f 3430 3442 3443
f 3430 3443 3444
f 3430 3444 3445
f 3430 3445 3446
f 3430 3446 3447
f 3434 3439 3431
f 3431 3439 3442
f 3431 3442 3429
f 3014 3448 3015
f 3448 3014 3449
f 3449 3014 3003
f 3232 3450 3451
f 3450 3232 3248
f 3003 3002 3449
f 3449 3002 3452
f 3449 3452 3453
f 3453 3452 3454
f 3455 3456 3457
f 3457 3456 3458
f 3457 3458 3233
f 3233 3458 3237
f 3448 3449 3459
f 3459 3449 3453
f 3460 3455 3451
f 3451 3455 3457
f 3451 3457 3232
f 3232 3457 3233
f 3021 3461 3027
f 3461 3021 3462
f 3462 3021 3023
f 3044 3463 3023
f 3023 3463 3462
f 3463 3464 3462
f 3462 3464 3465
f 3462 3465 3466
f 3467 3461 3466
f 3466 3461 3462
f 3468 3469 3470
f 3469 3468 3471
f 3471 3468 3472
f 3469 2985 2986
f 3469 2986 3473
f 2978 3473 2986
f 3470 3469 3474
f 3474 3469 3473
f 2985 3469 2983
f 2983 3469 3471
f 3241 3239 3475
f 3475 3239 3476
f 3475 3476 3477
f 3477 3476 3478
f 3479 3231 3475
f 3475 3231 3247
f 3475 3247 3241
f 3477 3480 3475
f 3475 3480 3479
f 3481 3482 3483
f 3482 3481 3304
f 3484 3304 3485
f 3304 3484 3486
f 3486 3484 3487
f 3488 3485 3304
f 3488 3489 3485
f 3490 3491 3492
f 3493 3492 3491
f 3304 3303 3482
f 3304 3494 3495
f 3304 3495 3305
f 3496 3494 3486
f 3486 3494 3304
f 3485 3489 3497
f 3497 3489 3498
f 3497 3498 3499
f 3499 3498 3500
f 3499 3500 3501
f 3499 3501 3502
f 3502 3501 3503
f 3502 3503 3504
f 3504 3503 3491
f 3504 3491 3505
f 3505 3491 3490
f 3506 3507 3508
f 3506 3508 3509
f 3508 3507 3510
f 3508 3510 3511
f 3508 3511 3512
f 3508 3512 3513
f 3508 3513 3514
f 3508 3514 3515
f 3508 3515 3516
f 3517 3518 3519
f 3519 3518 3509
f 3519 3509 3508
f 3516 3520 3508
f 3508 3520 3521
f 3508 3521 3522
f 3523 3524 3522
f 3522 3524 3519
f 3522 3519 3508
f 3525 3526 3527
f 3526 3525 3528
f 3528 3525 3529
f 3530 3531 3532
f 3531 3530 3533
f 3534 3535 3536
f 3535 3534 3537
f 3537 3534 3538
f 3539 3540 3541
f 3540 3539 3542
f 3543 3536 3535
f 3536 3543 3531
f 3544 3540 3542
f 3540 3544 3545
f 3545 3544 3546
f 3547 3528 3529
f 3548 3549 3533
f 3533 3549 3550
f 3545 3546 3551
f 3552 3551 3546
f 3552 3546 3553
f 3547 3529 3538
f 3538 3529 3537
f 3550 3536 3533
f 3533 3536 3531
f 3553 3546 3528
f 3528 3546 3526
f 3554 3555 3556
f 3556 3555 3557
f 3556 3557 3558
f 3558 3557 3559
f 3560 3561 3562
f 3562 3561 3563
f 3562 3563 3564
f 3564 3563 3565
f 3566 3554 3567
f 3567 3554 3556
f 3567 3556 3568
f 3568 3556 3558
f 3569 3560 3570
f 3570 3560 3562
f 3570 3562 3571
f 3571 3562 3564
f 3572 3573 3574
f 3575 3573 3572
f 3572 3576 3577
f 3572 3577 3578
f 3572 3578 3579
f 3572 3579 3580
f 3572 3580 3581
f 3572 3581 3582
f 3572 3582 3575
f 3574 3583 3572
f 3572 3583 3584
f 3572 3584 3585
f 3585 3586 3572
f 3572 3586 3571
f 3572 3571 3564
f 3565 3587 3564
f 3564 3587 3576
f 3564 3576 3572
f 3588 3589 3590
f 3591 3588 3592
f 3589 3588 3591
f 3588 3593 3594
f 3593 3588 3595
f 3588 3594 3596
f 3597 3598 3599
f 3588 3590 3600
f 3588 3600 3601
f 3588 3602 3592
f 3603 3604 3601
f 3601 3604 3605
f 3601 3605 3606
f 3606 3605 3607
f 3601 3606 3588
f 3588 3606 3595
f 3608 3603 3609
f 3609 3603 3601
f 3609 3601 3610
f 3610 3601 3600
f 3611 3117 3113
f 3612 3613 3614
f 3614 3613 3615
f 3614 3615 3616
f 3611 3614 3617
f 3617 3614 3616
f 3611 3618 3614
f 3614 3618 3555
f 3614 3555 3619
f 3619 3555 3554
f 3619 3554 3566
f 3611 3617 3117
f 3117 3617 3620
f 3117 3620 3169
f 3113 3115 3611
f 3611 3115 3621
f 3611 3621 3618
f 3522 3521 3622
f 3622 3521 3623
f 3622 3623 3624
f 3624 3623 3625
f 3626 3627 3628
f 3628 3627 3629
f 3628 3629 3615
f 3615 3629 3616
f 3523 3522 3630
f 3630 3522 3622
f 3630 3622 3631
f 3631 3622 3624
f 3632 3626 3633
f 3633 3626 3628
f 3633 3628 3613
f 3613 3628 3615
f 3634 3635 3636
f 3635 3634 3637
f 3637 3634 3638
f 3639 3640 3641
f 3640 3639 3642
f 3642 3639 3643
f 3644 3645 3646
f 3645 3644 3647
f 3648 3646 3645
f 3646 3648 3649
f 3650 3640 3642
f 3640 3650 3651
f 3651 3650 3652
f 3645 3647 3653
f 3636 3635 3654
f 3636 3654 3655
f 3656 3641 3657
f 3657 3641 3640
f 3646 3649 3658
f 3646 3658 3659
f 3651 3652 3655
f 3655 3652 3660
f 3655 3660 3636
f 3659 3658 3661
f 3661 3658 3662
f 3661 3662 3663
f 3661 3663 3637
f 3637 3663 3635
f 3664 3665 3666
f 3664 3666 3121
f 3664 3121 3123
f 3664 3123 3140
f 3665 3667 3666
f 3666 3667 3668
f 3669 3670 3668
f 3668 3670 3666
f 3670 3125 3666
f 3666 3125 3121
f 3671 3672 3673
f 3672 3671 3674
f 3675 3676 3677
f 3673 3672 3678
f 3673 3678 3679
f 3673 3679 3680
f 3673 3680 3681
f 3673 3681 3682
f 3673 3682 3675
f 3673 3675 3677
f 3673 3677 3683
f 3684 3676 3675
f 3684 3675 3685
f 3684 3685 3686
f 3684 3686 3687
f 3684 3687 3688
f 3684 3688 3689
f 3690 3691 3692
f 3692 3691 3693
f 3692 3693 3694
f 3694 3693 3695
f 3694 3695 3696
f 3696 3695 3697
f 3696 3697 3674
f 3674 3697 3672
f 3698 3699 3700
f 3700 3699 3701
f 3700 3701 3702
f 3702 3701 3703
f 3703 3701 3704
f 3703 3704 3705
f 3705 3706 3703
f 3703 3706 3707
f 3707 3706 3708
f 3708 3706 3709
f 3708 3709 3688
f 3688 3709 3710
f 3688 3710 3689
f 3711 3712 3713
f 3712 3711 3714
f 3714 3711 3715
f 3716 3717 3718
f 3718 3717 3714
f 3718 3714 3719
f 3719 3714 3715
f 3714 3717 3712
f 3712 3717 3720
f 3712 3720 3721
f 3722 3723 3724
f 3725 3724 3723
f 3726 3727 3728
f 3728 3727 3713
f 3728 3713 3712
f 3727 3726 3729
f 3729 3726 3730
f 3729 3730 3731
f 3730 3723 3731
f 3731 3723 3722
f 3723 3732 3725
f 3733 3734 3735
f 3733 3735 3736
f 3726 3728 3737
f 3737 3728 3712
f 3737 3712 3721
f 3737 3738 3726
f 3726 3738 3739
f 3726 3739 3730
f 3740 3723 3741
f 3741 3723 3730
f 3741 3730 3739
f 3740 3742 3723
f 3723 3742 3732
f 3743 3744 3734
f 3734 3744 3735
f 3745 3746 3747
f 3748 3747 3746
f 3749 3747 3748
f 3750 3749 3748
f 3749 3750 3751
f 3751 3750 3752
f 3751 3752 3753
f 3753 3752 3718
f 3753 3718 3719
f 3754 3748 3755
f 3755 3748 3746
f 3755 3746 3756
f 3757 3748 3754
f 3748 3757 3750
f 3750 3757 3758
f 3750 3758 3752
f 3752 3758 3716
f 3752 3716 3718
f 3746 3745 3759
f 3759 3745 3760
f 3759 3760 3614
f 3614 3760 3612
f 3756 3746 3761
f 3761 3746 3759
f 3761 3759 3619
f 3619 3759 3614
f 3055 3762 3059
f 3059 3762 3763
f 3057 3070 3055
f 3055 3070 3762
f 3762 2974 3763
f 3763 2974 2975
f 3070 2973 3762
f 3762 2973 2974
f 2950 2975 2948
f 2975 2950 2964
f 3059 3763 3764
f 3059 3764 3049
f 3059 3049 3051
f 3059 3051 3068
f 3764 3588 3049
f 3049 3588 3596
f 3049 3596 3765
f 3588 3764 3602
f 3602 3764 2964
f 3602 2964 3766
f 3764 3763 2964
f 2964 3763 2975
f 3677 3767 3683
f 3767 3677 3768
f 3768 3677 3676
f 3466 3769 3467
f 3769 3466 3770
f 3770 3466 3465
f 3771 3772 3773
f 3771 3773 3774
f 3770 3465 3464
f 3770 3464 3775
f 3770 3775 3776
f 3770 3776 3777
f 3770 3777 3778
f 3676 3684 3768
f 3768 3684 3779
f 3768 3779 3780
f 3768 3780 3773
f 3773 3780 3781
f 3773 3781 3782
f 3778 3783 3770
f 3770 3783 3784
f 3770 3784 3769
f 3767 3768 3785
f 3785 3768 3773
f 3785 3773 3772
f 3463 3775 3464
f 3775 3463 3786
f 3786 3463 3044
f 3787 3777 3776
f 3777 3787 3788
f 3788 3787 3789
f 3775 3786 3776
f 3790 3787 3786
f 3786 3787 3776
f 3791 3792 3793
f 3793 3792 3794
f 3793 3794 3518
f 3518 3794 3509
f 3795 3791 3796
f 3796 3791 3793
f 3796 3793 3797
f 3518 3517 3793
f 3793 3517 3798
f 3793 3798 3797
f 3799 3800 3801
f 3800 3799 3802
f 3802 3799 3803
f 3474 3801 3470
f 3804 3805 3806
f 3804 3806 3807
f 3804 3807 3808
f 3804 3808 3809
f 3804 3809 3810
f 3801 3800 3470
f 3470 3800 3468
f 3806 3805 3811
f 3811 3805 3812
f 3802 3813 3800
f 3800 3813 3814
f 3800 3814 3815
f 3472 3468 3815
f 3815 3468 3800
f 3816 3812 3817
f 3817 3812 3805
f 3817 3805 3818
f 3818 3805 3804
f 3819 3820 3821
f 3822 3821 3820
f 3823 3824 3825
f 3816 3825 3824
f 3826 3827 3828
f 3829 3828 3827
f 3830 3828 3829
f 3831 3819 3832
f 3833 3832 3819
f 3834 3816 3835
f 3836 3835 3816
f 3837 3838 3839
f 3840 3839 3838
f 3841 3839 3840
f 3819 3811 3812
f 3819 3812 3833
f 3816 3824 3836
f 3819 3831 3842
f 3819 3842 3843
f 3819 3843 3844
f 3819 3844 3820
f 3816 3834 3845
f 3816 3845 3846
f 3816 3846 3833
f 3816 3833 3812
f 3826 3847 3827
f 3827 3847 3848
f 3849 3838 3837
f 3837 3850 3849
f 3849 3850 3851
f 3850 3822 3851
f 3851 3822 3820
f 3823 3830 3824
f 3824 3830 3829
f 3852 3813 3853
f 3813 3852 3814
f 3852 3853 3854
f 3815 3814 3855
f 3815 3855 2983
f 3815 2983 3471
f 3815 3471 3472
f 3856 3857 3858
f 3858 3857 3859
f 3858 3859 3860
f 3584 3583 3861
f 3861 3583 3858
f 3861 3858 3860
f 3814 3852 3855
f 3855 3852 3862
f 3863 3856 3864
f 3864 3856 3858
f 3864 3858 3574
f 3574 3858 3583
f 3865 3866 3867
f 3866 3865 3603
f 3603 3865 3604
f 3667 3867 3668
f 3668 3867 3866
f 3668 3866 3669
f 3669 3866 3868
f 3603 3608 3866
f 3866 3608 3869
f 3866 3869 3868
f 3870 3871 3872
f 3873 3870 3872
f 2959 2952 3874
f 2951 3871 2952
f 2952 3871 3870
f 2952 3870 3874
f 3048 3875 3047
f 3876 3877 3878
f 3879 3878 3877
f 3047 3875 3042
f 3042 3875 3877
f 3042 3877 3876
f 3573 3575 3880
f 3872 3871 3881
f 3873 3882 3883
f 3884 3883 3882
f 2951 3881 3871
f 3573 3864 3574
f 3864 3880 3863
f 3864 3573 3880
f 3582 3880 3575
f 3862 3885 3855
f 3886 3887 3888
f 3889 3886 3888
f 3873 3872 3890
f 3873 3890 3882
f 3891 3892 2990
f 3891 2990 2989
f 3891 2989 2984
f 3891 2984 2983
f 3891 2983 3855
f 3891 3855 3885
f 3863 3880 3893
f 3893 3880 3582
f 3894 3895 3896
f 2951 2977 3881
f 3881 2977 2987
f 3881 2987 3897
f 3882 3890 3887
f 3887 3890 3898
f 3887 3898 3888
f 3862 3894 3885
f 3885 3894 3896
f 3885 3896 3899
f 3872 3881 3890
f 3890 3881 3897
f 3890 3897 3898
f 3899 3892 3891
f 3899 3891 3885
f 3039 3900 3038
f 3901 3038 3900
f 3043 3038 3901
f 3510 3507 3902
f 3901 3786 3044
f 3878 3903 3904
f 3904 3876 3878
f 3786 3905 3790
f 3902 3506 3794
f 3792 3902 3794
f 3506 3902 3507
f 3906 3510 3902
f 3794 3506 3509
f 3907 3908 3909
f 3910 3911 3912
f 3913 3910 3912
f 3914 3915 3916
f 3906 3902 3792
f 3879 3908 3907
f 3879 3907 3903
f 3879 3903 3878
f 3040 3041 3917
f 3917 3041 3904
f 3041 3042 3904
f 3904 3042 3876
f 3044 3043 3901
f 3786 3901 3905
f 3905 3901 3900
f 3905 3900 3918
f 3919 3917 3904
f 3919 3904 3903
f 3907 3911 3903
f 3903 3911 3910
f 3903 3910 3919
f 3790 3905 3916
f 3916 3905 3918
f 3916 3918 3914
f 3096 3920 3089
f 3920 3921 3089
f 3921 3090 3089
f 3922 3089 3088
f 3923 3089 3922
f 3924 3089 3923
f 3089 3924 3098
f 3210 3220 3225
f 2988 2976 2993
f 3257 3266 3258
f 3254 3256 3275
f 3925 3926 3927
f 3926 3925 3928
f 3929 3926 3928
f 3926 3929 3930
f 3930 3929 3931
f 3932 3933 3931
f 3933 3932 3934
f 3934 3932 3935
f 3936 3934 3935
f 3936 3935 3937
f 3938 3933 3939
f 3933 3938 3930
f 3930 3938 3940
f 3941 3934 3942
f 3934 3941 3939
f 3939 3941 3943
f 3944 3945 3946
f 3947 3948 3949
f 3948 3947 3950
f 3945 3944 3943
f 3943 3944 3939
f 3939 3944 3951
f 3927 3926 3952
f 3950 3953 3954
f 3950 3954 3948
f 3936 3953 3950
f 3934 3950 3942
f 3931 3933 3930
f 3939 3933 3934
f 3955 3956 3957
f 3957 3956 3958
f 3956 3959 3958
f 3958 3959 3960
f 3957 3958 3961
f 3961 3958 3962
f 3958 3960 3962
f 3962 3960 3963
f 3964 3965 3966
f 3966 3965 3967
f 3965 3968 3967
f 3967 3968 3969
f 3966 3967 3970
f 3970 3967 3971
f 3967 3969 3971
f 3971 3969 3972
f 3973 3974 3975
f 3975 3974 3976
f 3974 3977 3976
f 3976 3977 3978
f 3975 3976 3979
f 3979 3976 3980
f 3976 3978 3980
f 3980 3978 3981
f 3982 3983 3984
f 3985 3986 3987
f 3988 3989 3990
f 3983 3982 3991
f 3927 3937 3992
f 3927 3992 3993
f 3927 3993 3994
f 3927 3994 3987
f 3927 3987 3986
f 3935 3982 3984
f 3935 3984 3995
f 3935 3995 3996
f 3935 3996 3992
f 3935 3992 3937
f 3985 3997 3986
f 3986 3997 3998
f 3986 3998 3999
f 3999 3998 3988
f 3999 3988 3990
f 3991 3982 3989
f 3989 3982 4000
f 3989 4000 3990
f 3999 3990 4001
f 4001 3990 4002
f 4001 4002 4003
f 4003 4002 4004
f 3990 4000 4002
f 4002 4000 4005
f 4002 4005 4004
f 4004 4005 4006
f 4007 4008 4009
f 4009 4008 4010
f 4009 4010 4011
f 4012 4013 4014
f 4015 4016 4017
f 4018 4019 4020
f 4013 4012 4021
f 4022 4023 4024
f 4025 4026 4027
f 4028 4029 4030
f 4030 4029 4031
f 4030 4031 4032
f 4033 4007 4034
f 4034 4007 4009
f 4034 4009 4011
f 4013 4035 4036
f 4036 4035 4037
f 4038 4039 4040
f 4035 4013 4041
f 4041 4013 4021
f 4042 4043 4044
f 4029 4045 4031
f 4031 4045 4046
f 4031 4046 4032
f 4047 4007 4033
f 4007 4047 4048
f 4048 4047 4049
f 4050 4051 4052
f 4051 4050 4029
f 4029 4050 4045
f 4029 4028 4051
f 4051 4028 4053
f 4051 4053 4054
f 4055 4056 4057
f 4057 4056 4058
f 4057 4058 4059
f 4056 4055 4060
f 4061 4062 4063
f 4060 4064 4065
f 4008 4007 4066
f 4066 4007 4048
f 4066 4048 4067
f 4052 4051 4054
f 4056 3988 4058
f 4058 3988 3998
f 4054 4068 4052
f 3988 4056 3989
f 3989 4056 4060
f 4069 4067 4049
f 4048 4049 4067
f 4070 4071 4072
f 4070 4072 4073
f 4070 4073 4074
f 4064 4055 4065
f 4065 4055 4074
f 4065 4074 4073
f 4055 4057 4074
f 4074 4057 4059
f 4074 4059 4075
f 4074 4075 4070
f 4070 4075 4076
f 4070 4076 4077
f 4078 4079 4080
f 4079 4078 4081
f 4082 4083 4084
f 4083 4082 4085
f 4085 4086 4087
f 4088 4089 4090
f 4090 4091 4088
f 4091 4080 4088
f 4079 4081 4092
f 4079 4092 4093
f 4079 4093 4094
f 4079 4094 4083
f 4083 4085 4087
f 4083 4094 4095
f 4083 4095 4096
f 4083 4096 4097
f 4083 4097 4084
f 4079 4088 4080
f 4098 4087 4086
f 4098 4086 4099
f 4098 4099 4100
f 4098 4100 4101
f 4098 4101 4102
f 4098 4102 4089
f 4098 4089 4088
f 4098 4088 4103
f 4088 4079 4104
f 4104 4079 4105
f 4103 4088 4106
f 4106 4088 4104
f 4107 4108 4109
f 4110 4111 4112
f 4113 4114 4115
f 4115 4114 4116
f 4117 4118 4109
f 4117 4109 4119
f 4120 4111 4110
f 4121 4122 4123
f 4113 4115 4124
f 4125 4124 4115
f 4126 4127 4118
f 4118 4127 4107
f 4118 4107 4109
f 4128 4122 4129
f 4129 4122 4110
f 4129 4110 4112
f 4122 4128 4113
f 4113 4128 4130
f 4113 4130 4114
f 4131 4132 4133
f 4133 4132 4134
f 4133 4134 4135
f 4136 4126 4137
f 4137 4126 4118
f 4137 4118 4117
f 4122 4121 4110
f 4110 4121 4138
f 4110 4138 4120
f 4123 4122 4139
f 4139 4122 4113
f 4139 4113 4124
f 4132 4140 4134
f 4134 4140 4141
f 4134 4141 4135
f 4142 4143 4144
f 4145 4146 4147
f 4148 4149 4150
f 4150 4149 4151
f 4152 4153 4144
f 4152 4144 4154
f 4155 4146 4145
f 4156 4157 4150
f 4148 4150 4157
f 4148 4157 4158
f 4148 4158 4159
f 4148 4159 4160
f 4148 4160 4161
f 4132 4131 4153
f 4153 4131 4142
f 4153 4142 4144
f 4162 4161 4163
f 4163 4161 4145
f 4163 4145 4147
f 4161 4162 4148
f 4148 4162 4164
f 4148 4164 4149
f 4127 4126 4165
f 4165 4126 4166
f 4165 4166 4167
f 4140 4132 4168
f 4168 4132 4153
f 4168 4153 4152
f 4161 4160 4145
f 4145 4160 4169
f 4145 4169 4155
f 4126 4136 4166
f 4166 4136 4170
f 4166 4170 4167
f 4171 4172 4173
f 4174 4173 4172
f 4175 4173 4174
f 4176 4177 4178
f 4179 4178 4177
f 4180 4178 4179
f 4181 4182 4183
f 4181 4183 4179
f 4181 4179 4177
f 4181 4177 4184
f 4181 4184 4185
f 4181 4185 4174
f 4181 4174 4172
f 4181 4172 4186
f 4171 4187 4172
f 4172 4187 4186
f 4176 4188 4177
f 4177 4188 4184
f 4188 4189 4184
f 4184 4189 4185
f 4189 4175 4185
f 4185 4175 4174
f 4190 4191 4182
f 4182 4191 4183
f 4191 4180 4183
f 4183 4180 4179
f 4192 4193 4194
f 4195 4194 4193
f 4196 4194 4195
f 4197 4198 4199
f 4200 4199 4198
f 4201 4199 4200
f 4181 4186 4202
f 4181 4202 4200
f 4181 4200 4198
f 4181 4198 4203
f 4181 4203 4204
f 4181 4204 4195
f 4181 4195 4193
f 4181 4193 4182
f 4192 4190 4193
f 4193 4190 4182
f 4197 4205 4198
f 4198 4205 4203
f 4205 4206 4203
f 4203 4206 4204
f 4206 4196 4204
f 4204 4196 4195
f 4187 4207 4186
f 4186 4207 4202
f 4207 4201 4202
f 4202 4201 4200
f 4208 4188 4209
f 4188 4208 4189
f 4189 4208 4210
f 4211 4205 4212
f 4205 4211 4206
f 4206 4211 4213
f 4214 4215 4209
f 4216 4217 4218
f 4199 4218 4217
f 4197 4212 4205
f 4219 4220 4191
f 4219 4191 4190
f 4219 4190 4192
f 4219 4192 4221
f 4222 4223 4171
f 4222 4171 4173
f 4222 4173 4224
f 4197 4199 4212
f 4212 4199 4217
f 4212 4217 4216
f 4178 4214 4176
f 4176 4214 4209
f 4176 4209 4188
f 4218 4199 4225
f 4225 4199 4201
f 4225 4201 4226
f 4226 4201 4207
f 4226 4207 4223
f 4223 4207 4187
f 4223 4187 4171
f 4206 4213 4196
f 4196 4213 4227
f 4196 4227 4194
f 4194 4227 4228
f 4194 4228 4229
f 4230 4224 4231
f 4231 4224 4173
f 4231 4173 4175
f 4231 4175 4210
f 4210 4175 4189
f 4178 4180 4214
f 4214 4180 4232
f 4214 4232 4215
f 4191 4220 4180
f 4180 4220 4233
f 4180 4233 4232
f 4194 4229 4192
f 4192 4229 4221
f 4234 4235 4236
f 4237 4238 4239
f 4238 4143 4142
f 4240 4241 4235
f 4240 4235 4234
f 4235 4147 4236
f 4242 4243 4244
f 4244 4149 4164
f 4244 4164 4241
f 4245 4243 4242
f 4243 4151 4149
f 4243 4149 4244
f 4241 4240 4246
f 4241 4164 4162
f 4247 4248 4249
f 4249 4248 4239
f 4249 4239 4238
f 4250 4127 4251
f 4251 4127 4165
f 4251 4165 4252
f 4131 4247 4142
f 4142 4247 4249
f 4142 4249 4238
f 4253 4250 4254
f 4254 4250 4251
f 4254 4251 4252
f 4241 4162 4235
f 4235 4162 4163
f 4235 4163 4147
f 4241 4246 4244
f 4244 4246 4255
f 4244 4255 4242
f 4256 4257 4258
f 4259 4260 4261
f 4260 4108 4107
f 4262 4263 4257
f 4262 4257 4256
f 4257 4112 4258
f 4264 4265 4266
f 4266 4114 4130
f 4266 4130 4263
f 4267 4265 4264
f 4265 4116 4114
f 4265 4114 4266
f 4263 4262 4268
f 4263 4130 4128
f 4250 4253 4269
f 4269 4253 4261
f 4269 4261 4260
f 4247 4131 4270
f 4270 4131 4133
f 4270 4133 4271
f 4127 4250 4107
f 4107 4250 4269
f 4107 4269 4260
f 4248 4247 4272
f 4272 4247 4270
f 4272 4270 4271
f 4263 4128 4257
f 4257 4128 4129
f 4257 4129 4112
f 4263 4268 4266
f 4266 4268 4273
f 4266 4273 4264
f 4274 4275 4276
f 4275 4277 4278
f 4279 4280 4277
f 4279 4277 4275
f 4281 4282 4279
f 4283 4284 4285
f 4283 4285 4286
f 4287 4288 4284
f 4287 4284 4283
f 4289 4290 4291
f 4290 4288 4287
f 4279 4282 4280
f 4286 4285 4292
f 4293 4294 4295
f 4295 4294 4296
f 4295 4296 4290
f 4290 4296 4297
f 4290 4297 4288
f 4298 4299 4300
f 4300 4299 4276
f 4300 4276 4275
f 4301 4298 4278
f 4278 4298 4300
f 4278 4300 4275
f 4302 4286 4303
f 4303 4286 4281
f 4303 4281 4274
f 4274 4281 4279
f 4274 4279 4275
f 4286 4302 4283
f 4283 4302 4304
f 4283 4304 4287
f 4287 4304 4291
f 4287 4291 4290
f 4305 4293 4289
f 4289 4293 4295
f 4289 4295 4290
f 4286 4292 4281
f 4281 4292 4306
f 4281 4306 4282
f 4305 4307 4293
f 4305 4308 4307
f 4299 4309 4310
f 4299 4298 4309
f 4308 4311 4307
f 4312 4311 4308
f 4311 4313 4314
f 4315 4316 4313
f 4315 4313 4311
f 4317 4318 4315
f 4319 4320 4321
f 4319 4321 4322
f 4323 4324 4320
f 4323 4320 4319
f 4310 4309 4325
f 4310 4325 4326
f 4325 4324 4323
f 4315 4318 4316
f 4322 4321 4327
f 4298 4301 4309
f 4309 4301 4328
f 4309 4328 4325
f 4325 4328 4329
f 4325 4329 4324
f 4294 4293 4314
f 4314 4293 4307
f 4314 4307 4311
f 4330 4322 4331
f 4331 4322 4317
f 4331 4317 4312
f 4312 4317 4315
f 4312 4315 4311
f 4322 4330 4319
f 4319 4330 4332
f 4319 4332 4323
f 4323 4332 4326
f 4323 4326 4325
f 4322 4327 4317
f 4317 4327 4333
f 4317 4333 4318
f 4334 4335 4336
f 4336 4335 4337
f 4336 4337 4338
f 4338 4337 4339
f 4340 4341 4342
f 4343 4344 4345
f 4345 4344 4342
f 4345 4342 4341
f 4344 4343 4346
f 4346 4343 4347
f 4346 4347 4348
f 4349 4350 4351
f 4351 4350 4352
f 4353 4354 4355
f 4356 4352 4357
f 4348 4358 4346
f 4248 4334 4239
f 4239 4334 4336
f 4239 4336 4237
f 4237 4336 4338
f 4234 4340 4342
f 4344 4246 4342
f 4342 4246 4240
f 4342 4240 4234
f 4246 4344 4255
f 4255 4344 4346
f 4255 4346 4242
f 4350 4253 4352
f 4352 4253 4254
f 4352 4254 4357
f 4358 4245 4242
f 4358 4242 4346
f 4350 4349 4359
f 4359 4349 4360
f 4359 4360 4361
f 4361 4360 4362
f 4363 4364 4365
f 4366 4367 4368
f 4368 4367 4365
f 4368 4365 4364
f 4367 4366 4369
f 4369 4366 4370
f 4369 4370 4371
f 4335 4334 4372
f 4372 4334 4373
f 4374 4375 4376
f 4377 4373 4378
f 4371 4379 4369
f 4253 4350 4261
f 4261 4350 4359
f 4261 4359 4259
f 4259 4359 4361
f 4256 4363 4365
f 4367 4268 4365
f 4365 4268 4262
f 4365 4262 4256
f 4268 4367 4273
f 4273 4367 4369
f 4273 4369 4264
f 4334 4248 4373
f 4373 4248 4272
f 4373 4272 4378
f 4379 4267 4264
f 4379 4264 4369
f 4380 4381 4382
f 4381 4380 4383
f 4383 4380 4384
f 4385 4386 4387
f 4381 4388 4389
f 4390 4391 4385
f 4385 4391 4392
f 4385 4392 4393
f 4393 4392 4394
f 4393 4394 4395
f 4396 4397 4381
f 4398 4399 4400
f 4381 4401 4388
f 4402 4382 4403
f 4403 4382 4381
f 4403 4381 4389
f 4404 4385 4393
f 4405 4396 4383
f 4383 4396 4381
f 4406 4407 4408
f 4409 4410 4411
f 4412 4413 4414
f 4415 4408 4416
f 4416 4408 4412
f 4408 4407 4412
f 4412 4407 4417
f 4416 4411 4415
f 4415 4411 4418
f 4411 4410 4418
f 4418 4410 4419
f 4420 4416 4421
f 4421 4416 4412
f 4421 4412 4414
f 4422 4411 4423
f 4423 4411 4416
f 4423 4416 4420
f 4424 4425 4426
f 4426 4425 4427
f 4425 4428 4427
f 4427 4428 4429
f 4430 4429 4431
f 4431 4429 4428
f 4428 4425 4432
f 4432 4425 4433
f 4432 4434 4428
f 4428 4434 4435
f 4428 4435 4431
f 4436 4437 4438
f 4384 4380 4439
f 4439 4380 4436
f 4439 4436 4440
f 4440 4436 4438
f 4438 4437 4441
f 4442 4441 4443
f 4442 4443 4444
f 4442 4444 4445
f 4446 4447 4448
f 4437 4449 4441
f 4441 4449 4450
f 4441 4450 4443
f 4451 4452 4453
f 4453 4452 4454
f 4455 4446 4448
f 4440 4438 4456
f 4456 4438 4441
f 4456 4441 4457
f 4457 4441 4442
f 4454 4446 4455
f 4458 4454 4459
f 4459 4454 4452
f 4459 4452 4460
f 4461 4462 4463
f 4462 4461 4464
f 4465 4466 4467
f 4468 4469 4470
f 4466 4465 4471
f 4462 4464 4472
f 4473 4474 4462
f 4473 4462 4472
f 4473 4472 4475
f 4473 4475 4476
f 4473 4476 4477
f 4468 4478 4479
f 4468 4479 4480
f 4468 4480 4469
f 4462 4481 4463
f 4480 4471 4465
f 4480 4465 4482
f 4480 4482 4469
f 4483 4484 4485
f 4486 4487 4488
f 4489 4490 4491
f 4492 4490 4489
f 4467 4493 4465
f 4494 4495 4496
f 4497 4498 4499
f 4497 4499 4500
f 4497 4500 4501
f 4497 4501 4502
f 4497 4502 4503
f 4504 4505 4506
f 4504 4506 4507
f 4504 4507 4508
f 4504 4508 4509
f 4504 4509 4510
f 4511 4512 4513
f 4514 4463 4481
f 4514 4481 4515
f 4514 4515 4492
f 4514 4492 4489
f 4502 4516 4503
f 4503 4516 4517
f 4503 4517 4518
f 4519 4486 4488
f 4465 4493 4520
f 4520 4493 4486
f 4520 4486 4519
f 4506 4505 4516
f 4516 4505 4521
f 4516 4521 4517
f 4522 4523 4524
f 4523 4522 4525
f 4525 4522 4526
f 4527 4525 4528
f 4525 4527 4523
f 4523 4527 4529
f 4530 4531 4532
f 4528 4525 4533
f 4533 4525 4531
f 4525 4526 4531
f 4531 4526 4534
f 4531 4534 4532
f 4535 4536 4537
f 4536 4535 4538
f 4538 4535 4539
f 4540 4541 4542
f 4542 4541 4543
f 4544 4545 4546
f 4546 4538 4539
f 4546 4539 4547
f 4546 4547 4548
f 4546 4548 4549
f 4546 4549 4550
f 4546 4550 4551
f 4546 4551 4544
f 4552 4553 4554
f 4555 4554 4553
f 4556 4553 4552
f 4556 4552 4557
f 4556 4557 4558
f 4556 4558 4559
f 4560 4553 4561
f 4561 4553 4562
f 4553 4556 4562
f 4562 4556 4563
f 4564 4555 4560
f 4560 4555 4553
f 4565 4566 4567
f 4566 4565 4568
f 4568 4565 4569
f 4570 4571 4572
f 4571 4570 4573
f 4573 4570 4574
f 4566 4575 4576
f 4577 4578 4579
f 4578 4577 4580
f 4580 4577 4581
f 4571 4582 4578
f 4583 4584 4585
f 4584 4583 4586
f 4587 4588 4589
f 4588 4587 4590
f 4590 4587 4591
f 4592 4568 4593
f 4568 4592 4585
f 4575 4566 4568
f 4582 4571 4573
f 4571 4578 4590
f 4586 4573 4574
f 4586 4574 4584
f 4594 4566 4576
f 4594 4576 4595
f 4594 4595 4596
f 4594 4596 4597
f 4590 4594 4597
f 4590 4597 4598
f 4590 4598 4571
f 4585 4584 4599
f 4585 4599 4600
f 4585 4600 4601
f 4585 4601 4568
f 4594 4590 4591
f 4594 4591 4602
f 4594 4602 4603
f 4594 4603 4604
f 4594 4604 4605
f 4568 4569 4593
f 4572 4571 4598
f 4578 4580 4606
f 4606 4580 4607
f 4588 4590 4608
f 4608 4590 4578
f 4608 4578 4606
f 4429 4609 4427
f 4609 4429 4610
f 4610 4429 4430
f 4611 4609 4610
f 4609 4611 4612
f 4612 4611 4613
f 4614 4615 4616
f 4615 4614 4609
f 4609 4614 4426
f 4615 4609 4617
f 4617 4609 4612
f 4609 4426 4427
f 4618 4504 4491
f 4619 4620 4621
f 4451 4622 4452
f 4452 4622 4619
f 4623 4619 4624
f 4624 4619 4621
f 4624 4621 4625
f 4460 4452 4626
f 4626 4452 4619
f 4626 4619 4623
f 4425 4627 4433
f 4627 4425 4628
f 4629 4630 4631
f 4432 4632 4434
f 4632 4432 4627
f 4627 4432 4433
f 4621 4620 4633
f 4633 4620 4634
f 4633 4634 4629
f 4629 4634 4635
f 4628 4508 4627
f 4627 4508 4507
f 4627 4507 4632
f 4632 4507 4506
f 4625 4621 4636
f 4636 4621 4633
f 4636 4633 4637
f 4637 4633 4629
f 4637 4629 4631
f 4638 4435 4639
f 4639 4435 4434
f 4639 4434 4632
f 4640 4641 4642
f 4642 4641 4638
f 4642 4638 4639
f 4506 4516 4632
f 4632 4516 4639
f 4516 4502 4639
f 4639 4502 4642
f 4642 4502 4643
f 4643 4502 4501
f 4643 4501 4644
f 4644 4501 4500
f 4645 4646 4647
f 4647 4646 4648
f 4647 4648 4496
f 4496 4648 4494
f 4640 4642 4649
f 4649 4642 4643
f 4649 4643 4650
f 4650 4643 4644
f 4651 4645 4652
f 4652 4645 4647
f 4652 4647 4653
f 4653 4647 4496
f 4495 4391 4654
f 4654 4391 4390
f 4496 4495 4654
f 4655 4654 4656
f 4656 4654 4390
f 4656 4390 4657
f 4653 4496 4658
f 4658 4496 4654
f 4658 4654 4655
f 4659 4660 4661
f 4661 4660 4662
f 4660 4663 4662
f 4662 4663 4664
f 4663 4665 4664
f 4664 4665 4666
f 4665 4667 4666
f 4666 4667 4668
f 4669 4670 4659
f 4659 4670 4660
f 4670 4671 4660
f 4660 4671 4663
f 4671 4672 4663
f 4663 4672 4665
f 4672 4673 4665
f 4665 4673 4667
f 4674 4667 4673
f 4667 4674 4675
f 4675 4674 4676
f 4677 4675 4678
f 4675 4677 4667
f 4667 4677 4668
f 4679 4680 4681
f 4679 4681 4682
f 4679 4682 4683
f 4679 4683 4684
f 4679 4684 4678
f 4679 4678 4675
f 4679 4675 4676
f 4679 4676 4685
f 4679 4685 4686
f 4679 4686 4687
f 4679 4687 4688
f 4679 4688 4689
f 4679 4689 4690
f 4691 4692 4693
f 4694 4695 4696
f 4697 4698 4699
f 4700 4701 4702
f 4702 4701 4703
f 4702 4703 4704
f 4705 4706 4707
f 4708 4709 4710
f 4711 4701 4700
f 4712 4696 4713
f 4713 4696 4695
f 4713 4695 4714
f 4715 4716 4717
f 4717 4716 4718
f 4717 4718 4696
f 4696 4718 4719
f 4696 4719 4694
f 4696 4712 4717
f 4717 4712 4720
f 4703 4701 4720
f 4720 4701 4717
f 4701 4721 4717
f 4717 4721 4715
f 4722 4723 4724
f 4724 4723 4725
f 4726 4722 4724
f 4722 4726 4727
f 4727 4726 4728
f 4729 4722 4730
f 4729 4730 4731
f 4729 4731 4732
f 4722 4727 4730
f 4733 4734 4735
f 4736 4737 4735
f 4738 4739 4733
f 4740 4741 4742
f 4742 4741 4743
f 4742 4743 4744
f 4745 4746 4743
f 4743 4746 4744
f 4747 4748 4749
f 4750 4751 4752
f 4753 4754 4755
f 4742 4756 4740
f 4757 4758 4747
f 4747 4758 4754
f 4758 4759 4754
f 4754 4759 4755
f 4747 4754 4760
f 4760 4754 4761
f 4754 4753 4761
f 4761 4753 4762
f 4749 4763 4764
f 4749 4764 4765
f 4757 4747 4765
f 4765 4747 4749
f 4766 4740 4767
f 4767 4740 4756
f 4768 4762 4769
f 4769 4762 4753
f 4769 4753 4770
f 4770 4753 4755
f 4770 4755 4771
f 4771 4755 4759
f 4699 4766 4697
f 4697 4766 4767
f 4719 4768 4694
f 4694 4768 4769
f 4694 4769 4695
f 4695 4769 4770
f 4695 4770 4714
f 4714 4770 4771
f 4772 4766 4699
f 4766 4772 4773
f 4773 4772 4774
f 4775 4776 4777
f 4776 4775 4778
f 4779 4776 4780
f 4776 4779 4773
f 4773 4779 4781
f 4741 4773 4782
f 4773 4741 4766
f 4766 4741 4740
f 4773 4781 4782
f 4773 4774 4776
f 4776 4774 4777
f 4783 4784 4785
f 4784 4783 4786
f 4787 4788 4789
f 4788 4787 4473
f 4790 4791 4468
f 4791 4790 4792
f 4793 4788 4794
f 4788 4793 4784
f 4784 4793 4795
f 4788 4791 4794
f 4784 4786 4788
f 4788 4786 4796
f 4788 4796 4789
f 4784 4797 4798
f 4784 4798 4785
f 4788 4799 4791
f 4784 4795 4800
f 4800 4795 4801
f 4802 4462 4787
f 4787 4462 4474
f 4787 4474 4473
f 4789 4803 4787
f 4787 4803 4802
f 4802 4515 4462
f 4462 4515 4481
f 4515 4802 4492
f 4802 4803 4492
f 4804 4805 4806
f 4790 4470 4792
f 4792 4470 4807
f 4790 4468 4470
f 4470 4520 4807
f 4520 4519 4807
f 4470 4469 4482
f 4470 4482 4520
f 4520 4482 4465
f 4808 4809 4810
f 4808 4811 4809
f 4779 4780 4812
f 4812 4780 4813
f 4812 4813 4814
f 4815 4816 4814
f 4814 4816 4812
f 4817 4818 4809
f 4809 4818 4819
f 4809 4819 4810
f 4781 4779 4820
f 4820 4779 4812
f 4820 4812 4821
f 4821 4812 4816
f 4822 4817 4823
f 4823 4817 4809
f 4823 4809 4824
f 4824 4809 4811
f 4825 4826 4827
f 4827 4826 4828
f 4827 4828 4829
f 4830 4831 4832
f 4518 4825 4503
f 4503 4825 4827
f 4833 4834 4830
f 4834 4831 4830
f 4835 4836 4837
f 4835 4837 4838
f 4838 4837 4839
f 4835 4838 4840
f 4841 4842 4843
f 4843 4842 4844
f 4843 4844 4845
f 4836 4846 4837
f 4505 4841 4521
f 4521 4841 4843
f 4847 4831 4848
f 4831 4847 4849
f 4848 4834 4850
f 4832 4851 4852
f 4851 4832 4831
f 4834 4853 4850
f 4851 4854 4855
f 4856 4851 4855
f 4736 4735 4857
f 4858 4859 4734
f 4851 4860 4861
f 4851 4862 4854
f 4831 4849 4863
f 4831 4863 4860
f 4831 4860 4851
f 4851 4856 4734
f 4734 4856 4857
f 4734 4857 4735
f 4734 4859 4851
f 4851 4859 4852
f 4864 4837 4865
f 4837 4864 4839
f 4866 4724 4725
f 4724 4866 4867
f 4867 4868 4869
f 4869 4868 4870
f 4869 4870 4871
f 4872 4734 4733
f 4837 4873 4874
f 4837 4874 4875
f 4837 4875 4865
f 4804 4806 4876
f 4804 4876 4728
f 4804 4728 4726
f 4804 4726 4869
f 4804 4869 4877
f 4869 4726 4867
f 4867 4726 4724
f 4877 4869 4878
f 4878 4869 4837
f 4825 4879 4826
f 4826 4879 4880
f 4879 4843 4880
f 4880 4843 4845
f 4518 4517 4825
f 4825 4517 4879
f 4517 4521 4879
f 4879 4521 4843
f 4881 4882 4805
f 4883 4884 4885
f 4884 4883 4886
f 4886 4883 4882
f 4886 4882 4881
f 4887 4888 4889
f 4890 4888 4887
f 4890 4887 4891
f 4891 4778 4890
f 4890 4778 4775
f 4883 4892 4882
f 4882 4892 4893
f 4882 4893 4805
f 4805 4893 4806
f 4741 4782 4743
f 4894 4858 4872
f 4822 4733 4895
f 4824 4894 4823
f 4823 4894 4872
f 4823 4872 4822
f 4890 4896 4888
f 4731 4893 4732
f 4732 4893 4892
f 4777 4897 4896
f 4898 4899 4900
f 4900 4899 4901
f 4899 4902 4901
f 4901 4902 4903
f 4902 4904 4903
f 4903 4904 4905
f 4904 4906 4905
f 4905 4906 4907
f 4908 4909 4898
f 4898 4909 4899
f 4909 4910 4899
f 4899 4910 4902
f 4910 4911 4902
f 4902 4911 4904
f 4911 4912 4904
f 4904 4912 4906
f 4913 4866 4725
f 4866 4913 4914
f 4914 4913 4915
f 4685 4676 4916
f 4914 4915 4917
f 4918 4919 4674
f 4674 4919 4916
f 4674 4916 4676
f 4920 4918 4921
f 4921 4918 4674
f 4921 4674 4673
f 4910 4922 4911
f 4922 4910 4923
f 4923 4910 4909
f 4865 4875 4924
f 4875 4925 4924
f 4874 4926 4925
f 4874 4925 4875
f 4921 4927 4920
f 4923 4928 4929
f 4873 4926 4874
f 4911 4922 4912
f 4912 4922 4930
f 4926 4873 4931
f 4931 4873 4871
f 4931 4871 4932
f 4932 4871 4870
f 4932 4870 4868
f 4867 4914 4933
f 4867 4933 4932
f 4867 4932 4868
f 4921 4673 4927
f 4927 4673 4672
f 4927 4672 4934
f 4934 4672 4671
f 4934 4671 4670
f 4908 4928 4909
f 4909 4928 4923
f 4935 4936 4924
f 4924 4936 4865
f 4937 4934 4669
f 4669 4934 4670
f 4938 4939 4940
f 4839 4864 4838
f 4838 4864 4941
f 4838 4941 4840
f 4942 4943 4944
f 4944 4943 4939
f 4944 4939 4945
f 4939 4938 4946
f 4946 4938 4947
f 4946 4947 4948
f 4948 4947 4949
f 4945 4939 4950
f 4950 4939 4946
f 4950 4946 4951
f 4951 4946 4948
f 4952 4847 4953
f 4847 4848 4953
f 4953 4848 4850
f 4953 4850 4853
f 4954 4955 4948
f 4948 4955 4956
f 4948 4956 4951
f 4957 4954 4958
f 4958 4954 4948
f 4958 4948 4949
f 4959 4960 4961
f 4962 4963 4964
f 4965 4913 4725
f 4723 4965 4725
f 4966 4702 4704
f 4967 4962 4964
f 4692 4968 4693
f 4965 4968 4964
f 4964 4968 4692
f 4964 4692 4967
f 4917 4915 4964
f 4964 4915 4913
f 4964 4913 4965
f 4969 4970 4971
f 4971 4972 4973
f 4971 4737 4736
f 4738 4737 4971
f 4972 4971 4970
f 4763 4974 4764
f 4739 4738 4973
f 4973 4738 4971
f 4736 4975 4971
f 4971 4975 4969
f 4976 4977 4978
f 4936 4935 4979
f 4980 4981 4982
f 4980 4982 4983
f 4940 4980 4938
f 4684 4984 4678
f 4985 4970 4969
f 4985 4969 4975
f 4985 4975 4736
f 4985 4736 4857
f 4857 4856 4985
f 4985 4856 4986
f 4985 4986 4987
f 4988 4989 4677
f 4990 4991 4992
f 4677 4993 4668
f 4970 4985 4972
f 4984 4988 4677
f 4984 4677 4678
f 4903 4994 4901
f 4994 4903 4995
f 4995 4903 4905
f 4664 4996 4662
f 4996 4664 4997
f 4997 4664 4666
f 4855 4998 4999
f 4862 4861 4998
f 4862 4998 4854
f 4997 4993 4989
f 4998 4855 4854
f 4958 5000 5001
f 4995 4905 5002
f 5002 4905 4907
f 4662 4996 4661
f 4661 4996 5003
f 4856 4855 4986
f 4986 4855 4999
f 4986 4999 4987
f 5004 4860 5005
f 5005 4860 4863
f 4863 4849 5005
f 5006 4900 4994
f 4994 4900 4901
f 4668 4993 4666
f 4666 4993 4997
f 4949 4947 5000
f 5000 4947 5007
f 5000 5007 5008
f 5008 5007 5009
f 4947 4938 5007
f 5007 4938 4980
f 5007 4980 5009
f 5009 4980 4983
f 5010 5011 5012
f 5013 5012 5011
f 5014 5015 5016
f 5017 5015 5014
f 5016 5015 5018
f 5017 5014 5019
f 5017 5019 5020
f 5017 5020 5021
f 5022 5016 5018
f 5023 5022 5024
f 5023 5024 5025
f 5023 5025 5026
f 5023 5026 5027
f 5023 5027 5028
f 5029 5030 5031
f 5029 5031 5032
f 5029 5032 5033
f 5029 5033 5034
f 5029 5034 5035
f 5029 5035 5036
f 5029 5036 5037
f 5029 5037 5038
f 5029 5038 5028
f 5029 5028 5027
f 5039 5040 5041
f 5039 5041 5021
f 5021 5041 5017
f 5042 5011 5010
f 5043 5042 5010
f 5026 5043 5010
f 5042 5043 5044
f 5042 5044 5045
f 5042 5045 5040
f 5042 5040 5039
f 5010 5046 5026
f 5026 5046 5027
f 5027 5046 5029
f 5029 5046 5047
f 5029 5047 5048
f 5029 5048 5049
f 5049 5048 5050
f 5049 5050 5051
f 5052 5053 5054
f 5055 5056 5057
f 5058 5059 5060
f 5061 5062 5063
f 5063 5062 5052
f 5063 5052 5054
f 5054 5053 5064
f 5064 5053 5065
f 5066 5067 5068
f 5066 5068 5058
f 5058 5068 5069
f 5058 5069 5070
f 5071 5072 5070
f 5070 5072 5059
f 5070 5059 5058
f 5073 5061 5074
f 5074 5061 5063
f 5074 5063 5054
f 5064 5075 5054
f 5054 5075 5076
f 5054 5076 5074
f 5077 5066 5078
f 5078 5066 5058
f 5078 5058 5060
f 5072 5079 5059
f 5080 5081 5082
f 5059 5083 5060
f 5084 5085 5086
f 5062 5061 5087
f 5088 5089 5090
f 5056 5055 5091
f 5091 5055 5084
f 5091 5084 5086
f 5086 5085 5092
f 5092 5085 5093
f 5092 5093 5094
f 5095 5096 5088
f 5088 5096 5097
f 5088 5097 5098
f 5099 5100 5098
f 5098 5100 5089
f 5098 5089 5088
f 5101 5056 5102
f 5102 5056 5091
f 5102 5091 5086
f 5092 5103 5086
f 5086 5103 5104
f 5086 5104 5102
f 5105 5095 5106
f 5106 5095 5088
f 5106 5088 5090
f 5100 5107 5089
f 5108 5109 5110
f 5089 5111 5090
f 5112 5113 5114
f 5113 5112 5115
f 5116 5117 5118
f 5117 5116 5119
f 5119 5116 5120
f 5113 5121 5122
f 5123 5124 5117
f 5125 5124 5123
f 5126 5122 5121
f 5115 5127 5128
f 5115 5128 5125
f 5115 5125 5123
f 5115 5123 5119
f 5119 5121 5115
f 5115 5121 5113
f 5121 5119 5126
f 5126 5119 5120
f 5126 5120 5129
f 5129 5120 5130
f 5117 5119 5123
f 5131 5132 5133
f 5133 5132 5134
f 5133 5134 5135
f 5135 5134 5136
f 5137 5131 5138
f 5138 5131 5133
f 5138 5133 5139
f 5139 5133 5135
f 5140 5141 5142
f 5143 5144 5145
f 5143 5146 5147
f 5146 5143 5145
f 5144 5143 5148
f 5149 5150 5151
f 5149 5146 5152
f 5146 5149 5151
f 5150 5149 5153
f 5154 5146 5155
f 5146 5154 5152
f 5154 5156 5152
f 5141 5140 5145
f 5145 5140 5157
f 5146 5158 5159
f 5146 5159 5155
f 5147 5146 5151
f 5160 5146 5157
f 5157 5146 5145
f 5161 5162 5163
f 5163 5162 5164
f 5163 5164 5165
f 5162 5161 5166
f 5166 5161 5167
f 5166 5167 5168
f 5168 5167 5169
f 5168 5169 5170
f 5171 5163 5172
f 5172 5163 5165
f 5172 5165 5173
f 5163 5171 5161
f 5161 5171 5174
f 5161 5174 5167
f 5167 5174 5175
f 5167 5175 5169
f 5176 5177 5178
f 5178 5177 5179
f 5178 5179 5180
f 5180 5179 5181
f 5182 5176 5183
f 5183 5176 5178
f 5183 5178 5184
f 5184 5178 5180
f 5185 5177 5186
f 5177 5185 5187
f 5188 5189 5186
f 5190 5191 5192
f 5191 5190 5193
f 5193 5190 5194
f 5195 5196 5197
f 5188 5198 5199
f 5198 5188 5186
f 5189 5188 5200
f 5196 5195 5194
f 5194 5195 5201
f 5201 5195 5202
f 5177 5187 5203
f 5177 5203 5179
f 5177 5198 5186
f 5192 5191 5181
f 5179 5203 5181
f 5181 5203 5192
f 5194 5201 5193
f 5204 5205 5206
f 5206 5205 5207
f 5206 5207 5208
f 5208 5207 5209
f 5210 5204 5211
f 5211 5204 5206
f 5211 5206 5212
f 5212 5206 5208
f 5210 5211 5213
f 5213 5211 5214
f 5213 5214 5215
f 5215 5214 5216
f 5211 5212 5214
f 5214 5212 5217
f 5214 5217 5216
f 5216 5217 5218
f 3941 3942 5219
f 5219 3942 3950
f 5219 3950 5220
f 3943 3941 5221
f 5221 3941 5219
f 5220 5222 5219
f 5219 5222 5215
f 5219 5215 5216
f 5218 5223 5216
f 5216 5223 5221
f 5216 5221 5219
f 5224 5225 5226
f 5227 5228 5224
f 5228 5227 5229
f 5229 5227 5230
f 5231 5232 5233
f 5232 5231 5234
f 5228 5235 5236
f 5228 5236 5232
f 5225 5224 5234
f 5229 5237 5228
f 5228 5237 5238
f 5228 5238 5235
f 5235 5238 5239
f 5229 5240 5237
f 5237 5240 5241
f 5237 5241 5242
f 5242 5241 5243
f 5224 5228 5234
f 5234 5228 5232
f 5244 3952 5245
f 5244 5245 5246
f 5246 5245 5247
f 5248 5244 5249
f 5249 5244 5246
f 5250 5251 5252
f 5251 5250 5253
f 5254 5255 5256
f 5255 5254 5251
f 5257 5258 5253
f 5258 5257 5259
f 5260 5261 5262
f 5261 5258 5263
f 5261 5263 5264
f 5265 5266 5267
f 5266 5268 5267
f 5269 5268 5270
f 5253 5258 5261
f 5253 5261 5251
f 5271 5272 5273
f 5271 5273 5274
f 5271 5274 5275
f 5271 5275 5262
f 5271 5262 5261
f 5271 5261 5264
f 5270 5268 5266
f 5270 5266 5276
f 5270 5276 5277
f 5270 5277 5278
f 5256 5255 5279
f 5256 5279 5280
f 5256 5280 5281
f 5256 5281 5269
f 5256 5269 5270
f 5251 5261 5260
f 5251 5260 5282
f 5251 5282 5255
f 5266 5265 5283
f 5283 5265 5273
f 5283 5273 5272
f 3940 5284 3930
f 3930 5284 5285
f 3930 5285 3926
f 3926 5285 5286
f 5284 5287 5285
f 5285 5287 5288
f 5285 5288 5286
f 5286 5288 5289
f 5290 5291 5292
f 5292 5291 5293
f 5294 5295 5290
f 5290 5295 5291
f 5295 5296 5291
f 5291 5297 5293
f 3948 3954 5298
f 5298 3954 5299
f 5298 5299 5300
f 5300 5299 5301
f 5300 5301 5302
f 5302 5301 5303
f 5302 5303 5304
f 5304 5303 5305
f 3949 3948 5306
f 5306 3948 5298
f 5306 5298 5307
f 5307 5298 5300
f 5307 5300 5308
f 5308 5300 5302
f 5308 5302 5309
f 5309 5302 5304
f 5310 5311 5305
f 5305 5311 5304
f 5311 5312 5304
f 5304 5312 5309
f 5313 5314 5310
f 5310 5314 5311
f 5314 5315 5311
f 5311 5315 5312
f 5316 5317 5318
f 4103 5318 5317
f 4106 5318 4103
f 4098 4103 5319
f 5319 4103 5317
f 5319 5317 5320
f 5320 5317 5321
f 5317 5316 5321
f 5321 5316 5322
f 5323 5324 5325
f 5325 5324 5326
f 5325 5326 5327
f 5327 5326 5328
f 5324 5329 5326
f 5326 5329 5330
f 5326 5330 5328
f 5328 5330 5331
f 5329 5332 5330
f 5330 5332 5333
f 5330 5333 5334
f 5331 5330 5335
f 5335 5330 5334
f 5289 5288 5333
f 5333 5288 5334
f 5288 5287 5334
f 5334 5287 5335
f 3944 3946 5336
f 5336 3946 5337
f 5336 5337 5338
f 5338 5337 5339
f 5338 5339 5340
f 5340 5339 5341
f 5340 5341 5293
f 5293 5341 5292
f 3951 3944 5342
f 5342 3944 5336
f 5342 5336 5343
f 5343 5336 5338
f 5343 5338 5344
f 5344 5338 5340
f 5344 5340 5297
f 5297 5340 5293
f 5345 5346 5347
f 5347 5346 5348
f 5347 5348 5349
f 5346 5345 5350
f 5350 5345 5351
f 5350 5351 5352
f 5353 5354 5355
f 5355 5354 5356
f 5355 5356 5357
f 5355 5358 5353
f 5353 5358 5359
f 5353 5359 5360
f 5345 5347 5361
f 5361 5347 5349
f 5361 5349 5362
f 5361 5363 5345
f 5345 5363 5364
f 5345 5364 5351
f 5365 5355 5366
f 5366 5355 5357
f 5366 5357 5367
f 5355 5365 5358
f 5358 5365 5368
f 5358 5368 5359
f 5369 5370 5371
f 5372 5371 5370
f 5373 5371 5372
f 5374 5375 5376
f 5377 5376 5375
f 5378 5376 5377
f 5379 5380 5375
f 5375 5380 5381
f 5375 5381 5377
f 5380 5379 5382
f 5382 5379 5383
f 5382 5383 5384
f 5385 5386 5387
f 5387 5386 5388
f 5387 5388 5389
f 5387 5372 5385
f 5385 5372 5370
f 5385 5370 5390
f 5379 5375 5374
f 5374 5391 5379
f 5379 5391 5392
f 5379 5392 5383
f 5373 5387 5393
f 5393 5387 5389
f 5393 5389 5394
f 5387 5373 5372
f 5395 5146 5396
f 4722 4693 4968
f 4775 4777 4890
f 4774 5397 4777
f 4897 5397 5398
f 5399 4965 4723
f 4968 4965 5399
f 4772 4698 5397
f 5400 5401 5398
f 4693 4729 4691
f 4820 4782 4781
f 4745 4820 4821
f 4895 4733 5402
f 4733 4739 5402
f 4973 5402 4739
f 5403 5402 4973
f 4893 4727 4806
f 4869 4873 4837
f 4455 4453 4454
f 4454 4458 5404
f 5404 4446 4454
f 4733 4735 4737
f 4737 4738 4733
f 4872 4858 4734
f 4822 4872 4733
f 4896 4890 4777
f 4867 4866 4914
f 5405 5406 5396
f 5407 5158 5146
f 5396 5406 5395
f 5395 5407 5146
f 5146 5160 5396
f 4968 5399 4722
f 4723 4722 5399
f 4774 4772 5397
f 4897 4777 5397
f 5408 5397 4698
f 4772 4699 4698
f 5400 5398 5397
f 5408 5400 5397
f 5401 5409 5398
f 4693 4722 4729
f 4820 4743 4782
f 4745 4743 4820
f 5410 4974 4763
f 5403 5411 5402
f 4876 4806 4727
f 4893 4731 4730
f 4727 4728 4876
f 4893 4730 4727
f 4869 4871 4873
f 5412 4498 4497
f 5413 5414 5415
f 5016 5022 5023
f 5039 5021 5416
f 4619 4622 4620
f 4491 4504 4510
f 4846 4878 4837
f 4865 4979 4864
f 4943 4940 4939
f 4941 4864 4979
f 5417 5418 5419
f 4952 4849 4847
f 4849 5420 5005
f 5421 4436 4382
f 4468 4791 4478
f 4478 4791 5422
f 4791 4799 5422
f 4477 4788 4473
f 4437 5421 4449
f 4894 4824 4859
f 4858 4894 4859
f 4811 4859 4824
f 4387 4390 4385
f 3950 3934 3936
f 5244 3936 3952
f 3952 3936 3927
f 3937 3927 3936
f 4404 4386 4385
f 4848 4831 4834
f 5004 4861 4860
f 4862 4851 4861
f 5008 5001 5000
f 4958 4949 5000
f 5291 5296 5297
f 5412 4487 4498
f 4865 4936 4979
f 4952 5420 4849
f 4380 4382 4436
f 4402 5421 4382
f 4477 4799 4788
f 4437 4436 5421
f 4387 4657 4390
f 5244 5248 3936
f 5413 5423 5414
f 5424 5425 5426
f 5427 5428 5425
f 5426 5429 5430
f 5431 5426 5430
f 5424 5428 5427
f 5428 5429 5425
f 5424 5426 5431
f 5430 5428 5431
f 5424 5427 5425
f 5426 5425 5429
f 5424 5431 5428
f 5430 5429 5428
f 5433 5435 5432
f 5436 5433 5432
f 5432 5435 5434
f 5434 5436 5432
f 5433 5439 5435
f 5437 5433 5436
f 5437 5439 5433
f 5435 5439 5434
f 5438 5436 5434
f 5434 5439 5438
f 5438 5437 5436
f 5439 5437 5438
f 5440 5441 5442
f 5443 5442 5441
f 5444 5442 5443
f 5445 5446 5447
f 5448 5447 5446
f 5449 5447 5448
f 5450 5451 5452
f 5446 5452 5451
f 5453 5452 5446
f 5443 5441 5454
f 5455 5454 5441
f 5456 5457 5458
f 5459 5440 5460
f 5453 5446 5445
f 5458 5446 5456
f 5456 5446 5451
f 5461 5458 5462
f 5463 5455 5441
f 5463 5441 5464
f 5464 5441 5440
f 5464 5440 5459
f 5461 5448 5458
f 5458 5448 5446
f 5465 5466 5467
f 5468 5469 5470
f 5471 5472 5466
f 5471 5466 5465
f 5471 5465 5473
f 5469 5468 5474
f 5469 5474 5475
f 5469 5475 5476
f 5469 5476 5477
f 5469 5477 5478
f 5469 5478 5479
f 5480 5481 5482
f 5483 5465 5484
f 5485 5479 5486
f 5487 5484 5465
f 5487 5465 5488
f 5488 5465 5467
f 5488 5467 5489
f 5485 5490 5479
f 5479 5490 5469
f 5490 5491 5469
f 5469 5491 5470
f 5466 5492 5467
f 5492 5466 5493
f 5493 5466 5472
f 5494 5495 5496
f 5495 5494 5497
f 5497 5494 5498
f 5499 5498 5500
f 5498 5499 5497
f 5497 5499 5501
f 5502 5492 5503
f 5492 5502 5467
f 5467 5502 5489
f 5504 5505 5506
f 5507 5508 5492
f 5492 5508 5509
f 5492 5493 5510
f 5492 5510 5507
f 5507 5510 5511
f 5505 5512 5513
f 5505 5513 5497
f 5497 5513 5495
f 5503 5492 5514
f 5492 5509 5514
f 5497 5501 5505
f 5505 5501 5515
f 5505 5515 5506
f 5516 5517 5440
f 5516 5440 5442
f 5440 5517 5518
f 5460 5440 5518
f 5519 5520 5521
f 5444 5522 5442
f 5523 5524 5520
f 5523 5520 5525
f 5523 5525 5526
f 5523 5526 5527
f 5523 5527 5528
f 5516 5442 5522
f 5516 5522 5529
f 5516 5529 5530
f 5516 5530 5531
f 5516 5531 5532
f 5533 5534 5521
f 5535 5536 5537
f 5537 5538 5535
f 5539 5540 5541
f 5516 5542 5517
f 5543 5526 5544
f 5544 5526 5525
f 5544 5525 5545
f 5545 5525 5520
f 5545 5520 5519
f 5546 5547 5548
f 5549 5550 5551
f 5550 5549 5552
f 5552 5549 5553
f 5554 5555 5556
f 5555 5554 5557
f 5557 5554 5558
f 5559 5560 5550
f 5559 5552 5546
f 5552 5559 5550
f 5560 5559 5561
f 5552 5555 5562
f 5547 5546 5563
f 5564 5546 5548
f 5556 5555 5553
f 5553 5555 5552
f 5552 5562 5546
f 5546 5562 5565
f 5546 5565 5563
f 5526 5566 5527
f 5566 5526 5567
f 5567 5526 5543
f 5527 5566 5528
f 5528 5566 5568
f 5567 5500 5566
f 5566 5500 5498
f 5566 5498 5494
f 5496 5568 5494
f 5494 5568 5566
f 5569 5570 5571
f 5570 5569 5572
f 5572 5569 5573
f 5562 5574 5565
f 5574 5562 5575
f 5575 5562 5555
f 5576 5577 5578
f 5577 5576 5574
f 5574 5576 5579
f 5575 5555 5570
f 5570 5555 5557
f 5570 5557 5580
f 5580 5557 5581
f 5565 5574 5582
f 5582 5574 5583
f 5584 5575 5572
f 5572 5575 5570
f 5575 5584 5574
f 5574 5584 5577
f 5585 5586 5587
f 5588 5589 5590
f 5589 5588 5591
f 5587 5586 5592
f 5592 5593 5594
f 5595 5596 5586
f 5595 5586 5585
f 5595 5585 5597
f 5595 5597 5598
f 5595 5598 5599
f 5596 5588 5590
f 5596 5590 5600
f 5596 5600 5601
f 5596 5601 5602
f 5596 5602 5603
f 5595 5604 5605
f 5595 5605 5606
f 5595 5606 5591
f 5595 5591 5588
f 5595 5588 5596
f 5586 5596 5592
f 5592 5596 5603
f 5592 5603 5593
f 5593 5603 5607
f 5608 5609 5610
f 5611 5612 5613
f 5614 5609 5608
f 5615 5612 5611
f 5616 5617 5618
f 5616 5618 5619
f 5616 5619 5620
f 5621 5622 5619
f 5621 5619 5618
f 5621 5618 5623
f 5618 5617 5624
f 5618 5624 5625
f 5618 5625 5626
f 5623 5618 5627
f 5627 5618 5626
f 5628 5629 5630
f 5630 5629 5608
f 5630 5608 5610
f 5629 5628 5612
f 5612 5628 5631
f 5612 5631 5613
f 5632 5633 5634
f 5634 5633 5635
f 5634 5635 5636
f 5636 5635 5637
f 5638 5611 5613
f 5629 5639 5608
f 5608 5639 5640
f 5608 5640 5614
f 5639 5629 5641
f 5641 5629 5612
f 5641 5612 5615
f 5633 5642 5635
f 5635 5642 5643
f 5635 5643 5637
f 5637 5643 5644
f 5611 5645 5615
f 5646 5647 5648
f 5649 5650 5651
f 5651 5652 5649
f 5653 5654 5655
f 5656 5653 5657
f 5658 5659 5660
f 5658 5660 5661
f 5658 5661 5662
f 5663 5664 5661
f 5663 5661 5660
f 5663 5660 5665
f 5661 5664 5666
f 5661 5666 5642
f 5661 5642 5633
f 5654 5653 5656
f 5649 5667 5668
f 5649 5668 5669
f 5649 5669 5670
f 5649 5670 5650
f 5662 5661 5632
f 5632 5661 5633
f 5671 5672 5673
f 5673 5672 5646
f 5673 5646 5648
f 5672 5671 5650
f 5650 5671 5674
f 5650 5674 5651
f 5627 5626 5675
f 5675 5626 5653
f 5675 5653 5655
f 5665 5660 5676
f 5677 5647 5646
f 5677 5646 5678
f 5672 5679 5646
f 5646 5679 5678
f 5679 5672 5680
f 5680 5672 5650
f 5680 5650 5670
f 5653 5626 5657
f 5657 5626 5625
f 5657 5625 5624
f 5681 5682 5683
f 5683 5682 5684
f 5683 5684 5685
f 5685 5684 5686
f 5687 5681 5688
f 5688 5681 5683
f 5688 5683 5689
f 5689 5683 5685
f 5690 5664 5663
f 5664 5690 5691
f 5691 5690 5692
f 5693 5639 5641
f 5694 5695 5696
f 5695 5694 5620
f 5620 5694 5616
f 5685 5697 5698
f 5699 5691 5700
f 5691 5699 5701
f 5701 5699 5702
f 5693 5703 5704
f 5705 5706 5707
f 5706 5705 5708
f 5708 5705 5709
f 5685 5710 5689
f 5710 5685 5698
f 5697 5685 5686
f 5681 5711 5682
f 5711 5681 5712
f 5712 5681 5687
f 5713 5714 5715
f 5716 5701 5717
f 5717 5718 5716
f 5719 5720 5721
f 5721 5722 5719
f 5723 5719 5722
f 5722 5724 5723
f 5693 5723 5724
f 5703 5693 5724
f 5725 5693 5704
f 5643 5701 5716
f 5643 5716 5644
f 5720 5719 5645
f 5615 5645 5719
f 5719 5723 5615
f 5641 5615 5723
f 5723 5693 5641
f 5639 5693 5640
f 5693 5725 5640
f 5614 5640 5725
f 5708 5709 5726
f 5726 5709 5727
f 5728 5729 5730
f 5710 5698 5731
f 5731 5698 5732
f 5733 5734 5735
f 5735 5734 5713
f 5735 5713 5715
f 5714 5713 5706
f 5706 5713 5707
f 5730 5729 5736
f 5736 5729 5737
f 5736 5737 5692
f 5692 5737 5691
f 5691 5737 5738
f 5691 5738 5700
f 5701 5702 5717
f 5712 5696 5711
f 5711 5696 5695
f 5711 5695 5739
f 5740 5741 5725
f 5740 5725 5704
f 5664 5691 5666
f 5666 5691 5642
f 5642 5691 5701
f 5642 5701 5643
f 5741 5614 5725
f 5742 5743 5744
f 5745 5746 5747
f 5745 5747 5748
f 5745 5748 5743
f 5745 5743 5742
f 5748 5747 5749
f 5748 5749 5750
f 5748 5750 5751
f 5748 5751 5752
f 5746 5753 5747
f 5747 5753 5754
f 5747 5754 5755
f 5749 5747 5756
f 5756 5747 5755
f 5756 5755 5757
f 5758 5759 5760
f 5760 5759 5761
f 5759 5762 5761
f 5761 5762 5763
f 5764 5765 5758
f 5758 5765 5759
f 5765 5766 5759
f 5759 5766 5762
f 5767 5768 5769
f 5768 5767 5770
f 5770 5767 5771
f 5772 5773 5774
f 5773 5772 5775
f 5776 5777 5778
f 5779 5768 5780
f 5768 5779 5781
f 5776 5778 5769
f 5777 5776 5782
f 5773 5775 5783
f 5773 5783 5784
f 5773 5784 5785
f 5773 5785 5768
f 5768 5781 5776
f 5768 5776 5769
f 5773 5786 5787
f 5773 5787 5788
f 5773 5788 5789
f 5773 5789 5790
f 5768 5770 5791
f 5768 5791 5792
f 5768 5792 5793
f 5768 5793 5794
f 5768 5794 5786
f 5768 5786 5773
f 5768 5785 5795
f 5768 5795 5796
f 5768 5796 5797
f 5768 5797 5780
f 5773 5798 5799
f 5773 5799 5774
f 5800 5801 5763
f 5760 5761 5802
f 5761 5763 5802
f 5803 5804 5805
f 5806 5807 5808
f 5806 5808 5809
f 5806 5809 5810
f 5806 5810 5802
f 5806 5802 5763
f 5806 5763 5801
f 5811 5812 5809
f 5809 5812 5813
f 5809 5813 5814
f 5811 5809 5815
f 5815 5809 5808
f 5804 5803 5816
f 5816 5803 5815
f 5816 5815 5808
f 5816 5808 5817
f 5817 5808 5807
f 5818 5819 5820
f 5821 5822 5823
f 5820 5824 5825
f 5800 5826 5801
f 5801 5826 5818
f 5801 5818 5820
f 5827 5828 5825
f 5825 5828 5820
f 5828 5806 5820
f 5820 5806 5801
f 5829 5830 5831
f 5832 5833 5834
f 5835 5836 5837
f 5838 5839 5840
f 5832 5841 5842
f 5843 5837 5829
f 5836 5829 5837
f 5844 5840 5845
f 5845 5840 5846
f 5845 5846 5834
f 5834 5846 5832
f 5833 5832 5847
f 5832 5842 5847
f 5848 5849 5831
f 5831 5849 5829
f 5830 5829 5850
f 5850 5829 5836
f 5851 5850 5836
f 5852 5836 5835
f 5852 5835 5853
f 5852 5853 5854
f 5852 5854 5855
f 5856 5857 5858
f 5858 5857 5859
f 5860 5838 5840
f 5840 5839 5846
f 5846 5839 5861
f 5846 5861 5832
f 5832 5861 5862
f 5832 5862 5841
f 5863 5864 5865
f 5865 5864 5842
f 5865 5842 5841
f 5864 5863 5866
f 5866 5863 5867
f 5868 5869 5870
f 5870 5869 5871
f 5870 5871 5849
f 5843 5829 5872
f 5872 5829 5849
f 5872 5849 5871
f 5873 5856 5874
f 5874 5856 5858
f 5844 5860 5840
f 5864 5875 5842
f 5842 5875 5876
f 5842 5876 5847
f 5875 5864 5877
f 5877 5864 5866
f 5878 5868 5848
f 5848 5868 5870
f 5848 5870 5849
f 5879 5851 5880
f 5880 5851 5836
f 5880 5836 5881
f 5881 5836 5852
f 5881 5852 5882
f 5882 5852 5883
f 5882 5883 5884
f 5882 5884 5885
f 5882 5885 5881
f 5886 5883 5855
f 5855 5883 5852
f 5881 5885 5880
f 5880 5885 5879
f 5887 5888 5889
f 5887 5889 5890
f 5887 5890 5891
f 5887 5891 5892
f 5887 5892 5558
f 5887 5558 5554
f 5886 5893 5883
f 5883 5893 5888
f 5883 5888 5887
f 5556 5894 5554
f 5554 5894 5887
f 5894 5884 5887
f 5887 5884 5883
f 5895 5896 5897
f 5897 5896 5898
f 5896 5899 5898
f 5898 5899 5900
f 5901 5902 5895
f 5895 5902 5896
f 5902 5903 5896
f 5896 5903 5899
f 5895 5897 5904
f 5904 5897 5905
f 5904 5905 5906
f 5907 5908 5906
f 5906 5908 5904
f 5901 5895 5909
f 5909 5895 5904
f 5909 5904 5910
f 5910 5904 5908
f 5911 5813 5912
f 5912 5813 5812
f 5912 5812 5913
f 5913 5812 5811
f 5914 5911 5915
f 5915 5911 5912
f 5915 5912 5916
f 5916 5912 5913
f 5917 5918 5919
f 5920 5921 5922
f 5919 5918 5923
f 5924 5925 5926
f 5927 5928 5929
f 5930 5931 5932
f 5930 5932 5933
f 5930 5933 5934
f 5930 5934 5920
f 5930 5920 5922
f 5930 5922 5935
f 5935 5926 5925
f 5935 5925 5936
f 5935 5936 5937
f 5935 5937 5938
f 5935 5938 5917
f 5935 5917 5919
f 5930 5935 5919
f 5930 5919 5923
f 5930 5923 5939
f 5930 5939 5928
f 5930 5928 5927
f 5940 5941 5942
f 5940 5942 5943
f 5940 5943 5926
f 5940 5926 5935
f 5940 5935 5922
f 5940 5922 5921
f 5944 5945 5946
f 5947 5946 5945
f 5948 5946 5947
f 5949 5950 5951
f 5947 5951 5950
f 5952 5951 5947
f 5953 5954 5955
f 5955 5954 5900
f 5955 5900 5899
f 5955 5947 5953
f 5953 5947 5945
f 5956 5955 5957
f 5957 5955 5899
f 5957 5899 5903
f 5956 5952 5955
f 5955 5952 5947
f 5958 5959 5960
f 5961 5962 5963
f 5964 5963 5962
f 5965 5966 5967
f 5968 5967 5966
f 5969 5967 5968
f 5964 5962 5970
f 5971 5970 5962
f 5962 5960 5959
f 5961 5960 5962
f 5962 5966 5965
f 5962 5965 5971
f 5972 5966 5962
f 5972 5962 5973
f 5972 5973 5974
f 5972 5974 5975
f 5972 5975 5976
f 5972 5976 5977
f 5972 5978 5966
f 5966 5978 5979
f 5966 5979 5968
f 5816 5980 5981
f 5816 5982 5804
f 5982 5816 5981
f 5980 5816 5817
f 5550 5560 5983
f 5560 5561 5983
f 5983 5561 5984
f 5983 5984 5985
f 5985 5984 5986
f 5987 5988 5982
f 5982 5988 5989
f 5982 5989 5804
f 5804 5989 5805
f 5551 5550 5990
f 5990 5550 5983
f 5990 5983 5991
f 5991 5983 5985
f 5992 5987 5981
f 5981 5987 5982
f 5468 5993 5474
f 5993 5468 5994
f 5994 5468 5470
f 5995 5996 5997
f 5996 5995 5994
f 5994 5995 5998
f 5491 5996 5470
f 5470 5996 5994
f 5994 5998 5993
f 5993 5998 5999
f 6000 6001 6002
f 6001 6000 6003
f 6003 6000 6004
f 6001 5452 5453
f 6001 5453 6005
f 5445 6005 5453
f 6002 6001 6006
f 6006 6001 6005
f 5452 6001 5450
f 5450 6001 6003
f 5809 5814 6007
f 6007 5814 6008
f 6007 6008 6009
f 6009 6008 6010
f 6011 5802 6007
f 6007 5802 5810
f 6007 5810 5809
f 6009 6012 6007
f 6007 6012 6011
f 6013 6014 6015
f 6016 6017 6018
f 6019 6020 6021
f 6022 6021 6020
f 6023 6024 6025
f 6023 6025 6026
f 6023 6026 6027
f 6023 6027 6028
f 6023 6028 6029
f 6023 6029 6018
f 6023 6018 6017
f 6023 6013 6015
f 6023 6015 6030
f 6023 6030 6031
f 6023 6031 6032
f 6023 6032 6033
f 6023 6033 6024
f 6015 6014 6034
f 6034 6014 6035
f 6034 6035 6036
f 6036 6035 6037
f 6036 6037 6038
f 6036 6038 6039
f 6039 6038 6040
f 6039 6040 6041
f 6041 6040 6020
f 6041 6020 6042
f 6042 6020 6019
f 6043 6044 6045
f 6043 6045 5694
f 6043 5694 5696
f 6043 5696 5712
f 6044 6046 6045
f 6045 6046 6047
f 6048 6049 6047
f 6047 6049 6045
f 6049 5616 6045
f 6045 5616 5694
f 6050 6051 6052
f 6053 6051 6050
f 6050 6054 6055
f 6050 6055 6056
f 6050 6056 6057
f 6050 6057 6058
f 6050 6058 6059
f 6050 6059 6060
f 6050 6060 6053
f 6052 6061 6050
f 6050 6061 6062
f 6050 6062 6063
f 6063 6064 6050
f 6050 6064 6065
f 6050 6065 6066
f 6067 6068 6066
f 6066 6068 6054
f 6066 6054 6050
f 6069 6070 6071
f 6070 6069 6072
f 6072 6069 6073
f 6074 6075 6076
f 6075 6074 6077
f 6077 6074 6078
f 6079 6080 6081
f 6080 6079 6082
f 6083 6081 6080
f 6081 6083 6084
f 6085 6075 6077
f 6075 6085 6086
f 6086 6085 6087
f 6080 6082 6088
f 6071 6070 6089
f 6071 6089 6090
f 6091 6076 6092
f 6092 6076 6075
f 6081 6084 6093
f 6081 6093 6094
f 6086 6087 6090
f 6090 6087 6095
f 6090 6095 6071
f 6094 6093 6096
f 6096 6093 6097
f 6096 6097 6098
f 6096 6098 6072
f 6072 6098 6070
f 6099 6100 6101
f 6099 6101 6102
f 6101 6100 6103
f 6101 6103 6104
f 6101 6104 6105
f 6101 6105 6106
f 6101 6106 6107
f 6101 6107 6108
f 6101 6108 6109
f 6110 6111 6112
f 6112 6111 6102
f 6112 6102 6101
f 6109 6113 6101
f 6101 6113 6114
f 6101 6114 6115
f 6116 6117 6115
f 6115 6117 6112
f 6115 6112 6101
f 6115 6114 6118
f 6118 6114 6119
f 6118 6119 6120
f 6120 6119 6121
f 6122 6123 6124
f 6124 6123 6125
f 6124 6125 6126
f 6126 6125 6127
f 6116 6115 6128
f 6128 6115 6118
f 6128 6118 6129
f 6129 6118 6120
f 6130 6122 6131
f 6131 6122 6124
f 6131 6124 6132
f 6132 6124 6126
f 6133 6134 6135
f 6135 6134 6136
f 6135 6136 6137
f 6134 6133 6138
f 6138 6133 6139
f 6138 6139 6140
f 6141 6142 6143
f 6143 6142 6140
f 6143 6140 6139
f 6143 6144 6141
f 6141 6144 6145
f 6146 6147 6148
f 6148 6147 6149
f 6133 6135 6150
f 6150 6135 6137
f 6150 6137 6151
f 6150 6152 6133
f 6133 6152 6153
f 6133 6153 6139
f 6154 6143 6155
f 6155 6143 6139
f 6155 6139 6153
f 6154 6156 6143
f 6143 6156 6144
f 6157 6158 6146
f 6146 6158 6147
f 6159 5692 5690
f 6160 6132 6161
f 6161 6132 6126
f 6161 6126 6127
f 6159 6161 6162
f 6162 6161 6127
f 6159 6163 6161
f 6161 6163 6164
f 6161 6164 6165
f 6165 6164 6166
f 6165 6166 6167
f 6159 6162 5692
f 5692 6162 6168
f 5692 6168 5736
f 5690 5663 6159
f 6159 5663 6169
f 6159 6169 6163
f 6166 6164 6170
f 6170 6164 6171
f 6170 6171 6172
f 6172 6171 6173
f 6174 6175 6176
f 6176 6175 6177
f 6176 6177 6066
f 6066 6177 6067
f 6167 6166 6178
f 6178 6166 6170
f 6178 6170 6179
f 6179 6170 6172
f 6180 6174 6181
f 6181 6174 6176
f 6181 6176 6065
f 6065 6176 6066
f 6182 6183 6184
f 6183 6182 6185
f 6185 6182 6186
f 6187 6188 6189
f 6188 6187 6190
f 6191 6192 6193
f 6192 6191 6194
f 6194 6191 6195
f 6196 6197 6198
f 6197 6196 6199
f 6200 6193 6192
f 6193 6200 6188
f 6201 6197 6199
f 6197 6201 6202
f 6202 6201 6203
f 6204 6185 6186
f 6205 6206 6190
f 6190 6206 6207
f 6202 6203 6208
f 6209 6208 6203
f 6209 6203 6210
f 6204 6186 6195
f 6195 6186 6194
f 6207 6193 6190
f 6190 6193 6188
f 6210 6203 6185
f 6185 6203 6183
f 6211 6212 6213
f 6214 6211 6215
f 6212 6211 6214
f 6211 6216 6217
f 6216 6211 6218
f 6211 6217 6219
f 6220 6221 6222
f 6211 6213 6223
f 6211 6223 6224
f 6211 6225 6215
f 6226 6227 6224
f 6224 6227 6228
f 6224 6228 6229
f 6229 6228 6230
f 6224 6229 6211
f 6211 6229 6218
f 6231 6226 6232
f 6232 6226 6224
f 6232 6224 6233
f 6233 6224 6223
f 6234 6235 6236
f 6235 6234 6237
f 6238 6239 6240
f 6239 6238 6241
f 6241 6238 6242
f 6243 6244 6245
f 6244 6243 6246
f 6247 6236 6248
f 6236 6247 6244
f 6249 6250 6251
f 6250 6249 6252
f 6252 6249 6253
f 6236 6244 6246
f 6236 6246 6254
f 6236 6235 6255
f 6236 6255 6256
f 6236 6256 6257
f 6236 6257 6248
f 6245 6244 6258
f 6245 6258 6259
f 6245 6259 6251
f 6245 6251 6260
f 6251 6250 6260
f 6261 6262 6263
f 6263 6262 6264
f 6263 6264 6265
f 6265 6264 6266
f 6265 6266 6267
f 6267 6266 6268
f 6267 6268 6237
f 6237 6268 6235
f 6269 6270 6271
f 6271 6270 6272
f 6271 6272 6273
f 6273 6272 6239
f 6239 6272 6240
f 6241 6242 6253
f 6253 6242 6252
f 6274 6275 6276
f 6276 6275 6277
f 6276 6277 6278
f 6278 6277 6279
f 6277 6275 6137
f 6137 6275 6280
f 6137 6280 6151
f 6137 6136 6277
f 6277 6136 6281
f 6277 6281 6279
f 6282 6283 6284
f 6284 6283 6285
f 6284 6285 6286
f 6287 6282 6284
f 6282 6287 6288
f 6288 6287 6289
f 6288 6289 6290
f 6290 6289 6276
f 6290 6276 6278
f 6291 6284 6292
f 6292 6284 6286
f 6292 6286 6293
f 6294 6284 6291
f 6284 6294 6287
f 6287 6294 6295
f 6287 6295 6289
f 6289 6295 6274
f 6289 6274 6276
f 6286 6285 6296
f 6296 6285 6297
f 6296 6297 6161
f 6161 6297 6160
f 6293 6286 6298
f 6298 6286 6296
f 6298 6296 6165
f 6165 6296 6161
f 5499 6299 5501
f 5501 6299 6300
f 5500 5567 5499
f 5499 5567 6299
f 6299 5544 6300
f 6300 5544 5545
f 5567 5543 6299
f 6299 5543 5544
f 5521 5545 5519
f 5545 5521 5534
f 5501 6300 6301
f 5501 6301 5504
f 5501 5504 5506
f 5501 5506 5515
f 6301 6211 5504
f 5504 6211 6219
f 5504 6219 6302
f 6211 6301 6225
f 6225 6301 5534
f 6225 5534 6303
f 6301 6300 5534
f 5534 6300 5545
f 6304 6305 6306
f 6307 6306 6305
f 6307 6305 6308
f 6309 6305 6304
f 6309 6304 6310
f 6309 6310 6254
f 6309 6254 6246
f 6309 6246 6243
f 6311 5995 5997
f 6311 5997 6312
f 6311 6312 6313
f 6311 6313 6314
f 6311 6314 6315
f 6243 6245 6309
f 6309 6245 6316
f 6309 6316 6317
f 6309 6317 6305
f 6305 6317 6318
f 6305 6318 6319
f 6315 6320 6311
f 6311 6320 6321
f 6311 6321 6322
f 6323 6324 6325
f 5995 6311 5998
f 5998 6311 6322
f 5998 6322 5999
f 6326 6314 6313
f 5996 6312 5997
f 6312 5996 6327
f 6327 5996 5491
f 6314 6326 6328
f 6328 6326 6329
f 6312 6327 6313
f 6330 6326 6327
f 6327 6326 6313
f 6331 6332 6333
f 6333 6332 6334
f 6333 6334 6111
f 6111 6334 6102
f 6335 6331 6336
f 6336 6331 6333
f 6336 6333 6337
f 6111 6110 6333
f 6333 6110 6338
f 6333 6338 6337
f 6339 6340 6341
f 6340 6339 6342
f 6342 6339 6343
f 6006 6341 6002
f 6344 6345 6346
f 6344 6346 6347
f 6344 6347 6348
f 6344 6348 6349
f 6344 6349 6350
f 6341 6340 6002
f 6002 6340 6000
f 6346 6345 6351
f 6351 6345 6352
f 6342 6353 6340
f 6340 6353 6354
f 6340 6354 6355
f 6004 6000 6355
f 6355 6000 6340
f 6356 6352 6357
f 6357 6352 6345
f 6357 6345 6358
f 6358 6345 6344
f 6359 6360 6361
f 6362 6361 6360
f 6363 6364 6365
f 6356 6365 6364
f 6366 6367 6368
f 6369 6368 6367
f 6370 6368 6369
f 6371 6359 6372
f 6373 6372 6359
f 6374 6356 6375
f 6376 6375 6356
f 6359 6351 6352
f 6359 6352 6373
f 6356 6364 6376
f 6359 6371 6377
f 6359 6377 6378
f 6359 6378 6379
f 6359 6379 6360
f 6356 6374 6380
f 6356 6380 6381
f 6356 6381 6373
f 6356 6373 6352
f 6366 6382 6367
f 6367 6382 6383
f 6384 6385 6386
f 6386 6385 6387
f 6386 6387 6388
f 6385 6384 6389
f 6389 6384 6390
f 6389 6390 6391
f 6391 6390 6362
f 6391 6362 6360
f 6363 6370 6364
f 6364 6370 6369
f 6392 6353 6393
f 6353 6392 6354
f 6392 6393 6394
f 6355 6354 6395
f 6355 6395 5450
f 6355 5450 6003
f 6355 6003 6004
f 6396 6397 6398
f 6398 6397 6399
f 6398 6399 6400
f 6062 6061 6401
f 6401 6061 6398
f 6401 6398 6400
f 6354 6392 6395
f 6395 6392 6402
f 6403 6396 6404
f 6404 6396 6398
f 6404 6398 6052
f 6052 6398 6061
f 6405 6406 6407
f 6406 6405 6226
f 6226 6405 6227
f 6046 6407 6047
f 6047 6407 6406
f 6047 6406 6048
f 6048 6406 6408
f 6226 6231 6406
f 6406 6231 6409
f 6406 6409 6408
f 6410 6411 6412
f 6413 6410 6412
f 5529 5522 6414
f 5444 6411 5522
f 5522 6411 6410
f 5522 6410 6414
f 5503 6415 5502
f 6416 6417 6418
f 6419 6418 6417
f 5502 6415 5489
f 5489 6415 6417
f 5489 6417 6416
f 6412 6411 6420
f 6051 6053 6421
f 5444 6420 6411
f 6051 6404 6052
f 6404 6421 6403
f 6404 6051 6421
f 6060 6421 6053
f 6402 6422 6395
f 6423 6424 6425
f 6426 6423 6425
f 6427 6428 6429
f 6413 6412 6430
f 6413 6430 6428
f 6413 6428 6427
f 6431 6432 5457
f 6431 5457 5456
f 6431 5456 5451
f 6431 5451 5450
f 6431 5450 6395
f 6431 6395 6422
f 6403 6421 6433
f 6433 6421 6060
f 6434 6435 6436
f 5444 5443 6420
f 6420 5443 5454
f 6420 5454 6437
f 6428 6430 6424
f 6424 6430 6438
f 6424 6438 6425
f 6402 6434 6422
f 6422 6434 6436
f 6422 6436 6439
f 6412 6420 6430
f 6430 6420 6437
f 6430 6437 6438
f 6439 6432 6431
f 6439 6431 6422
f 5486 6440 5485
f 6441 5485 6440
f 5490 5485 6441
f 6103 6100 6442
f 6441 6327 5491
f 6418 6443 6444
f 6444 6416 6418
f 6327 6445 6330
f 6442 6099 6334
f 6332 6442 6334
f 6099 6442 6100
f 6446 6103 6442
f 6334 6099 6102
f 6447 6448 6449
f 6450 6451 6452
f 6453 6450 6452
f 6454 6455 6456
f 6446 6442 6332
f 6419 6448 6447
f 6419 6447 6443
f 6419 6443 6418
f 5487 5488 6457
f 6457 5488 6444
f 5488 5489 6444
f 6444 5489 6416
f 5491 5490 6441
f 6327 6441 6445
f 6445 6441 6440
f 6445 6440 6458
f 6459 6457 6444
f 6459 6444 6443
f 6447 6451 6443
f 6443 6451 6450
f 6443 6450 6459
f 6330 6445 6456
f 6456 6445 6458
f 6456 6458 6454
f 6460 6461 6462
f 6463 6464 6465
f 6460 6466 6467
f 6468 6469 6462
f 6470 6467 6469
f 6470 6468 6460
f 6461 6460 6468
f 6466 6460 6462
f 6471 6463 6465
f 6470 6460 6467
f 6461 6468 6462
f 6468 6470 6469
f 6472 6473 6474
f 6473 6472 6475
f 6475 6472 6476
f 6477 6473 6478
f 6473 6477 6479
f 6480 6473 6481
f 6473 6480 6474
f 6474 6480 6482
f 6483 6484 6485
f 6484 6483 6486
f 6486 6483 6487
f 6488 6489 6475
f 6490 6491 6492
f 6491 6490 6493
f 6494 6495 6496
f 6497 6498 6499
f 6484 6486 6500
f 6473 6479 6486
f 6475 6489 6501
f 6475 6501 6502
f 6475 6502 6473
f 6503 6499 6498
f 6503 6498 6504
f 6503 6504 6505
f 6503 6505 6495
f 6503 6495 6494
f 6473 6502 6506
f 6473 6506 6507
f 6473 6507 6478
f 6481 6473 6487
f 6487 6473 6486
f 6479 6498 6486
f 6486 6498 6497
f 6486 6497 6500
f 6476 6508 6475
f 6475 6508 6509
f 6475 6509 6491
f 6491 6509 6492
f 6510 6511 6512
f 6511 6510 6513
f 6514 6515 6513
f 6516 6517 6518
f 6519 6512 6511
f 6520 6521 6522
f 6520 6522 6523
f 6520 6523 6512
f 6520 6512 6519
f 6513 6515 6524
f 6513 6524 6525
f 6513 6525 6526
f 6513 6526 6527
f 6513 6527 6528
f 6513 6528 6511
f 6529 6530 6531
f 6531 6530 6532
f 6518 6533 6516
f 6534 6535 6536
f 6536 6535 6537
f 6534 6538 6535
f 6535 6538 6539
f 6535 6539 6540
f 6540 6539 6541
f 6540 6541 6542
f 6543 6534 6544
f 6544 6534 6536
f 6543 6545 6534
f 6546 6547 6548
f 6549 6547 6546
f 6550 6551 6552
f 6552 6551 6553
f 6551 6554 6555
f 6556 6555 6554
f 6557 6553 6558
f 6557 6558 6559
f 6557 6559 6548
f 6534 6545 6538
f 6551 6560 6561
f 6551 6561 6562
f 6551 6562 6558
f 6551 6558 6553
f 6551 6550 6563
f 6551 6563 6564
f 6551 6564 6565
f 6551 6565 6554
f 6566 6567 6568
f 6569 6568 6567
f 6570 6568 6569
f 6571 6568 6570
f 6572 6570 6569
f 6569 6573 6572
f 6572 6573 6574
f 6573 6575 6574
f 6574 6575 6576
f 6576 6575 6577
f 6577 6575 6578
f 6568 6571 6579
f 6579 6571 6580
f 6579 6580 6581
f 6581 6580 6582
f 6583 6584 6585
f 6585 6584 6586
f 6585 6586 6587
f 6587 6586 6588
f 6566 6568 6589
f 6589 6568 6579
f 6589 6579 6590
f 6590 6579 6581
f 6591 6583 6592
f 6592 6583 6585
f 6592 6585 6593
f 6593 6585 6587
f 6593 6587 6594
f 6595 6594 6587
f 6596 6597 6598
f 6598 6597 6599
f 6600 6595 6588
f 6588 6595 6587
f 6600 6601 6595
f 6595 6601 6602
f 6601 6598 6602
f 6602 6598 6599
f 6603 6604 6605
f 6606 6607 6608
f 6606 6608 6609
f 6606 6609 6610
f 6606 6610 6611
f 6606 6611 6612
f 6613 6614 6615
f 6615 6614 6616
f 6615 6616 6617
f 6617 6616 6618
f 6619 6620 6621
f 6612 6611 6613
f 6613 6611 6614
f 6622 6608 6604
f 6604 6608 6607
f 6604 6607 6605
f 6623 6624 6617
f 6623 6617 6618
f 6623 6618 6625
f 6626 6627 6628
f 6626 6628 6629
f 6626 6629 6630
f 6626 6630 6631
f 6626 6631 6632
f 6626 6632 6633
f 6634 6635 6636
f 6636 6635 6637
f 6636 6637 6627
f 6627 6637 6628
f 6638 6639 6627
f 6627 6639 6640
f 6627 6640 6636
f 6627 6626 6638
f 6638 6626 6641
f 6638 6641 6642
f 6643 6644 6645
f 6644 6643 6646
f 6647 6648 6649
f 6648 6647 6650
f 6651 6652 6653
f 6648 6654 6649
f 6650 6655 6656
f 6650 6656 6657
f 6650 6657 6658
f 6650 6658 6648
f 6644 6659 6660
f 6644 6660 6661
f 6644 6661 6656
f 6644 6656 6655
f 6646 6662 6663
f 6646 6663 6664
f 6646 6664 6665
f 6646 6665 6666
f 6646 6666 6659
f 6646 6659 6644
f 6667 6644 6668
f 6668 6644 6653
f 6668 6653 6669
f 6669 6653 6652
f 6653 6644 6670
f 6670 6644 6655
f 6670 6655 6671
f 6671 6655 6650
f 6645 6644 6667
f 6663 6672 6664
f 6664 6672 6673
f 6664 6673 6674
f 6649 6654 6674
f 6674 6654 6675
f 6674 6675 6664
f 6676 6677 6678
f 6678 6677 6679
f 6678 6679 6680
f 6681 6682 6683
f 6683 6682 6684
f 6683 6684 6685
f 6682 6681 6686
f 6686 6681 6687
f 6686 6687 6688
f 6689 6690 6691
f 6691 6690 6692
f 6688 6693 6686
f 6694 6676 6695
f 6695 6676 6678
f 6695 6678 6696
f 6696 6678 6680
f 6697 6684 6698
f 6698 6684 6682
f 6698 6682 6699
f 6699 6682 6686
f 6699 6686 6700
f 6700 6686 6701
f 6701 6686 6693
f 6702 6692 6703
f 6703 6692 6690
f 6690 6689 6704
f 6704 6689 6705
f 6704 6705 6706
f 6707 6708 6709
f 6709 6708 6710
f 6709 6710 6711
f 6708 6707 6712
f 6712 6707 6713
f 6712 6713 6714
f 6677 6676 6715
f 6715 6676 6716
f 6714 6717 6712
f 6703 6690 6718
f 6718 6690 6704
f 6719 6720 6721
f 6722 6704 6706
f 6723 6710 6724
f 6724 6710 6708
f 6724 6708 6725
f 6725 6708 6712
f 6725 6712 6726
f 6727 6728 6729
f 6730 6712 6717
f 6731 6716 6694
f 6694 6716 6676
f 6732 6733 6734
f 6732 6734 6735
f 6732 6735 6736
f 6737 6738 6739
f 6739 6738 6736
f 6739 6736 6735
f 6738 6740 6736
f 6736 6740 6741
f 6736 6741 6742
f 6736 6742 6732
f 6732 6742 6743
f 6732 6743 6744
f 6745 6746 6747
f 6748 6749 6750
f 6745 6751 6746
f 6746 6751 6752
f 6746 6752 6753
f 6754 6755 6756
f 6756 6755 6757
f 6756 6757 6758
f 6759 6760 6750
f 6750 6760 6758
f 6750 6758 6757
f 6750 6749 6759
f 6761 6762 6763
f 6761 6763 6764
f 6747 6746 6765
f 6765 6746 6753
f 6765 6753 6766
f 6767 6768 6755
f 6755 6768 6769
f 6755 6769 6757
f 6748 6750 6770
f 6770 6750 6757
f 6770 6757 6769
f 6771 6772 6773
f 6773 6772 6764
f 6773 6764 6763
f 6774 6775 6776
f 6776 6775 6777
f 6776 6777 6778
f 6779 6780 6781
f 6781 6780 6778
f 6781 6778 6777
f 6781 6782 6779
f 6783 6784 6753
f 6783 6753 6752
f 6771 6773 6785
f 6785 6773 6763
f 6785 6763 6786
f 6787 6788 6775
f 6775 6788 6789
f 6775 6789 6777
f 6790 6781 6791
f 6791 6781 6777
f 6791 6777 6789
f 6781 6790 6782
f 6784 6792 6766
f 6784 6766 6753
f 6793 6794 6795
f 6795 6794 6796
f 6795 6796 6797
f 6797 6796 6798
f 6794 6799 6796
f 6796 6799 6800
f 6796 6800 6798
f 6798 6800 6801
f 6614 6802 6616
f 6802 6614 6803
f 6803 6614 6611
f 6803 6611 6804
f 6804 6611 6610
f 6805 6802 6806
f 6806 6802 6803
f 6806 6803 6807
f 6807 6803 6804
f 6808 6809 6810
f 6809 6808 6811
f 6811 6808 6812
f 6813 6814 6815
f 6814 6813 6809
f 6809 6813 6816
f 6817 6809 6816
f 6809 6817 6810
f 6810 6817 6818
f 6819 6809 6811
f 6819 6811 6820
f 6819 6820 6821
f 6819 6821 6822
f 6819 6822 6823
f 6819 6823 6824
f 6819 6824 6825
f 6814 6809 6826
f 6826 6809 6819
f 6826 6819 6827
f 6828 6829 6830
f 6831 6830 6829
f 6832 6830 6831
f 6833 6829 6834
f 6834 6829 6835
f 6829 6828 6835
f 6835 6828 6836
f 6833 6837 6829
f 6829 6837 6838
f 6829 6838 6831
f 6619 6839 6840
f 6839 6619 6621
f 6841 6620 6619
f 6842 6843 6844
f 6845 6846 6847
f 6846 6845 6848
f 6849 6850 6851
f 6852 6841 6619
f 6842 6844 6849
f 6843 6842 6853
f 6853 6842 6854
f 6855 6856 6857
f 6635 6858 6637
f 6850 6849 6620
f 6859 6860 6861
f 6859 6861 6862
f 6862 6861 6863
f 6846 6848 6862
f 6862 6848 6864
f 6862 6864 6859
f 6857 6856 6846
f 6846 6856 6847
f 6857 6839 6855
f 6855 6839 6621
f 6855 6621 6865
f 6854 6866 6853
f 6849 6844 6867
f 6865 6621 6867
f 6867 6621 6849
f 6849 6621 6620
f 6624 6868 6869
f 6868 6624 6623
f 6870 6623 6625
f 6623 6870 6868
f 6868 6870 6871
f 6635 6634 6872
f 6872 6634 6873
f 6872 6873 6874
f 6874 6873 6875
f 6876 6877 6878
f 6878 6877 6879
f 6878 6879 6880
f 6880 6879 6881
f 6880 6881 6868
f 6868 6881 6869
f 6858 6635 6882
f 6882 6635 6872
f 6882 6872 6883
f 6883 6872 6874
f 6884 6876 6885
f 6885 6876 6878
f 6885 6878 6886
f 6886 6878 6880
f 6886 6880 6871
f 6871 6880 6868
f 6887 6888 6889
f 6536 6889 6888
f 6537 6889 6536
f 6890 6891 6888
f 6888 6891 6544
f 6888 6544 6536
f 6890 6888 6892
f 6892 6888 6893
f 6888 6887 6893
f 6893 6887 6894
f 6895 6896 6897
f 6898 6897 6896
f 6899 6897 6898
f 6488 6475 6898
f 6898 6475 6491
f 6898 6491 6900
f 6494 6488 6896
f 6896 6488 6898
f 6901 6902 6900
f 6900 6902 6899
f 6900 6899 6898
f 6903 6904 6905
f 6904 6903 6604
f 6604 6903 6622
f 6906 6904 6907
f 6904 6906 6908
f 6908 6909 6910
f 6908 6910 6904
f 6632 6631 6911
f 6911 6631 6912
f 6911 6912 6913
f 6913 6912 6914
f 6915 6916 6917
f 6917 6916 6918
f 6917 6918 6910
f 6910 6918 6919
f 6910 6919 6904
f 6904 6919 6905
f 6633 6632 6920
f 6920 6632 6911
f 6920 6911 6921
f 6921 6911 6913
f 6922 6915 6923
f 6923 6915 6917
f 6923 6917 6924
f 6910 6909 6917
f 6917 6909 6924
f 6603 6907 6604
f 6604 6907 6904
f 6925 6926 6927
f 6927 6926 6928
f 6929 6930 6931
f 6931 6930 6926
f 6931 6926 6925
f 6932 6928 6933
f 6933 6928 6926
f 6933 6926 6934
f 6934 6926 6930
f 6935 6936 6937
f 6929 6938 6930
f 6934 6930 6938
f 6934 6938 6937
f 6934 6937 6936
f 6934 6936 6939
f 6940 6936 6935
f 6940 6935 6941
f 6940 6941 6942
f 6940 6942 6943
f 6574 6576 6944
f 6944 6576 6945
f 6944 6945 6946
f 6946 6945 6947
f 6948 6940 6943
f 6939 6936 6949
f 6949 6936 6940
f 6950 6947 6951
f 6951 6947 6945
f 6951 6945 6577
f 6577 6945 6576
f 6952 6953 6954
f 6952 6954 6955
f 6956 6955 6957
f 6958 6959 6960
f 6960 6959 6961
f 6960 6961 6962
f 6962 6961 6963
f 6962 6963 6964
f 6965 6966 6952
f 6967 6968 6969
f 6970 6971 6972
f 6973 6958 6974
f 6974 6958 6960
f 6974 6960 6975
f 6975 6960 6962
f 6976 6965 6956
f 6956 6965 6952
f 6956 6952 6955
f 6932 6956 6928
f 6928 6956 6957
f 6928 6957 6927
f 6977 6978 6979
f 6978 6977 6980
f 6981 6982 6983
f 6984 6985 6986
f 6985 6984 6987
f 6988 6989 6990
f 6989 6988 6991
f 6992 6993 6994
f 6995 6994 6978
f 6994 6995 6992
f 6993 6992 6996
f 6982 6981 6997
f 6978 6980 6998
f 6978 6998 6999
f 6985 6987 7000
f 6985 7000 6996
f 6985 6996 6992
f 6989 6991 7001
f 6985 6989 7001
f 6985 7001 6986
f 6978 6994 6979
f 6989 7002 6990
f 6998 6997 6981
f 6998 6981 7003
f 6998 7003 6999
f 7004 7005 7006
f 7007 7008 7009
f 7010 7007 7011
f 7012 7011 7007
f 7013 7011 7012
f 7014 7015 7016
f 7017 7018 7019
f 7020 7021 7022
f 7020 7022 7023
f 7020 7023 7024
f 7020 7024 7025
f 7020 7025 7026
f 7027 7028 7029
f 7027 7029 7030
f 7027 7030 7031
f 7027 7031 7032
f 7027 7032 7033
f 7027 7033 7034
f 7027 7034 7035
f 7025 7036 7026
f 7026 7036 7037
f 7026 7037 7038
f 7016 7015 7039
f 7039 7015 7040
f 7039 7040 7041
f 7029 7028 7036
f 7036 7028 7042
f 7036 7042 7037
f 7010 7008 7007
f 7043 7013 7012
f 7017 6959 7044
f 7044 6959 6958
f 7018 7017 7044
f 7045 7044 7046
f 7046 7044 6958
f 7046 6958 6973
f 7018 7044 7047
f 7047 7044 7045
f 6598 6601 7048
f 7048 6601 7049
f 7048 7049 7050
f 7050 7049 7051
f 7052 7053 7054
f 7054 7053 7055
f 7054 7055 7018
f 7018 7055 7019
f 6596 6598 7056
f 7056 6598 7048
f 7056 7048 7057
f 7057 7048 7050
f 7058 7052 7059
f 7059 7052 7054
f 7059 7054 7047
f 7047 7054 7018
f 7060 6989 7061
f 7061 6989 6985
f 7062 7063 7061
f 7061 7063 7060
f 7060 7064 6989
f 6989 7064 7002
f 7064 7060 7065
f 7065 7060 7063
f 7065 7063 7066
f 7067 7068 7069
f 7068 7067 7070
f 7068 7070 7071
f 7068 7071 7072
f 7068 7073 7074
f 7068 7074 7069
f 7075 7076 7077
f 7075 7077 7078
f 7075 7078 7079
f 7075 7079 7073
f 7075 7073 7068
f 7080 7081 7068
f 7080 7068 7072
f 7080 7072 7082
f 7080 7082 7083
f 7080 7083 7084
f 7075 7068 7081
f 7075 7081 7085
f 7075 7085 7086
f 7075 7086 7087
f 7075 7087 7088
f 7089 7090 7091
f 7090 7089 7092
f 7092 7089 7093
f 7094 7095 7092
f 7096 7097 7098
f 7098 7097 7099
f 7098 7099 7100
f 7101 7102 7100
f 7100 7102 7098
f 7092 7093 7094
f 7103 7096 7104
f 7104 7096 7098
f 7104 7098 7105
f 7105 7098 7102
f 7106 7090 7107
f 7107 7090 7092
f 7107 7092 7108
f 7108 7092 7095
f 7108 7095 7109
f 7110 7111 7112
f 7113 7114 7115
f 7116 7117 7118
f 7119 7120 7121
f 7121 7120 7122
f 7121 7122 7123
f 7124 7125 7126
f 7111 7127 7128
f 7111 7128 7129
f 7130 7115 7131
f 7131 7115 7114
f 7131 7114 7132
f 7133 7134 7135
f 7135 7134 7117
f 7135 7117 7136
f 7136 7117 7116
f 7136 7116 7137
f 7115 7130 7138
f 7138 7130 7139
f 7122 7120 7139
f 7139 7120 7138
f 7140 7141 7135
f 7135 7141 7133
f 7004 7006 7142
f 7142 7006 7143
f 7144 7145 7146
f 7004 7147 7148
f 7149 7004 7148
f 7150 7151 7152
f 7109 7153 7108
f 7154 7153 7109
f 7154 7109 7005
f 7154 7005 7155
f 7004 7156 7157
f 7004 7157 7158
f 7004 7158 7159
f 7004 7159 7147
f 7156 7160 7157
f 7157 7160 7146
f 7157 7146 7145
f 7004 7149 7155
f 7155 7149 7152
f 7155 7152 7151
f 7004 7142 7156
f 7155 7005 7004
f 7096 7161 7097
f 7161 7096 7162
f 7162 7096 7103
f 7161 7162 7163
f 7161 7163 7164
f 7161 7164 7165
f 7161 7165 7166
f 7162 7103 7167
f 7162 7167 7168
f 7168 7167 7169
f 7168 7169 7170
f 7168 7118 7162
f 7162 7118 7171
f 7162 7171 7163
f 7155 7172 7154
f 7172 7155 7173
f 7173 7155 7151
f 7167 7174 7169
f 7174 7167 7175
f 7175 7167 7103
f 7173 7176 7177
f 7150 7178 7151
f 7173 7151 7178
f 7173 7178 7179
f 7173 7179 7180
f 7173 7180 7181
f 7173 7181 7182
f 7173 7182 7183
f 7173 7183 7184
f 7174 7175 7185
f 7185 7186 7174
f 7174 7186 7187
f 7176 7173 7188
f 7188 7173 7184
f 7188 7184 7189
f 7172 7173 7177
f 7170 7169 7190
f 7190 7169 7174
f 7190 7174 7191
f 7187 7192 7174
f 7174 7192 7191
f 7193 7177 7176
f 7106 7188 7189
f 7194 7195 7196
f 7153 7154 7193
f 7197 7198 7199
f 7193 7172 7177
f 7108 7153 7107
f 7107 7153 7193
f 7107 7193 7106
f 7106 7193 7176
f 7106 7176 7188
f 7105 7186 7104
f 7200 7201 7202
f 7104 7185 7175
f 7203 7204 7205
f 7205 7204 7206
f 7203 6978 7204
f 7207 7208 6549
f 7204 7209 7206
f 7206 7209 7210
f 7206 7210 7211
f 7204 6999 7209
f 7209 6999 7003
f 7209 7003 6981
f 7156 7212 7160
f 7212 7156 7142
f 7213 7214 7215
f 7215 7214 7216
f 7215 7216 7217
f 7218 7219 7142
f 7220 7221 7222
f 7223 7213 7224
f 7224 7213 7215
f 7225 7218 7143
f 7143 7218 7142
f 7213 7226 7214
f 7214 7226 7227
f 7226 7228 7227
f 7227 7228 7229
f 7223 7230 7213
f 7213 7230 7226
f 7230 7231 7226
f 7226 7231 7228
f 7232 7233 7234
f 7232 7235 7233
f 7233 7235 7236
f 7233 7236 7237
f 7238 7239 7228
f 7228 7239 7240
f 7228 7240 7229
f 7241 7235 7242
f 7242 7235 7232
f 7243 7238 7231
f 7231 7238 7228
f 7235 7244 7245
f 7235 7246 7236
f 7246 7235 7245
f 7244 7235 7241
f 7247 7246 7248
f 7249 7250 7251
f 7246 7252 7253
f 7246 7253 7248
f 7236 7246 7247
f 7236 7247 7254
f 7236 7254 7255
f 7256 7257 7255
f 7257 7236 7255
f 7236 7257 7237
f 7258 7259 7260
f 7258 7260 7261
f 7258 7261 7262
f 7258 7262 7263
f 7258 7263 7246
f 7258 7246 7245
f 7263 7251 7246
f 7246 7251 7250
f 7246 7250 7252
f 7252 7250 7264
f 7168 7170 7265
f 7265 7170 7266
f 7265 7266 7267
f 7267 7266 7268
f 7269 7270 7271
f 7271 7270 7272
f 7271 7272 7273
f 7273 7272 7274
f 7118 7168 7116
f 7116 7168 7265
f 7116 7265 7137
f 7137 7265 7267
f 7113 7269 7114
f 7114 7269 7271
f 7114 7271 7132
f 7132 7271 7273
f 7275 7276 7277
f 7276 7275 7278
f 7278 7275 7279
f 7280 7276 7281
f 7277 7276 7280
f 7282 7283 7284
f 7284 7283 7285
f 7284 7285 7286
f 7286 7166 7284
f 7284 7166 7165
f 7165 7164 7284
f 7278 7287 7276
f 7276 7287 7288
f 7276 7288 7281
f 7281 7288 7260
f 7281 7260 7259
f 7284 7289 7290
f 7262 7261 7291
f 7292 7293 7288
f 7294 7290 7289
f 7133 7295 7134
f 7295 7133 7141
f 7163 7296 7164
f 7296 7163 7295
f 7295 7163 7171
f 7263 7297 7251
f 7297 7263 7291
f 7291 7263 7262
f 7292 7297 7293
f 7297 7292 7298
f 7112 7298 7110
f 7295 7141 7299
f 7295 7299 7300
f 7297 7298 7112
f 7301 7249 7302
f 7297 7249 7251
f 7295 7171 7118
f 7295 7118 7117
f 7295 7117 7134
f 7297 7291 7293
f 7300 7294 7295
f 7295 7294 7289
f 7303 7304 7305
f 7305 7304 7306
f 7304 7307 7306
f 7306 7307 7308
f 7307 7309 7308
f 7308 7309 7310
f 7309 7311 7310
f 7310 7311 7312
f 7313 7314 7303
f 7303 7314 7304
f 7314 7315 7304
f 7304 7315 7307
f 7315 7316 7307
f 7307 7316 7309
f 7316 7317 7309
f 7309 7317 7311
f 7182 7318 7183
f 7319 7192 7320
f 7191 7192 7319
f 7270 7321 7272
f 7190 7266 7170
f 7322 7323 7324
f 7324 7323 7321
f 7323 7274 7321
f 7321 7274 7272
f 7319 7325 7191
f 7191 7325 7190
f 7325 7268 7190
f 7190 7268 7266
f 7326 7327 7328
f 7328 7327 7329
f 7328 7329 7330
f 7181 7331 7182
f 7182 7331 7332
f 7182 7332 7318
f 7322 7324 7330
f 7330 7324 7328
f 7139 7273 7122
f 7273 7139 7130
f 7333 7311 7317
f 7311 7333 7334
f 7334 7333 7335
f 7336 7334 7337
f 7334 7336 7311
f 7311 7336 7312
f 7273 7130 7131
f 7273 7131 7132
f 7273 7274 7323
f 7273 7323 7322
f 7273 7322 7330
f 7273 7330 7329
f 7273 7329 7337
f 7273 7337 7334
f 7273 7334 7335
f 7273 7335 7123
f 7273 7123 7122
f 7338 7339 7340
f 7340 7339 7341
f 7339 7342 7341
f 7341 7342 7343
f 7342 7344 7343
f 7343 7344 7345
f 7344 7303 7345
f 7345 7303 7305
f 7346 7347 7338
f 7338 7347 7339
f 7347 7348 7339
f 7339 7348 7342
f 7348 7349 7342
f 7342 7349 7344
f 7349 7313 7344
f 7344 7313 7303
f 7350 7250 7249
f 7250 7350 7351
f 7351 7350 7352
f 7123 7335 7353
f 7351 7352 7354
f 7355 7356 7333
f 7333 7356 7353
f 7333 7353 7335
f 7264 7250 7351
f 7357 7264 7351
f 7358 7355 7359
f 7359 7355 7333
f 7359 7333 7317
f 7253 7360 7248
f 7360 7253 7361
f 7361 7253 7252
f 7255 7362 7363
f 7254 7364 7362
f 7254 7362 7255
f 7359 7365 7358
f 7366 7367 7368
f 7247 7364 7254
f 7361 7252 7264
f 7364 7247 7360
f 7360 7247 7248
f 7361 7264 7357
f 7359 7317 7365
f 7365 7317 7316
f 7365 7316 7369
f 7369 7316 7315
f 7369 7315 7314
f 7346 7367 7347
f 7347 7367 7366
f 7347 7366 7348
f 7370 7371 7363
f 7348 7366 7349
f 7349 7366 7372
f 7349 7372 7313
f 7313 7372 7373
f 7373 7369 7313
f 7313 7369 7314
f 7374 7257 7256
f 7257 7374 7375
f 7375 7374 7376
f 7375 7376 7377
f 7378 7379 7380
f 7380 7379 7381
f 7380 7381 7382
f 7237 7257 7233
f 7233 7257 7375
f 7233 7375 7234
f 7239 7378 7240
f 7383 7384 7385
f 7240 7380 7229
f 7380 7382 7386
f 7386 7382 7387
f 7386 7387 7388
f 7388 7387 7389
f 7229 7380 7227
f 7227 7380 7386
f 7227 7386 7214
f 7214 7386 7388
f 7389 7390 7388
f 7391 7392 7393
f 7146 7160 7391
f 7391 7160 7212
f 7391 7212 7219
f 7394 7217 7388
f 7395 7396 7397
f 7388 7216 7214
f 7388 7390 7394
f 7353 7356 7398
f 7399 7400 7401
f 7301 7350 7249
f 7353 7121 7123
f 7119 7121 7398
f 7249 7297 7302
f 7402 7111 7129
f 7354 7352 7402
f 7402 7352 7350
f 7402 7350 7301
f 7403 7404 7405
f 7406 7332 7331
f 7405 7407 7406
f 7405 7178 7150
f 7179 7178 7405
f 7407 7405 7404
f 7326 7408 7327
f 7327 7408 7409
f 7327 7409 7329
f 7181 7180 7331
f 7331 7180 7406
f 7180 7179 7406
f 7406 7179 7405
f 7150 7410 7405
f 7405 7410 7403
f 7374 7256 7411
f 7411 7256 7371
f 7411 7371 7370
f 7412 7368 7413
f 7413 7368 7367
f 7413 7367 7346
f 7411 7377 7374
f 7414 7415 7416
f 7417 7412 7418
f 7418 7412 7413
f 7418 7413 7419
f 7420 7421 7422
f 7423 7424 7425
f 7422 7426 7427
f 7420 7422 7340
f 7329 7409 7337
f 7428 7404 7403
f 7428 7403 7410
f 7428 7410 7150
f 7428 7150 7152
f 7152 7149 7428
f 7428 7149 7429
f 7428 7429 7430
f 7431 7432 7336
f 7336 7432 7433
f 7336 7433 7312
f 7434 7431 7409
f 7409 7431 7336
f 7409 7336 7337
f 7435 7147 7159
f 7436 7437 7420
f 7343 7436 7341
f 7436 7343 7438
f 7438 7343 7345
f 7308 7439 7306
f 7439 7308 7440
f 7440 7308 7310
f 7148 7435 7441
f 7159 7442 7435
f 7147 7435 7148
f 7443 7144 7444
f 7440 7433 7432
f 7158 7442 7159
f 7438 7345 7445
f 7445 7345 7305
f 7306 7439 7305
f 7305 7439 7445
f 7149 7148 7429
f 7429 7148 7441
f 7429 7441 7430
f 7442 7158 7446
f 7446 7158 7157
f 7446 7157 7443
f 7443 7157 7145
f 7443 7145 7144
f 7420 7340 7436
f 7436 7340 7341
f 7312 7433 7310
f 7310 7433 7440
f 7427 7447 7422
f 7422 7447 7448
f 7422 7448 7340
f 7340 7448 7338
f 7447 7419 7448
f 7448 7419 7413
f 7448 7413 7338
f 7338 7413 7346
f 7391 7425 7424
f 7392 7391 7424
f 7146 7393 7144
f 7144 7393 7444
f 7393 7392 7444
f 7444 7392 7424
f 7449 7450 7451
f 7420 7437 7421
f 7146 7391 7393
f 7302 7112 7402
f 7297 7112 7302
f 7452 7298 7292
f 6549 7453 7207
f 7453 6549 7454
f 6549 6546 7454
f 7289 7296 7295
f 6548 6538 6557
f 7290 7282 7284
f 7284 7164 7296
f 7296 7289 7284
f 7261 7260 7291
f 7288 7287 7292
f 7452 7292 7287
f 7293 7291 7288
f 7260 7288 7291
f 7111 7402 7112
f 7301 7302 7402
f 7204 6978 6999
f 7363 7256 7255
f 6489 6488 7455
f 6496 7455 6494
f 6494 7455 6488
f 6859 6866 6854
f 6859 6854 6860
f 6762 6786 6763
f 7363 7371 7256
f 6762 7456 6786
f 7449 7457 7450
f 7006 7040 7017
f 7006 7019 7143
f 7006 7005 7040
f 7006 7017 7019

